"1001  ","10ML B.D.SYR.Z NEEDLE         ",2401518,2028-12-31 00:00:00.000
"1002  ","10ML SYRINGE Z NEEDLE         ",2307511,2028-06-30 00:00:00.000
"1002  ","10ML SYRINGE Z NEEDLE         ",2311509,2028-10-30 00:00:00.000
"1002  ","10ML SYRINGE Z NEEDLE         ",2401512,2028-12-31 00:00:00.000
"1003  ","10ML SYRINGE Z NEEDLE         ",NULL,NULL
"1004  ","1ST AID ANTISEPTIC LIQUID     ",NULL,NULL
"1005  ","2.5/24 NIPRO SY Z NEEDLE      ",NULL,NULL
"1006  ","2/22 B.D.SYR.Z NEEDLE         ",NULL,NULL
"1007  ","2/22 EMERALD SYRINGE Z NEEDLE ",NULL,NULL
"1008  ","2/23 B.D. SYRINGE Z NEEDLE    ",NULL,NULL
"1009  ","2/23 ONEUSE SY Z NEEDLE       ",NULL,NULL
"1010  ","2/24 ADIS SYR.Z NEEDLE        ",NULL,NULL
"1011  ","2/24 B.D.SY Z NEEDLE*1        ",3311078,2028-10-30 00:00:00.000
"1011  ","2/24 B.D.SY Z NEEDLE*1        ",4067206,2029-02-28 00:00:00.000
"1012  ","2/24 B.D.SYR.Z NEEDLE         ",3279632,2026-06-30 00:00:00.000
"1012  ","2/24 B.D.SYR.Z NEEDLE         ",3311078,2028-10-30 00:00:00.000
"1012  ","2/24 B.D.SYR.Z NEEDLE         ",4012417,2028-12-31 00:00:00.000
"1012  ","2/24 B.D.SYR.Z NEEDLE         ",4033311,2029-01-30 00:00:00.000
"1012  ","2/24 B.D.SYR.Z NEEDLE         ",4067206,2029-02-28 00:00:00.000
"1012  ","2/24 B.D.SYR.Z NEEDLE         ",4093483,2029-03-31 00:00:00.000
"1013  ","2/24 GENEX SYRINGE Z NEEDLE   ",NULL,NULL
"1014  ","2/24 INFLOJECT SYR.Z NEEDLE   ",NULL,NULL
"1015  ","2/24 MEDISAFE SYRING Z NEEDLE ",NULL,NULL
"1016  ","2/24 ONEUSE SY Z NEEDLE       ",NULL,NULL
"1017  ","2/24 ONEUSE SY Z NEEDLE       ",NULL,NULL
"1018  ","2/24 OYSTER SYR Z NEEDLE      ",NULL,NULL
"1019  ","2/24 SHUKRA SYRINGE Z NEEDLE  ",NULL,NULL
"1020  ","2/26 1.1/2 SY Z NEEDLE        ",NULL,NULL
"1021  ","20ML B.D.SYR.Z NEEDLE         ",NULL,NULL
"1022  ","26*1.5 DISPOVAN NEEDLE        ",NULL,NULL
"1023  ","2ML B.D.W/O NEEDLE SYRING     ",NULL,NULL
"1024  ","2ML W/O BD SYRINGE            ",NULL,NULL
"1025  ","3/0 & 2/0 B.B.SILK THREDS     ",.,NULL
"1026  ","3/0 BLACK SILK THARED         ",.,NULL
"1027  ","3/0 BLACK SILK THREAD         ",NULL,NULL
"1028  ","3/0 BLACK SILK THREAD         ",NULL,NULL
"1029  ","3/0 BRAIDED SILK THREAD       ",NULL,NULL
"1030  ","3/0 NYLON THREAD              ",NULL,NULL
"1031  ","3/0 PERRSIL SILK THREAD       ",NULL,NULL
"1032  ","3/22 HITECH SY Z NEEDLE       ",NULL,NULL
"1033  ","3/23 ADIS SYR.Z NEELDE        ",NULL,NULL
"1034  ","3/23 GENEX SYRING Z NEEDLE    ",NULL,NULL
"1035  ","3/23 HITECH SYR.Z NEELDE      ",NULL,NULL
"1036  ","3/23 MR.INJECT SY Z NEEDLE    ",NULL,NULL
"1037  ","3/23 NIRLIFE SY Z NEEDLE      ",NULL,NULL
"1038  ","3/23 OYSTER SY Z NEEDLE       ",NULL,NULL
"1039  ","3/23 PARAS SY Z NEEDLE        ",N2070324S1,2029-02-28 00:00:00.000
"1039  ","3/23 PARAS SY Z NEEDLE        ",N2071123S1,2028-10-30 00:00:00.000
"1039  ","3/23 PARAS SY Z NEEDLE        ",N2200124S3,2028-12-31 00:00:00.000
"1040  ","3/23 PARAS SY Z NEEDLE(BS)    ",NULL,NULL
"1041  ","3/23 PARASAFE SY Z NEEDLE     ",NULL,NULL
"1042  ","3/23 PRICON SYRINGE Z NEEDLE  ",03MR112373,2026-10-30 00:00:00.000
"1043  ","3/23 SAFEWAY SY Z NEEDLE      ",NULL,NULL
"1044  ","3/23 SAFTI SY Z NEEDLE        ",NULL,NULL
"1045  ","3/23 SAFTI SY Z NEEDLE        ",NULL,NULL
"1046  ","3/23 SEPNIL SY Z NEEDLE       ",NULL,NULL
"1047  ","3/23 SRS SY Z NEEDLE (BISTER) ",NULL,NULL
"1048  ","3/23 SRS SY Z NEEDLE(RB)      ",NULL,NULL
"1049  ","3/23 VEKTOR DIP,.SY Z NEEDLE  ",NULL,NULL
"1050  ","3/23 VEKTOR DIS,.SY Z NEEDLE  ",NULL,NULL
"1051  ","3/24 ADIS SYR.Z NEEDLE        ",NULL,NULL
"1052  ","3/24 ADIS SYR.Z NEEDLE*       ",NULL,NULL
"1053  ","3/24 B.D.EMERALD SY Z NEEDLE  ",3346507,2028-11-30 00:00:00.000
"1053  ","3/24 B.D.EMERALD SY Z NEEDLE  ",3354746,2028-11-30 00:00:00.000
"1053  ","3/24 B.D.EMERALD SY Z NEEDLE  ",4022996,2028-12-30 00:00:00.000
"1053  ","3/24 B.D.EMERALD SY Z NEEDLE  ",4027692,2028-12-31 00:00:00.000
"1053  ","3/24 B.D.EMERALD SY Z NEEDLE  ",4030595,2029-01-30 00:00:00.000
"1053  ","3/24 B.D.EMERALD SY Z NEEDLE  ",4078232,2029-02-28 00:00:00.000
"1054  ","3/24 BIOSAFE SY Z NEEDLE      ",NULL,NULL
"1055  ","3/24 CADISAFE SYRING Z NEEDLE ",NULL,NULL
"1056  ","3/24 CAREWELL SY Z NEEDLE     ",NULL,NULL
"1057  ","3/24 CAREWELL SY Z NEEDLE     ",NULL,NULL
"1058  ","3/24 DISPO FINE SY Z NEEDLE   ",NULL,NULL
"1059  ","3/24 GENEX SY NEEDLE          ",NULL,NULL
"1060  ","3/24 HITECH SY Z NEEDLE       ",NULL,NULL
"1061  ","3/24 HITECH SYR.Z NEEDLE      ",NULL,NULL
"1062  ","3/24 INFLOJECT SY Z NEEDLE    ",NULL,NULL
"1063  ","3/24 LIFE INJECT SY Z NEEDLE  ",NULL,NULL
"1064  ","3/24 MAKSAFE SY.Z NEEDLE      ",NULL,NULL
"1065  ","3/24 MAXX SY.Z NEEDLE         ",NULL,NULL
"1066  ","3/24 MR.INJECT SY Z NEEDLE    ",NULL,NULL
"1067  ","3/24 NIRLIFE SY Z NEEDLE      ",NULL,NULL
"1068  ","3/24 NUSAFE SYRINGE Z NEEDLE  ",2312106,2028-11-30 00:00:00.000
"1069  ","3/24 OMINIVAN SY Z NEEDLE     ",NULL,NULL
"1070  ","3/24 ONEUSE SYRING Z NEEDLE   ",3S23M07,2028-10-30 00:00:00.000
"1071  ","3/24 OYSTER SYR.Z.NEEDLE      ",NULL,NULL
"1072  ","3/24 PARAS SY Z NEEDL (B)     ",NULL,NULL
"1073  ","3/24 PARAS SY Z NEEDLE        ",NULL,NULL
"1074  ","3/24 PARAS SY Z NEEDLE        ",H228032452,2029-02-28 00:00:00.000
"1074  ","3/24 PARAS SY Z NEEDLE        ",H2280324S2,2029-02-28 00:00:00.000
"1074  ","3/24 PARAS SY Z NEEDLE        ",N2010324S2,2029-02-28 00:00:00.000
"1074  ","3/24 PARAS SY Z NEEDLE        ",N2131123S2,2028-10-30 00:00:00.000
"1074  ","3/24 PARAS SY Z NEEDLE        ",N2181223S2,2028-11-30 00:00:00.000
"1074  ","3/24 PARAS SY Z NEEDLE        ",N2210124S2,2028-12-31 00:00:00.000
"1074  ","3/24 PARAS SY Z NEEDLE        ",N2211223S2,2028-11-30 00:00:00.000
"1074  ","3/24 PARAS SY Z NEEDLE        ",N2280124S2,2028-12-31 00:00:00.000
"1075  ","3/24 PRICON SYRINGE Z NEEDLE  ",NULL,NULL
"1076  ","3/24 SAFEPLUS SY Z NEEDLE     ",NULL,NULL
"1077  ","3/24 SAFEWAY SY Z NEEDLE      ",NULL,NULL
"1078  ","3/24 SAFTI SY Z NEEDLE        ",NULL,NULL
"1079  ","3/24 SAFTY SY Z NEEDLE        ",NULL,NULL
"1080  ","3/24 SEPNIL SY Z NEEDLE       ",NULL,NULL
"1081  ","3/24 SRS SY Z NEEDLE          ",NULL,NULL
"1082  ","3/24 SRS SY Z NEEDLE          ",NULL,NULL
"1083  ","3/24 SRS SY Z NEEDLE(R/B)     ",NULL,NULL
"1084  ","3/24 THOUCH ONE SY Z NEEDLE   ",NULL,NULL
"1085  ","3/24 VEKTOR DIP,.SY.Z NEE     ",NULL,NULL
"1086  ","3/26 0.5 PRICON SY Z NEEDLE   ",NULL,NULL
"1087  ","3/261.1/2 SY.Z NEEDLE         ",NULL,NULL
"1088  ","30 DAYS(CARBO+IRON+ZINK+B12)  ",NULL,NULL
"1089  ","30ML PACKET                   ",.,NULL
"1090  ","36 PLUS CAP                   ",NULL,NULL
"1091  ","36 PLUS CAP.                  ",NULL,NULL
"1092  ","3D GEL                        ",NULL,NULL
"1093  ","3M 5627 CL III BURGUNDY LIT   ",NULL,NULL
"1094  ","3M MICROPOR 3""                ",R07230329,NULL
"1095  ","3M MICROPORE TAPE             ",NULL,NULL
"1096  ","3M MICROPORE TAPE             ",NULL,NULL
"1097  ","3M TAPE                       ",NULL,NULL
"1098  ","4""ARISH SCISSIORS`            ",NULL,NULL
"1099  ","4""FINE SCISSOR                ",.,2025-05-31 00:00:00.000
"1100  ","4""FORCEP CURVED               ",NULL,NULL
"1101  ","4""FORCEP PLAIN                ",.,2025-05-31 00:00:00.000
"1102  ","4""FORCEP PLAIN                ",.,2025-05-31 00:00:00.000
"1103  ","4""FORCEP POINTED              ",.,NULL
"1104  ","4""MOSQUTO ARTRY               ",NULL,NULL
"1105  ","4""MOSQUTO ARTRY CURVED        ",NULL,NULL
"1106  ","4""PLAIN FORCE**               ",NULL,NULL
"1107  ","4""POINTED FORCEP              ",NULL,NULL
"1108  ","4""SCISSORS                    ",NULL,NULL
"1109  ","4""SPL SCISSOR D.              ",NULL,NULL
"1110  ","4.1/2""ARISH SCISSOR(SP"")      ",NULL,NULL
"1111  ","4/0 PERASELE THREAD           ",NULL,NULL
"1112  ","5"" MOSQUTO FORCEP             ",NULL,NULL
"1113  ","5"" SCISSOR D ST               ",.,2025-05-31 00:00:00.000
"1114  ","5"" SCISSORS S/B               ",.,NULL
"1115  ","5"" SCISSORS S/S               ",.,NULL
"1116  ","5""ARTRY FORCEP                ",.,NULL
"1117  ","5""FORCEP CURVED               ",.,2025-05-31 00:00:00.000
"1117  ","5""FORCEP CURVED               ",121,2025-05-31 00:00:00.000
"1118  ","5""FORCEP PLAIN                ",.,2025-05-01 00:00:00.000
"1119  ","5""FORCEP PLAIN                ",NULL,NULL
"1120  ","5""FORCEP POINTED              ",NULL,NULL
"1121  ","5""FORCEP TH                   ",NULL,NULL
"1122  ","5""FORCEP THITH                ",NULL,NULL
"1123  ","5""MOSQUITO FORCE(SP)          ",NULL,NULL
"1124  ","5""MOSQUTO ARTRY               ",NULL,NULL
"1125  ","5""NEEDLE HOLDER               ",NULL,NULL
"1126  ","5""NEEDLE HOLDER (SP)          ",NULL,NULL
"1127  ","5""PLAIN FORCEP**              ",NULL,NULL
"1128  ","5""SCISSOR (SP)                ",NULL,NULL
"1129  ","5""SCISSORS S/S                ",.,2025-05-31 00:00:00.000
"1130  ","5""SPL SCISSOR ST D.           ",.,NULL
"1131  ","5/22 B.D.SYR.Z NEEDLE         ",NULL,NULL
"1132  ","5/22 MAKSAFE SY Z NEEDLE      ",NULL,NULL
"1133  ","5/22 MAKSAFE SY Z NEEDLE      ",NULL,NULL
"1134  ","5/23 B.D.SYR.Z NEEDLE         ",3308173,2028-10-30 00:00:00.000
"1134  ","5/23 B.D.SYR.Z NEEDLE         ",3338928,2028-11-30 00:00:00.000
"1134  ","5/23 B.D.SYR.Z NEEDLE         ",40642032,2029-02-28 00:00:00.000
"1134  ","5/23 B.D.SYR.Z NEEDLE         ",4065156,2029-02-28 00:00:00.000
"1135  ","5/23 GENEX SYR.Z.NEEDLE       ",NULL,NULL
"1136  ","5/23 HITECH SY Z NEEDLE       ",NULL,NULL
"1137  ","5/23 MAKSAFE SY Z NEEDLE      ",NULL,NULL
"1138  ","5/23 MR.INJECT SY Z NEEDLE    ",NULL,NULL
"1139  ","5/23 NIRLIFE SY Z NEEDLE      ",NULL,NULL
"1140  ","5/23 OYSTER SYR.Z.NEEDLE      ",NULL,NULL
"1141  ","5/23 PARAS SY Z NEEDLE        ",NULL,NULL
"1142  ","5/23 PRICON SY Z NEEDLE       ",NULL,NULL
"1143  ","5/23 SOLOGUARD SY Z NEEDLE    ",NULL,NULL
"1144  ","5/23 SRS SY Z NEEDLE          ",NULL,NULL
"1145  ","5/23 VEKTOR SYRINGE Z NEEDLE  ",NULL,NULL
"1146  ","5/23M SRS SY Z NEEDLE         ",NULL,NULL
"1147  ","5/24 ADIS SYR.Z NEEDLE        ",NULL,NULL
"1148  ","5/24 B.D.SY.Z NEEDLE*1        ",1236444,2028-11-30 00:00:00.000
"1148  ","5/24 B.D.SY.Z NEEDLE*1        ",3144631,2028-04-30 00:00:00.000
"1148  ","5/24 B.D.SY.Z NEEDLE*1        ",4052026,2029-01-31 00:00:00.000
"1149  ","5/24 B.D.SYR.Z NEEDLE         ",3300233,2028-10-30 00:00:00.000
"1149  ","5/24 B.D.SYR.Z NEEDLE         ",4052026,2029-01-31 00:00:00.000
"1149  ","5/24 B.D.SYR.Z NEEDLE         ",4066156,2029-02-28 00:00:00.000
"1150  ","5/24 GENEX SYRINGE Z NEEDLE   ",NULL,NULL
"1151  ","5/24 HITECH SY Z NEEDLE       ",NULL,NULL
"1152  ","5/24 MR.INJECT SY.Z NEEDLE    ",NULL,NULL
"1153  ","5/24 NIRLIFE SY.Z NEEDLE      ",NULL,NULL
"1154  ","5/24 OYSTER SYR.Z.NEEDLE      ",NULL,NULL
"1155  ","5/24 PARAS SY WITH NEEDLE     ",NULL,NULL
"1156  ","5/24 PARAS SY Z NEEDLE*       ",NULL,NULL
"1157  ","5/24 PRICON SY Z NEEDLE       ",NULL,NULL
"1158  ","5/24 SAFEWAY SY Z NEEDLE      ",NULL,NULL
"1159  ","5/24 SAFEWAY SY Z NEEDLE*     ",NULL,NULL
"1160  ","5/24 SEPNIL SY Z NEEDLE       ",NULL,NULL
"1161  ","5/26 BD SY Z NEEDLE           ",NULL,NULL
"1162  ","50ML BOTTAL                   ",NULL,NULL
"1163  ","6"" ARTARY FORCEP              ",.,NULL
"1164  ","6"" ARTERY FORCEP              ",NULL,NULL
"1165  ","6"" DRESSING SCISSORS          ",NULL,NULL
"1166  ","6"" FORCEP                     ",NULL,NULL
"1167  ","6"" SCISSROS S/B               ",.,NULL
"1168  ","6""ALESSI FORECP               ",NULL,NULL
"1169  ","6""ARTERY FORCEP(SP)           ",NULL,NULL
"1170  ","6""EAR SCOUP                   ",.,2025-05-31 00:00:00.000
"1171  ","6""FORCEP CURVED               ",.,2025-05-31 00:00:00.000
"1172  ","6""FORCEP PLAIN                ",NULL,NULL
"1173  ","6""FORCEP PLAIN                ",NULL,NULL
"1174  ","6""FORCEP POINTED              ",NULL,NULL
"1175  ","6""FORCEP THITH                ",NULL,NULL
"1176  ","6""FORCEP THITH                ",NULL,NULL
"1177  ","6""MOSQUTO ARTRY               ",NULL,NULL
"1178  ","6""NEEDLE HOLDER               ",.,NULL
"1179  ","6""NEEDLE HOLDER               ",NULL,NULL
"1180  ","6""NEEDLE HOLDER (SP)          ",.,NULL
"1181  ","6""SCISSOR (SP)                ",.,2022-05-31 00:00:00.000
"1182  ","6""SCISSORS                    ",NULL,NULL
"1183  ","6""SCISSORS S/S                ",NULL,NULL
"1184  ","6""SPL SCISSOR ST D.           ",NULL,NULL
"1185  ","60ML PACKET                   ",NULL,NULL
"1186  ","7"" SCISSOR STEEL              ",NULL,NULL
"1187  ","8"" SCISSIORS SHARP            ",NULL,NULL
"1188  ","A 2 Z TAB                     ",NULL,NULL
"1189  ","A MOL TAB                     ",NULL,NULL
"1190  ","A TO ALL  CAP                 ",NULL,NULL
"1191  ","A TO ALL CAP                  ",NULL,NULL
"1192  ","A-COR AT CAP                  ",NULL,NULL
"1193  ","A-FLOX 100 TAB                ",AT-24069,2028-02-28 00:00:00.000
"1194  ","A-KOFF TAB                    ",NULL,NULL
"1195  ","A-LOPRA 2MG TAB               ",AT-24066,2026-01-31 00:00:00.000
"1195  ","A-LOPRA 2MG TAB               ",AT-24148,2026-04-30 00:00:00.000
"1196  ","A-PEPSIGEL M.P.S TAB          ",NULL,NULL
"1197  ","A-PHYLLIN TAB                 ",AT-24057,2026-01-31 00:00:00.000
"1198  ","A-SETRON 4MG TAB(ONDEM)       ",AT-24078,2028-02-28 00:00:00.000
"1198  ","A-SETRON 4MG TAB(ONDEM)       ",AT-24112,2026-03-31 00:00:00.000
"1199  ","A-VIT PLUS CAP                ",NULL,NULL
"1200  ","A-VIT PLUS CAP                ",NULL,NULL
"1201  ","AARCET COLD TAB               ",NULL,NULL
"1202  ","AARCET TAB                    ",NULL,NULL
"1203  ","AARCIXIM 100 TAB              ",NULL,NULL
"1204  ","AARCIXIM 200 TAB              ",NULL,NULL
"1205  ","AARCIXIM-O TAB                ",NULL,NULL
"1206  ","AARMOX 250 CAP                ",NULL,NULL
"1207  ","AARMOX 500 CAP                ",NULL,NULL
"1208  ","AB CLOTH GAUZE                ",JP-058,2026-10-30 00:00:00.000
"1209  ","AB GAUSE 18*90CM              ",NULL,NULL
"1210  ","AB GAUSE 18*90CM              ",NULL,NULL
"1211  ","AB GAUZE                      ",NULL,NULL
"1212  ","AB GAUZE 18*45CM              ",NULL,NULL
"1213  ","AB GAUZE 18*90CM              ",NULL,NULL
"1214  ","AB GAUZE 18*90CM SUPER DELUXE ",NULL,NULL
"1215  ","AB GAUZE CLOTH 90CM*18M       ",NULL,NULL
"1216  ","AB.COTTON WOOL I.P.400GM      ",NULL,NULL
"1217  ","ABD 400 A/A TAB               ",NULL,NULL
"1218  ","ABD PLUS TAB                  ",NULL,NULL
"1219  ","ABDOMINAL BELT                ",NULL,NULL
"1220  ","ABDOMINAL BELT                ",NULL,NULL
"1221  ","ABDZOLE TAB                   ",NULL,NULL
"1222  ","ABE 400 TAB                   ",NULL,NULL
"1223  ","ABEN TAB                      ",NULL,NULL
"1224  ","ABENDOL PLUS TAB              ",NULL,NULL
"1225  ","ABHI-GEL                      ",05-23,2024-06-30 00:00:00.000
"1226  ","ABHISMILE GEL                 ",NULL,NULL
"1227  ","ABJEL REGULAR                 ",NULL,NULL
"1228  ","ABS CLOTH GAUZE               ",JP-054,2026-08-30 00:00:00.000
"1229  ","ABS COTTON ROLL 6""            ",NULL,NULL
"1230  ","ABS GAUSE 1*18*90             ",JP-058,2026-10-30 00:00:00.000
"1230  ","ABS GAUSE 1*18*90             ",JP-068,2027-01-31 00:00:00.000
"1230  ","ABS GAUSE 1*18*90             ",JP-078,2027-03-31 00:00:00.000
"1231  ","ABS GAUSE CLOTH               ",NULL,NULL
"1232  ","ABS GAUZE                     ",NULL,NULL
"1233  ","ABS GAUZE                     ",NULL,NULL
"1234  ","ABS GAUZE COTH                ",NULL,NULL
"1235  ","ABS GAUZE ROLL 2""             ",0363,2024-11-30 00:00:00.000
"1236  ","ABS GAUZE ROLL 3""             ",NULL,NULL
"1237  ","ABS GAUZE ROLL 4""             ",NULL,NULL
"1238  ","ABS ROLL BANDAGE 4""           ",NULL,NULL
"1239  ","ABS ROLL BANDAGE 6""           ",NULL,NULL
"1240  ","ABS.CLOTH GAUZE               ",NULL,NULL
"1241  ","ABS.GAUZE DELUX               ",NULL,NULL
"1242  ","ABS.GAUZE ROLL                ",NULL,NULL
"1243  ","ABS.GAUZE SCH F 2""            ",NULL,NULL
"1244  ","ABS.GAUZE SCH F 3""            ",NULL,NULL
"1245  ","ABS.GAUZE SCH F 4""            ",NULL,NULL
"1246  ","ABS.ROLL BANDAGE 2""           ",NULL,NULL
"1247  ","ABS.ROLL BANDAGE 3""           ",NULL,NULL
"1248  ","ABSO COTTON 20GM              ",NULL,NULL
"1249  ","ABSORBENT COTTON IP-40        ",NULL,NULL
"1250  ","ABSORBENT GAUZE 90CM*18       ",NULL,NULL
"1251  ","ABSORBENT GAUZE 90CM*18MT     ",NULL,NULL
"1252  ","ABSORBENT GAUZE F             ",NULL,NULL
"1253  ","AC-100 (ACECLO)TAB            ",AT-24022,2025-12-31 00:00:00.000
"1253  ","AC-100 (ACECLO)TAB            ",AT-24124,2026-03-31 00:00:00.000
"1253  ","AC-100 (ACECLO)TAB            ",AT-24149,2026-04-30 00:00:00.000
"1254  ","AC-P FAST TAB                 ",NULL,NULL
"1255  ","AC-PN TAB                     ",NULL,NULL
"1256  ","ACCECLOEOC SP TAB             ",NULL,NULL
"1257  ","ACCECLOTIS-P TAB              ",AP-2363/B,2025-08-30 00:00:00.000
"1258  ","ACCECLOWOC 10 TAB             ",NULL,NULL
"1259  ","ACCECLOWOC MR TAB             ",NULL,NULL
"1260  ","ACCECLOWOC P TAB              ",NULL,NULL
"1261  ","ACCECLOWOC SR                 ",NULL,NULL
"1262  ","ACCENETRA PLUS TAB            ",NULL,NULL
"1263  ","ACCOS SKIN STEPPLER           ",NULL,NULL
"1264  ","ACCU SURE SIMPLE GLUCO        ",.,NULL
"1265  ","ACCU-CHECK ACTIVE-50          ",NULL,NULL
"1266  ","ACCU-CHEK ACTIVE 50           ",NULL,NULL
"1267  ","ACCU-CHEK ACTIVE MACHINE      ",NULL,NULL
"1268  ","ACCU-CHEK ACTIVE-25           ",NULL,NULL
"1269  ","ACCURATE FLAT THEMOMETER      ",NULL,NULL
"1270  ","ACCURATE STRIPS               ",NULL,NULL
"1271  ","ACE-AXOFEN TAB                ",NULL,NULL
"1272  ","ACECARE MR TAB                ",ACR-1032,2025-03-31 00:00:00.000
"1272  ","ACECARE MR TAB                ",ACR-1033,2025-09-30 00:00:00.000
"1272  ","ACECARE MR TAB                ",ACR-1034,2025-10-30 00:00:00.000
"1273  ","ACECARE PLUS TAB(B)           ",NULL,NULL
"1274  ","ACECARE SP (A/A)TAB           ",CSP-1056,2025-01-30 00:00:00.000
"1274  ","ACECARE SP (A/A)TAB           ",CSP-1064,2025-10-30 00:00:00.000
"1274  ","ACECARE SP (A/A)TAB           ",CSP-1065,2025-10-30 00:00:00.000
"1275  ","ACECLDE P TAB                 ",NULL,NULL
"1276  ","ACECLIDE-MR TAB               ",NULL,NULL
"1277  ","ACECLODOL PLUS                ",NULL,NULL
"1278  ","ACECLODUS PT                  ",NULL,NULL
"1279  ","ACECLODUS-P TAB               ",NULL,NULL
"1280  ","ACECLOFENAC & PARA TAB        ",NULL,NULL
"1281  ","ACECLOFENAC & PARACETAMOL TAB ",NULL,NULL
"1282  ","ACECLOFENAC & PARACETAMOL TAB ",NULL,NULL
"1283  ","ACECLOFENAC TAB               ",NULL,NULL
"1284  ","ACECLOFENAC TAB I.P.100MG     ",NULL,NULL
"1285  ","ACECLOGESIC-MR TAB            ",NULL,NULL
"1286  ","ACECLOGESIC-P TAB             ",GT076303,2025-02-28 00:00:00.000
"1286  ","ACECLOGESIC-P TAB             ",GTO76303,2025-02-28 00:00:00.000
"1287  ","ACECLOGESIC-SP                ",NULL,NULL
"1288  ","ACECLOMEX MR TAB              ",NULL,NULL
"1289  ","ACECLOPAIN-MR TAB             ",NULL,NULL
"1290  ","ACECLOPAR TAB                 ",NULL,NULL
"1291  ","ACECLOR TAB                   ",NULL,NULL
"1292  ","ACECLOR-F TAB                 ",NULL,NULL
"1293  ","ACECLORAN PLUS                ",NULL,NULL
"1294  ","ACECO FORTE DL TAB            ",NULL,NULL
"1295  ","ACECO-FORTE(ACC+PARA)         ",NULL,NULL
"1296  ","ACEDOL-PS TAB                 ",NULL,NULL
"1297  ","ACEE -100 TAB                 ",3887(S.Y),2025-09-30 00:00:00.000
"1297  ","ACEE -100 TAB                 ",3888,2025-09-30 00:00:00.000
"1297  ","ACEE -100 TAB                 ",4201,2026-01-31 00:00:00.000
"1297  ","ACEE -100 TAB                 ",4202,2026-01-31 00:00:00.000
"1297  ","ACEE -100 TAB                 ",4202(PU),2026-01-31 00:00:00.000
"1297  ","ACEE -100 TAB                 ",4202/PU,2026-01-31 00:00:00.000
"1298  ","ACEEPAR-SP TAB                ",ASC22002,2024-10-30 00:00:00.000
"1299  ","ACEFEN TAB                    ",NULL,NULL
"1300  ","ACEFEN-P                      ",NULL,NULL
"1301  ","ACEFEN-P TAB                  ",NULL,NULL
"1302  ","ACEFEN-P TAB                  ",NULL,NULL
"1303  ","ACEFEX-MR TAB                 ",NULL,NULL
"1304  ","ACEFEX-P TAB                  ",NULL,NULL
"1305  ","ACEFEX-SP TAB                 ",NULL,NULL
"1306  ","ACEFLAM MR TAB                ",NULL,NULL
"1307  ","ACEFLAM P TAB                 ",NULL,NULL
"1308  ","ACEFLAM-100(ACCLO)TAB         ",NULL,NULL
"1309  ","ACEFLOFLAM PLUS TAB           ",NULL,NULL
"1310  ","ACEFORD-TH TAB                ",NULL,NULL
"1311  ","ACEHEL TAB(ACECLO)            ",NULL,NULL
"1312  ","ACEKLIFE TAB                  ",NULL,NULL
"1313  ","ACELOFENAC & PARACETAMOL      ",NULL,NULL
"1314  ","ACEMIZ PLUS TAB               ",NULL,NULL
"1315  ","ACENAC-SP                     ",NULL,NULL
"1316  ","ACENEXT MR TAB                ",NULL,NULL
"1317  ","ACENEXT SP TAB                ",NULL,NULL
"1318  ","ACENEXT-P TAB                 ",NULL,NULL
"1319  ","ACEPAAM PLUS                  ",NULL,NULL
"1320  ","ACEPAIN PLUS TAB              ",NULL,NULL
"1321  ","ACEPAIN SP TAB                ",NULL,NULL
"1322  ","ACEROS-P TAB                  ",NULL,NULL
"1323  ","ACETYLSALICYCLIC ACID         ",NULL,NULL
"1324  ","ACHIRCREPE BAND.4""            ",NULL,NULL
"1325  ","ACI B PLEX CAP                ",NULL,NULL
"1326  ","ACI B PLEX S/C TAB            ",NULL,NULL
"1327  ","ACI B PLEX TAB S/C            ",NULL,NULL
"1328  ","ACI-B PLEX TAB                ",NULL,NULL
"1329  ","ACIBRO(BROM)TAB               ",NULL,NULL
"1330  ","ACICOLD TAB                   ",NULL,NULL
"1331  ","ACIDOPAR(DOM)                 ",NULL,NULL
"1332  ","ACIFLAM (IBU+PARA) KID        ",NULL,NULL
"1333  ","ACIFLAM FORTE                 ",NULL,NULL
"1334  ","ACIFLAM TAB                   ",NULL,NULL
"1335  ","ACIGEL MPS TAB                ",NULL,NULL
"1336  ","ACIGEL-MPS TAB                ",NULL,NULL
"1337  ","ACIGESIC TAB(DICLO+PARA)      ",NULL,NULL
"1338  ","ACIGESIC-MR TAB               ",NULL,NULL
"1339  ","ACIKOP SP TAB                 ",NULL,NULL
"1340  ","ACILINE-20 TAB                ",NULL,NULL
"1341  ","ACIMOL KID TAB(PARA125MG)     ",NULL,NULL
"1342  ","ACINILL-20MG TAB(FAMO)        ",NULL,NULL
"1343  ","ACIOM-D CAP                   ",NULL,NULL
"1344  ","ACIPHYLLIN TAB                ",NULL,NULL
"1345  ","ACIPLEX CAP (200CAP)          ",231135,2025-08-30 00:00:00.000
"1346  ","ACIPLEX(B.C.)                 ",NULL,NULL
"1347  ","ACIPRO-250  F/C TAB           ",NULL,NULL
"1348  ","ACISPASM                      ",NULL,NULL
"1349  ","ACISPASS-DM TAB               ",NULL,NULL
"1350  ","ACITRO-150MG TAB              ",NULL,NULL
"1351  ","ACK CLEAR GEL                 ",NULL,NULL
"1352  ","ACK-CLEAR SOAP                ",NULL,NULL
"1353  ","ACLOPAR TAB                   ",TIV0699,2024-04-30 00:00:00.000
"1354  ","ACNAC 200SR TAB               ",NULL,NULL
"1355  ","ACNAC-SP TAB (ALU/ALU)        ",NULL,NULL
"1356  ","ACNE BRIGHT SOAP              ",C-78,2024-09-30 00:00:00.000
"1357  ","ACNE CLDE SOAP                ",NULL,NULL
"1358  ","ACNE CLIDE FACE WASH          ",NULL,NULL
"1359  ","ACNE SHINE SOAP               ",NULL,NULL
"1360  ","ACNETEK SP                    ",NULL,NULL
"1361  ","ACNETOIN SOAP                 ",NULL,NULL
"1362  ","ACNEZ CREAM                   ",NULL,NULL
"1363  ","ACNO SOAP                     ",NULL,NULL
"1364  ","ACNOBID SOAP                  ",NULL,NULL
"1365  ","ACOR AT CAP                   ",NULL,NULL
"1366  ","ACOR Z TAB                    ",NULL,NULL
"1367  ","ACP PLUS TAB                  ",1680,2024-10-30 00:00:00.000
"1368  ","ACP TAB                       ",1211,2024-05-31 00:00:00.000
"1368  ","ACP TAB                       ",3766,2025-09-30 00:00:00.000
"1368  ","ACP TAB                       ",3970(G),2025-11-30 00:00:00.000
"1368  ","ACP TAB                       ",3972,2025-11-30 00:00:00.000
"1368  ","ACP TAB                       ",4076(S.Y),2025-11-30 00:00:00.000
"1368  ","ACP TAB                       ",5062,2026-03-31 00:00:00.000
"1368  ","ACP TAB                       ",5064,2026-03-31 00:00:00.000
"1368  ","ACP TAB                       ",5065(G),2026-03-31 00:00:00.000
"1368  ","ACP TAB                       ",5178,2026-05-31 00:00:00.000
"1368  ","ACP TAB                       ",5178(S.Y),2026-05-31 00:00:00.000
"1369  ","ACPREX MR TAB                 ",148-015,2025-05-31 00:00:00.000
"1370  ","ACPREX MR TAB                 ",725-16,2026-04-30 00:00:00.000
"1371  ","ACPREX PLUS TAB               ",250-25,2026-10-30 00:00:00.000
"1371  ","ACPREX PLUS TAB               ",250-26,2025-10-30 00:00:00.000
"1372  ","ACPREX R CAPS                 ",NULL,NULL
"1373  ","ACPREX SP TAB                 ",158-065,2026-11-30 00:00:00.000
"1374  ","ACPREX SP TAB                 ",158-055,2026-03-30 00:00:00.000
"1374  ","ACPREX SP TAB                 ",158-068,2026-12-30 00:00:00.000
"1374  ","ACPREX SP TAB                 ",158-256,2026-06-30 00:00:00.000
"1375  ","ACPREX-PLUS TAB               ",NULL,NULL
"1376  ","ACRIFLAVINE B.P.C             ",NULL,NULL
"1377  ","ACRIFLAVINE SOLUTION          ",NULL,NULL
"1378  ","ACTIPLAST ADHE TAPE 3""        ",NULL,NULL
"1379  ","ACTIVA-P                      ",NULL,NULL
"1380  ","ACTIVA-P (DICLO+PARA)         ",NULL,NULL
"1381  ","ACTIVE                        ",NULL,NULL
"1382  ","ACTIVE-2 TAB                  ",NULL,NULL
"1383  ","ACTIZEN POWDER                ",NULL,NULL
"1384  ","ACTIZOX TAB                   ",NULL,NULL
"1385  ","ACUFLAM PLUS TAB              ",NULL,NULL
"1386  ","ACUVIN TAB                    ",NULL,NULL
"1387  ","ADHESHIVE TAPE                ",NULL,NULL
"1388  ","ADHESIVE TAPE                 ",NULL,NULL
"1389  ","ADHESIVE TAPE                 ",NULL,NULL
"1390  ","ADHESIVE TAPE                 ",NULL,NULL
"1391  ","ADHESIVE TAPE                 ",NULL,NULL
"1392  ","ADHESIVE TAPE                 ",NULL,NULL
"1393  ","ADHESIVE TAPE                 ",NULL,NULL
"1394  ","ADHESIVE TAPE                 ",NULL,NULL
"1395  ","ADHESIVE TAPE                 ",NULL,NULL
"1396  ","ADHESIVE TAPE                 ",NULL,NULL
"1397  ","ADHESIVE TAPE 3""              ",NULL,NULL
"1398  ","ADHESIVE TAPE U.S.P           ",NULL,NULL
"1399  ","ADIS NEEDLE NO.21G            ",NULL,NULL
"1400  ","ADIS NEEDLE NO.22 (LOOSE)     ",NULL,NULL
"1401  ","ADIS NEEDLE NO.22G            ",NULL,NULL
"1402  ","ADIS NEEDLE NO.23G            ",NULL,NULL
"1403  ","ADIS NEEDLE NO.24             ",NULL,NULL
"1404  ","ADIS NEEDLE NO.24G            ",NULL,NULL
"1405  ","ADIS NEEDLE NO.26/0.5""G       ",NULL,NULL
"1406  ","ADOX CAP                      ",AC-2290,2024-10-30 00:00:00.000
"1407  ","ADSCAB LOTION                 ",NULL,NULL
"1408  ","ADVANCE HAND SANITIZER        ",NULL,NULL
"1409  ","ADVANCE VINERAL Z             ",348,2025-11-30 00:00:00.000
"1409  ","ADVANCE VINERAL Z             ",520,2023-07-30 00:00:00.000
"1409  ","ADVANCE VINERAL Z             ",542,2025-05-30 00:00:00.000
"1409  ","ADVANCE VINERAL Z             ",545,2025-08-30 00:00:00.000
"1409  ","ADVANCE VINERAL Z             ",546,2025-09-30 00:00:00.000
"1409  ","ADVANCE VINERAL Z             ",547,2025-10-30 00:00:00.000
"1409  ","ADVANCE VINERAL Z             ",548,2025-11-30 00:00:00.000
"1410  ","AEQUICAL 500MG TAB            ",NULL,NULL
"1411  ","AEQUICAL D3 SHOT              ",NULL,NULL
"1412  ","AEQUIXMOX 250MG CAP           ",NULL,NULL
"1413  ","AEQUIXMOX 500MG CAP           ",NULL,NULL
"1414  ","AF ARMSLING                   ",SP019,2028-06-30 00:00:00.000
"1415  ","AF CALVICAL BRACE             ",ACT0621,2026-05-31 00:00:00.000
"1416  ","AF-CLEAR SG SOFT              ",NULL,NULL
"1417  ","AFDCDZ TAB                    ",NULL,NULL
"1418  ","AFDICLAVE 375                 ",TB230475B,2025-11-30 00:00:00.000
"1419  ","AFDILOC TAB(RANTAC)           ",NULL,NULL
"1420  ","AFDIPOVIDONE-M OINT.(M+P)     ",NULL,NULL
"1421  ","AFDIXIM 200 TAB               ",A240004A,2025-12-31 00:00:00.000
"1421  ","AFDIXIM 200 TAB               ",T230004A,2025-12-30 00:00:00.000
"1421  ","AFDIXIM 200 TAB               ",T240004A,2025-12-30 00:00:00.000
"1422  ","AFDIZ 250MG TAB               ",NULL,NULL
"1423  ","AFDIZ-500 MG TAB              ",TAE2405803,2026-02-28 00:00:00.000
"1423  ","AFDIZ-500 MG TAB              ",TAF240580,2026-02-28 00:00:00.000
"1424  ","AFDLON LIQUID                 ",NULL,NULL
"1425  ","AFDSALIC 20MG                 ",4D44,2026-03-31 00:00:00.000
"1426  ","AFDSALIC CREAM                ",NULL,NULL
"1427  ","AFDSCAB LOTION                ",NULL,NULL
"1428  ","AFDSPAS-D                     ",TAF-231750,2026-08-30 00:00:00.000
"1429  ","AFDVITAMIN D3 CAP             ",NULL,NULL
"1430  ","AFDVITAMIN D3 GRUNULES        ",NULL,NULL
"1431  ","AFEBRIL-500 (PARA) TAB        ",NULL,NULL
"1432  ","AFEN 200MG TAB                ",AT-21337,2023-09-30 00:00:00.000
"1432  ","AFEN 200MG TAB                ",AT-23082,2025-02-28 00:00:00.000
"1432  ","AFEN 200MG TAB                ",AT-23414,2025-11-30 00:00:00.000
"1432  ","AFEN 200MG TAB                ",AT-24059,2026-01-31 00:00:00.000
"1432  ","AFEN 200MG TAB                ",AT-24060,2026-01-31 00:00:00.000
"1433  ","AFEN PLUS TAB                 ",AT-22442,2024-11-30 00:00:00.000
"1433  ","AFEN PLUS TAB                 ",AT-23431,2025-10-30 00:00:00.000
"1433  ","AFEN PLUS TAB                 ",AT-24039,2026-01-31 00:00:00.000
"1433  ","AFEN PLUS TAB                 ",AT-24040,2026-01-31 00:00:00.000
"1434  ","AFEN-400 TAB                  ",AT-24061,2026-01-31 00:00:00.000
"1434  ","AFEN-400 TAB                  ",AT-24142,2026-03-31 00:00:00.000
"1434  ","AFEN-400 TAB                  ",AT-24145,2026-04-30 00:00:00.000
"1435  ","AFENAK PLUS TAB               ",NULL,NULL
"1436  ","AFIDONAC P TAB                ",NULL,NULL
"1437  ","AGILOC 150MG                  ",NULL,NULL
"1438  ","AGINET-GM OINTMENT            ",NULL,NULL
"1439  ","AGIVIT CAP                    ",NULL,NULL
"1440  ","AGLOCIP-500 TAB               ",NULL,NULL
"1441  ","AIOMOX-125 DT                 ",NULL,NULL
"1442  ","AIR BED                       ",NULL,NULL
"1443  ","AIRWAYS NASL CANNULA          ",NULL,NULL
"1444  ","AIRWAYS OXYGEN MASK ADULT     ",NULL,NULL
"1445  ","ALBEFENAC-S TAB               ",NULL,NULL
"1446  ","ALBEGLIME 1MG TAB             ",NULL,NULL
"1447  ","ALBEGLIME 2MG TAB             ",NULL,NULL
"1448  ","ALBEGLIME M1 SR TAB           ",NULL,NULL
"1449  ","ALBEGLIME M1 TAB              ",NULL,NULL
"1450  ","ALBEGLIME M2 TAB              ",NULL,NULL
"1451  ","ALBEGLIME-M2 SR TAB           ",NULL,NULL
"1452  ","ALBEKEM 400 MG TAB            ",NULL,NULL
"1453  ","ALBEKEM PLUS                  ",NULL,NULL
"1454  ","ALBENDALZOLE TAB              ",NULL,NULL
"1455  ","ALBENDAZOLE TAB               ",PC2310,2025-11-30 00:00:00.000
"1456  ","ALBENDOL PLUS TAB             ",NULL,NULL
"1457  ","ALBENDOL PLUS TAB             ",NULL,NULL
"1458  ","ALBENDOL-400 TAB              ",NULL,NULL
"1459  ","ALBERTBAC TAB                 ",NULL,NULL
"1460  ","ALBERTCEF 200 DT TAB          ",NULL,NULL
"1461  ","ALBERZEN 10 TAB               ",NULL,NULL
"1462  ","ALBERZEN COLD TAB             ",NULL,NULL
"1463  ","ALBIPIN 5 TAB                 ",NULL,NULL
"1464  ","ALBITHRAL 250 TAB             ",AZT-2310,2026-09-30 00:00:00.000
"1464  ","ALBITHRAL 250 TAB             ",DD23059,2026-04-30 00:00:00.000
"1465  ","ALBITHRAL 500 TAB             ",DD24018,2026-12-31 00:00:00.000
"1465  ","ALBITHRAL 500 TAB             ",T2307087,2026-06-30 00:00:00.000
"1466  ","ALBOCEF 100DT                 ",NULL,NULL
"1467  ","ALBOCEF 200 TAB               ",NULL,NULL
"1468  ","ALBODINE 100ML                ",NULL,NULL
"1469  ","ALBODINE 15GM                 ",NULL,NULL
"1470  ","ALBOMOL 500MG TAB             ",NULL,NULL
"1471  ","ALBOSLIDE P TAB               ",NULL,NULL
"1472  ","ALBROM TAB                    ",NULL,NULL
"1473  ","ALBUFORMIN 500MG TAB          ",NULL,NULL
"1474  ","ALCINAC-RB CAP                ",NULL,NULL
"1475  ","ALCOCARE 500 TAB              ",NULL,NULL
"1476  ","ALCOCOL 500 TAB               ",NULL,NULL
"1477  ","ALDIBREATHE CAP               ",NULL,NULL
"1478  ","ALDIGESIC-TH                  ",22443869,2024-11-30 00:00:00.000
"1479  ","ALDOL-400MG TAB               ",27-016,2025-06-30 00:00:00.000
"1480  ","ALDOX TAB                     ",AT-2415D,2026-04-30 00:00:00.000
"1481  ","ALEREX-10 TAB                 ",ALRXA010,2025-10-30 00:00:00.000
"1482  ","ALEREX-25 TAB                 ",ALREXB013,2025-08-30 00:00:00.000
"1482  ","ALEREX-25 TAB                 ",ALRXB013,2025-08-30 00:00:00.000
"1483  ","ALERPHEN-25 TAB               ",NULL,NULL
"1484  ","ALERZI-10 T(100)              ",230518,2026-04-30 00:00:00.000
"1485  ","ALERZI-10 TAB(CET)            ",NULL,NULL
"1486  ","ALERZI-L TAB                  ",211253,2024-11-30 00:00:00.000
"1487  ","ALGLOMOX 500                  ",NULL,NULL
"1488  ","ALICE TAB                     ",NULL,NULL
"1489  ","ALIDE TAB                     ",NULL,NULL
"1490  ","ALITE ANTI ACNE SOAP          ",NULL,NULL
"1491  ","ALKEMOX CV 625 TAB (10`S)     ",NULL,NULL
"1492  ","ALKEMOX CV 625 TAB (6`S)      ",23280604,2025-01-31 00:00:00.000
"1493  ","ALKEMVERT 16MG TAB            ",NULL,NULL
"1494  ","ALKEMVERT 8M TAB              ",NULL,NULL
"1495  ","ALKOK HERBAL DROPS JAR        ",NULL,NULL
"1496  ","ALL SILICON CATHETER 16       ",NULL,NULL
"1497  ","ALLEFEX 120 TAB               ",NQIT-002,2025-11-30 00:00:00.000
"1498  ","ALLSMILE GEL                  ",NULL,NULL
"1499  ","ALLTEL(ALBENDAZOLE)TAB        ",NULL,NULL
"1500  ","ALM-80 TAB                    ",NULL,NULL
"1501  ","ALO-G GEL (ALOVERA GEL)       ",NULL,NULL
"1502  ","ALOCARE 500 TAB               ",NULL,NULL
"1503  ","ALOCOL 500 TAB                ",NULL,NULL
"1504  ","ALOE FRESH JUICE              ",NULL,NULL
"1505  ","ALOEVERA GEL                  ",NULL,NULL
"1506  ","ALOEVERA PLUS JUICE           ",NULL,NULL
"1507  ","ALOSOFT SOAP                  ",NULL,NULL
"1508  ","ALPARAQUIL 0.25 TAB           ",NULL,NULL
"1509  ","ALPHATOR 10                   ",NULL,NULL
"1510  ","ALPRAZOLAM 0.25               ",NULL,NULL
"1511  ","ALPRAZOLAM 0.25 MG            ",NULL,NULL
"1512  ","ALPRAZOLAM 0.25 TAB           ",NULL,NULL
"1513  ","ALPRAZOLAM 0.5MG TAB          ",NULL,NULL
"1514  ","ALPRAZOLAM 0.5MG TAB          ",NULL,NULL
"1515  ","ALPRAZOLAM 0.5MG TAB          ",NULL,NULL
"1516  ","ALPRAZOLAM 0.5MG TAB          ",NULL,NULL
"1517  ","ALPRAZOLAM 0.5MG TAB          ",NULL,NULL
"1518  ","ALPRAZOLAM TAB 0.5MG TAB      ",NULL,NULL
"1519  ","ALPRAZOLAM TAB IP 0.25MG      ",NULL,NULL
"1520  ","ALSCAB LOTION                 ",NULL,NULL
"1521  ","ALTAC-DM(RANI+DOM)            ",NULL,NULL
"1522  ","ALTAC-DM(RANI+DOM)            ",NULL,NULL
"1523  ","ALUSOLONE-5 (PRED)TAB         ",NULL,NULL
"1524  ","ALZAD PLUS TAB                ",NULL,NULL
"1525  ","ALZAD TAB                     ",WSY22001,2025-08-30 00:00:00.000
"1526  ","ALZILUM 0.5MG TAB             ",NULL,NULL
"1527  ","AMATOR-10                     ",AES3001CW,2025-03-31 00:00:00.000
"1528  ","AMBROCAL SACHETS              ",NULL,NULL
"1529  ","AMCLAV 625 DUO TAB            ",NULL,NULL
"1530  ","AMDICLOX CAPSULE              ",NULL,NULL
"1531  ","AMIBA TZ TAB                  ",NULL,NULL
"1532  ","AMIN O MASS                   ",NULL,NULL
"1533  ","AMIN O MASS                   ",NULL,NULL
"1534  ","AMINO O MASS(METALLIC)        ",NULL,NULL
"1535  ","AMINOPHYLLIN TAB              ",NULL,NULL
"1536  ","AMINOPHYLLINE TAB             ",NULL,NULL
"1537  ","AMINOPHYLLINE TAB I.P         ",NULL,NULL
"1538  ","AMINOPHYLLINE TAB.I.P.100     ",NULL,NULL
"1539  ","AMIPCILLINE CAP               ",NULL,NULL
"1540  ","AMIPREDNI 5MG TAB             ",NULL,NULL
"1541  ","AMIPREDNI 5MG TAB             ",NULL,NULL
"1542  ","AMISURE POWDER                ",NULL,NULL
"1543  ","AMLA RAS                      ",NULL,NULL
"1544  ","AMLIP 5MG  TAB                ",C111284,2024-09-30 00:00:00.000
"1545  ","AMLIP-5 TAB                   ",NULL,NULL
"1546  ","AMLODUS AT TAB                ",NULL,NULL
"1547  ","AMLOFINE 5 MG TAB             ",NULL,NULL
"1548  ","AMLOKAY AT                    ",NULL,NULL
"1549  ","AMLOKEM 5MG TAB               ",NULL,NULL
"1550  ","AMLOMED 5                     ",NULL,NULL
"1551  ","AMLOMED-AT                    ",NULL,NULL
"1552  ","AMLOMOX 250G CAP              ",NULL,NULL
"1553  ","AMLOPEN AT TAB                ",E3E0370,2025-04-30 00:00:00.000
"1554  ","AMLOSTAN 5MG TAB              ",NULL,NULL
"1555  ","AMLOZEN-AT TAB                ",PZL221102,2024-10-30 00:00:00.000
"1556  ","AMMOX-250 CAP                 ",NULL,NULL
"1557  ","AMOCLOX CAP                   ",NULL,NULL
"1558  ","AMOCLOX CAP                   ",NULL,NULL
"1559  ","AMOCLOXIL LB CAP              ",NULL,NULL
"1560  ","AMOCLOXIL LB CAP              ",NULL,NULL
"1561  ","AMOL-650MG TAB(PARACETAMOL)   ",NULL,NULL
"1562  ","AMOLKEM 5MG TAB               ",NULL,NULL
"1563  ","AMOTIC TAB                    ",NULL,NULL
"1564  ","AMOTIC TAB                    ",226-33,2026-10-30 00:00:00.000
"1564  ","AMOTIC TAB                    ",226-34,2027-02-28 00:00:00.000
"1564  ","AMOTIC TAB                    ",226-35,2027-02-28 00:00:00.000
"1565  ","AMOX 250MG                    ",NULL,NULL
"1566  ","AMOX 250MG CAP                ",NULL,NULL
"1567  ","AMOXCEE 250DT TAB             ",NULL,NULL
"1568  ","AMOXCEE 500 CAP               ",NULL,NULL
"1569  ","AMOXCEPT-250 CAP              ",NULL,NULL
"1570  ","AMOXCILLINE 250MG CAP         ",NULL,NULL
"1571  ","AMOXICILLIN 250 CAP           ",NULL,NULL
"1572  ","AMOXIL 250MG CAP              ",NULL,NULL
"1573  ","AMOXIL-500 CAP                ",NULL,NULL
"1574  ","AMOXIVAN-250 CAP              ",NULL,NULL
"1575  ","AMOXIVAN-250MG CAP            ",NULL,NULL
"1576  ","AMOXIVAN-500 MG CAP           ",NULL,NULL
"1577  ","AMOXY 250MG                   ",NULL,NULL
"1578  ","AMOXY 250MG (G/O) CAPS        ",AJ3005DW,2025-11-30 00:00:00.000
"1579  ","AMOXY 250MG (R/W) CAPS        ",NULL,NULL
"1580  ","AMOXY 250MG CAP               ",NULL,NULL
"1581  ","AMOXY 250MG.                  ",NULL,NULL
"1582  ","AMOXY 500(FEEMOX-500)         ",NULL,NULL
"1583  ","AMOXYCILLIN & CLOXACILLIN     ",NULL,NULL
"1584  ","AMOXYCILLIN & DICLOXACILLIN   ",NULL,NULL
"1585  ","AMOXYCILLIN 250 G/Y CAP       ",NULL,NULL
"1586  ","AMOXYCILLIN 250MG CAP         ",NULL,NULL
"1587  ","AMOXYCILLIN 250MG CAP         ",NULL,NULL
"1588  ","AMOXYCILLIN 250MG CAP         ",NULL,NULL
"1589  ","AMOXYCILLIN 250MG CAP         ",AC-2332,2025-02-28 00:00:00.000
"1590  ","AMOXYCILLIN CAP.250MG         ",NULL,NULL
"1591  ","AMOXYCILLIN DISP.TAB 125MG    ",NULL,NULL
"1592  ","AMOXYCILLINE 250DT TAB        ",NULL,NULL
"1593  ","AMOXYCILLINE 250MG CAP        ",NULL,NULL
"1594  ","AMOXYCILLINE 250MG CAP        ",NULL,NULL
"1595  ","AMOXYCILLINE 250MG TAB        ",NULL,NULL
"1596  ","AMOXYCILLINE 250MG(WIN)CAP    ",NULL,NULL
"1597  ","AMOXYCILLINE 250MG.CAP        ",NULL,NULL
"1598  ","AMOXYKUS-LB CAP               ",NULL,NULL
"1599  ","AMOXYNEC-500                  ",NULL,NULL
"1600  ","AMOXYNEC-CV 625 TAB           ",NULL,NULL
"1601  ","AMOXYTOR-DL CAP               ",NULL,NULL
"1602  ","AMPIBIOTIC 250MG(AMICILIN)CAP ",265,2025-05-31 00:00:00.000
"1603  ","AMPICILLIN & CLOXACILLIN CAPS ",NULL,NULL
"1604  ","AMPICILLIN 250MG.CAP          ",NULL,NULL
"1605  ","AMPICILLIN CAP                ",NULL,NULL
"1606  ","AMPULE CUTTER                 ",.,NULL
"1607  ","AMROCAD CREAM 10GM            ",HP23009,2025-10-30 00:00:00.000
"1608  ","AMYCOL LB                     ",NULL,NULL
"1609  ","AMYROL CREAM                  ",E3A031,2024-12-31 00:00:00.000
"1610  ","ANAGESIC (DICLO+PARA)         ",NULL,NULL
"1611  ","ANALAR TAB(CETRIZINE)         ",NULL,NULL
"1612  ","ANALGIN 500MG TAB             ",NULL,NULL
"1613  ","ANALGIN TAB                   ",NULL,NULL
"1614  ","ANALGIN TAB                   ",NULL,NULL
"1615  ","ANALGIN TAB                   ",NULL,NULL
"1616  ","ANCAL TAB                     ",NULL,NULL
"1617  ","ANCET TAB                     ",NULL,NULL
"1618  ","ANCET TAB                     ",NULL,NULL
"1619  ","ANCET TAB                     ",DT4029,2026-02-28 00:00:00.000
"1620  ","ANCET-COLD                    ",NULL,NULL
"1621  ","ANCHOR SCHOOL BAG             ",NULL,NULL
"1622  ","ANCOLD TAB                    ",NULL,NULL
"1623  ","ANEXPORIN 125MG TAB           ",NULL,NULL
"1624  ","ANGECIP-500 TAB               ",NULL,NULL
"1625  ","ANGEDEX TAB                   ",NULL,NULL
"1626  ","ANGEDRIL CAP                  ",NULL,NULL
"1627  ","ANGEFEN 200MG TAB             ",NULL,NULL
"1628  ","ANGEFEN 400MG TAB             ",NULL,NULL
"1629  ","ANGEL NEBULISER COMPRE        ",NULL,NULL
"1630  ","ANGEMEF SPAS                  ",NULL,NULL
"1631  ","ANGEMET 200                   ",NULL,NULL
"1632  ","ANGEMOX-250MG CAP             ",NULL,NULL
"1633  ","ANGEMOX-25MG CAP              ",NULL,NULL
"1634  ","ANGENEC PLUS TAB              ",NULL,NULL
"1635  ","ANGEOM-DM(OMEZ+DOM)           ",NULL,NULL
"1636  ","ANGERAN TAB                   ",NULL,NULL
"1637  ","ANGERAN-50 TAB                ",AU044,2024-11-30 00:00:00.000
"1638  ","ANGERAN-50(DICLOFENAC)TAB     ",NULL,NULL
"1639  ","ANGLOCET TAB                  ",MT-23402,2025-11-30 00:00:00.000
"1640  ","ANGLOCET-L 5MG TAB            ",NULL,NULL
"1641  ","ANGLOCIP 250 TAB              ",T-2311076,2025-10-30 00:00:00.000
"1642  ","ANGLOFF TAB (OFLOX-200)       ",NULL,NULL
"1643  ","ANGLOFF-OZ TAB                ",NULL,NULL
"1644  ","ANGLOFLU 150 TAB              ",T-0491/23,2026-10-30 00:00:00.000
"1645  ","ANGLOFLU-200 TAB              ",NULL,NULL
"1646  ","ANGLOKOLD COLD & FLU TAB      ",NULL,NULL
"1647  ","ANGLOMOX 250 CAP              ",24A187,2025-12-31 00:00:00.000
"1648  ","ANGLOMOX 250DT TAB            ",MUIA828,2026-03-31 00:00:00.000
"1648  ","ANGLOMOX 250DT TAB            ",MUIAB18,2024-08-30 00:00:00.000
"1648  ","ANGLOMOX 250DT TAB            ",MUIAB26,2025-10-30 00:00:00.000
"1648  ","ANGLOMOX 250DT TAB            ",MUIAB28,2026-03-31 00:00:00.000
"1648  ","ANGLOMOX 250DT TAB            ",NUTAB27,2025-11-30 00:00:00.000
"1649  ","ANGLOMOX CV 625               ",TB230423,2025-10-30 00:00:00.000
"1650  ","ANGLOMOX-500                  ",23A3921,2025-11-30 00:00:00.000
"1651  ","ANGLOMOX-CV 625 MG            ",NULL,NULL
"1652  ","ANGLOPAR 500                  ",TAF-232448,2026-11-30 00:00:00.000
"1653  ","ANGLOPAR-650 TAB(PARA)        ",TAF-231882,2026-09-30 00:00:00.000
"1654  ","ANGLORACE-5 TAB               ",T2310218,2026-09-30 00:00:00.000
"1654  ","ANGLORACE-5 TAB               ",T2403064,2027-02-28 00:00:00.000
"1655  ","ANGLOSCAB LOTION              ",NULL,NULL
"1656  ","ANGLOSPAS TAB                 ",TAF-231896,2025-09-30 00:00:00.000
"1656  ","ANGLOSPAS TAB                 ",TAF-241066,2026-04-30 00:00:00.000
"1657  ","ANKLE BINDER                  ",STD,NULL
"1658  ","ANKLET SMALL                  ",.,2026-04-01 00:00:00.000
"1659  ","ANMOX-250 CAP                 ",NULL,NULL
"1660  ","ANOCOLE CREAM                 ",NULL,NULL
"1661  ","ANSULIDE KID TAB              ",NULL,NULL
"1662  ","ANSULIDE TAB(NIMESULIDE)      ",NULL,NULL
"1663  ","ANSUPAR TAB                   ",NULL,NULL
"1664  ","ANSWELL (IBU+PARA)TAB         ",NULL,NULL
"1665  ","ANTACID MPS TAB               ",NULL,NULL
"1666  ","ANTACID MPS TAB               ",NULL,NULL
"1667  ","ANTACIDOL TAB                 ",NULL,NULL
"1668  ","ANTAVIS 150MG TAB             ",NULL,NULL
"1669  ","ANTAX 200 TAB                 ",NULL,NULL
"1670  ","ANTI POLUTION MASK            ",NULL,NULL
"1671  ","ANTI-PLAST                    ",752,2026-07-30 00:00:00.000
"1672  ","ANTI-PLAST LOTION             ",NULL,NULL
"1673  ","ANTICLOT AP 75MG TAB          ",NULL,NULL
"1674  ","ANTICOLD TAB                  ",AT-23429,2025-11-30 00:00:00.000
"1675  ","ANTIDOL TAB                   ",NULL,NULL
"1676  ","ANTIDOX CAP 100MG             ",231154,2026-10-30 00:00:00.000
"1676  ","ANTIDOX CAP 100MG             ",DPC012,2025-03-31 00:00:00.000
"1677  ","ANTIDOXY CAP                  ",NULL,NULL
"1678  ","ANTIFLAME TAB(D+P+S)          ",NULL,NULL
"1679  ","ANZILUM 0.25 TAB              ",NULL,NULL
"1680  ","ANZILUM 0.5 MG TAB            ",NULL,NULL
"1681  ","APCLOX-LB CAP                 ",NULL,NULL
"1682  ","APLEX CAP                     ",AC-23100,2025-11-30 00:00:00.000
"1682  ","APLEX CAP                     ",AC-2399,2025-11-30 00:00:00.000
"1682  ","APLEX CAP                     ",AC2368,2025-07-30 00:00:00.000
"1683  ","APP-UP TAB                    ",NULL,NULL
"1684  ","APRAN TERICOAT                ",BAT,2025-12-31 00:00:00.000
"1685  ","APRICORT FACE SCRUB           ",NULL,NULL
"1686  ","ARCHICHROME TAB               ",NULL,NULL
"1687  ","ARCIFLOX 500 TAB              ",NULL,NULL
"1688  ","ARICEF-O 200MG TAB            ",NULL,NULL
"1689  ","ARICEF-O PLUS                 ",NULL,NULL
"1690  ","ARIFLAME TAB                  ",NULL,NULL
"1691  ","AROFEN PLUS GEL               ",NULL,NULL
"1692  ","AROFEN PLUS GEL               ",NULL,NULL
"1693  ","AROFEN PLUS GEL               ",AXU208,2024-08-30 00:00:00.000
"1694  ","AROFEN PLUS GEL               ",NULL,NULL
"1695  ","AROFEN S 10`TAB               ",NULL,NULL
"1696  ","AROFEN-S 10`S                 ",NULL,NULL
"1697  ","AROFEN-S 10`S                 ",NULL,NULL
"1698  ","AROFEN-S 10`S TAB             ",NULL,NULL
"1699  ","AROFEN-S TAB                  ",NULL,NULL
"1700  ","AROMATIC AMMONIA SPIRIT       ",NULL,NULL
"1701  ","ARTEROSS PLUS TAB             ",NULL,NULL
"1702  ","ARTEROSS TAB                  ",NULL,NULL
"1703  ","ARTIFIT-SP100 KIT TAB         ",NULL,NULL
"1704  ","ASCORBIC ACID 100MG TAB       ",NULL,NULL
"1705  ","ASCORBIC ACID 50MG I.P        ",VF-149,2025-08-30 00:00:00.000
"1706  ","ASFER-XT TAB                  ",NULL,NULL
"1707  ","ASHYCOFLAM PLUS TAB           ",NULL,NULL
"1708  ","ASIKLOPAR                     ",NULL,NULL
"1709  ","ASIKLOPAR MR TAB              ",NULL,NULL
"1710  ","ASIKLOPAR SP TAB              ",NULL,NULL
"1711  ","ASLOFEN-MR TAB                ",NULL,NULL
"1712  ","ASLOMED-P TAB                 ",NULL,NULL
"1713  ","ASOMEX AT(2.5)TAB             ",NULL,NULL
"1714  ","ASONE(DEXA) TAB               ",AT-24011,2025-12-31 00:00:00.000
"1715  ","ASP(ACE+SERR+PARA)TAB         ",NULL,NULL
"1716  ","ASPIRIN 300MG TAB             ",NULL,NULL
"1717  ","ASPIRIN TAB 300MG             ",NULL,NULL
"1718  ","ASPRIN TAB                    ",NULL,NULL
"1719  ","ASPRIN TABLET I.P             ",NULL,NULL
"1720  ","ASPRO COLD & FLU TAB          ",NULL,NULL
"1721  ","ASPROFLAM TAB                 ",NULL,NULL
"1722  ","ASTHA PLUS TAB                ",NULL,NULL
"1723  ","ASTHACARE RESPULES 2.5ML      ",NULL,NULL
"1724  ","ASTHALIN RESPULES             ",NULL,NULL
"1725  ","ASTHALIN SOLUTION             ",NULL,NULL
"1726  ","ASTHALINE TAB                 ",NULL,NULL
"1727  ","ASTHAMIN TAB                  ",NULL,NULL
"1728  ","ASTHAMIN TAB                  ",NULL,NULL
"1729  ","ASTHANIL TAB                  ",NULL,NULL
"1730  ","ASTHANIR RESPULES 2.5ML       ",NULL,NULL
"1731  ","ASTHANONE TAB                 ",NULL,NULL
"1732  ","ASTOCLAV 625 TAB              ",NULL,NULL
"1733  ","ATACARE 25 TAB                ",NULL,NULL
"1734  ","ATACARE KID TAB               ",NULL,NULL
"1735  ","ATAGEN 10 TAB                 ",NULL,NULL
"1736  ","ATAZIS-25 TAB                 ",NULL,NULL
"1737  ","ATEN-50                       ",NULL,NULL
"1738  ","ATINE 40MG TAB                ",NULL,NULL
"1739  ","ATINE TAB (FAMOTIDINE 20MG)   ",AT-23437,2025-11-30 00:00:00.000
"1739  ","ATINE TAB (FAMOTIDINE 20MG)   ",AT-23450,2025-11-30 00:00:00.000
"1739  ","ATINE TAB (FAMOTIDINE 20MG)   ",AT-24005,2025-12-31 00:00:00.000
"1739  ","ATINE TAB (FAMOTIDINE 20MG)   ",AT-24035,2025-12-30 00:00:00.000
"1739  ","ATINE TAB (FAMOTIDINE 20MG)   ",AT-24044,2025-12-31 00:00:00.000
"1739  ","ATINE TAB (FAMOTIDINE 20MG)   ",AT-24047,2026-12-31 00:00:00.000
"1739  ","ATINE TAB (FAMOTIDINE 20MG)   ",AT-24062,2026-01-31 00:00:00.000
"1739  ","ATINE TAB (FAMOTIDINE 20MG)   ",AT-24063,2026-01-31 00:00:00.000
"1739  ","ATINE TAB (FAMOTIDINE 20MG)   ",AT-24064,2026-03-31 00:00:00.000
"1739  ","ATINE TAB (FAMOTIDINE 20MG)   ",AT-24093,2026-02-28 00:00:00.000
"1739  ","ATINE TAB (FAMOTIDINE 20MG)   ",AT-24094,2026-02-28 00:00:00.000
"1739  ","ATINE TAB (FAMOTIDINE 20MG)   ",AT-24097,2026-03-31 00:00:00.000
"1739  ","ATINE TAB (FAMOTIDINE 20MG)   ",AT-24129,2026-04-30 00:00:00.000
"1739  ","ATINE TAB (FAMOTIDINE 20MG)   ",AT-24130,2026-04-30 00:00:00.000
"1739  ","ATINE TAB (FAMOTIDINE 20MG)   ",AT-24160,2026-04-30 00:00:00.000
"1739  ","ATINE TAB (FAMOTIDINE 20MG)   ",AT-24161,2026-04-30 00:00:00.000
"1739  ","ATINE TAB (FAMOTIDINE 20MG)   ",AT-24162,2026-04-30 00:00:00.000
"1739  ","ATINE TAB (FAMOTIDINE 20MG)   ",AT-24163,2026-06-30 00:00:00.000
"1740  ","ATIZOLM 1.MG TAB              ",NULL,NULL
"1741  ","ATIZOLM TAB                   ",NULL,NULL
"1742  ","ATIZOLUM-0.5MG                ",NULL,NULL
"1743  ","ATKOF TAB                     ",AT-24033,2026-01-31 00:00:00.000
"1744  ","ATORBEST 10MG TAB             ",NULL,NULL
"1745  ","ATORITIC-10 TAB               ",NULL,NULL
"1746  ","ATORVAFINE 10 TAB             ",NULL,NULL
"1747  ","ATROBERT 10 TAB               ",NULL,NULL
"1748  ","ATRONIZ-10 TAB                ",NULL,NULL
"1749  ","AUDI (OMEZ)                   ",NULL,NULL
"1750  ","AUDI-D CAP                    ",NULL,NULL
"1751  ","AUGCARE 625MG TAB             ",NULL,NULL
"1752  ","AUGMED KID TAB                ",NULL,NULL
"1753  ","AUGMED-375 TAB                ",NULL,NULL
"1754  ","AULIX (HEMATINIC)CAP          ",NULL,NULL
"1755  ","AUTO CLAV TREY 9*9            ",NULL,NULL
"1756  ","AVIL-25MG TAB                 ",NULL,NULL
"1757  ","AVINORM TAB                   ",NULL,NULL
"1758  ","AXALADE ATTCK TAB             ",NKAT-013,2026-07-30 00:00:00.000
"1759  ","AXET 250 TAB                  ",NULL,NULL
"1760  ","AXET-500MG TAB                ",NULL,NULL
"1761  ","AXOFEN SPAS TAB               ",NULL,NULL
"1762  ","AYNA WALKER PLAIN IMP         ",NULL,NULL
"1763  ","AZ-250 TAB                    ",NULL,NULL
"1764  ","AZAB 250MG.TAB(AZITHROMYCIN)  ",NULL,NULL
"1765  ","AZAB-500(AZITHROMICINE)       ",NULL,NULL
"1766  ","AZAX TAB 500MG                ",NULL,NULL
"1767  ","AZEECET-250MG TAB             ",NULL,NULL
"1768  ","AZEN 250 TAB                  ",NULL,NULL
"1769  ","AZEN 500                      ",NULL,NULL
"1770  ","AZEN 500MG TAB                ",NULL,NULL
"1771  ","AZIDUS 500MG TAB              ",NULL,NULL
"1772  ","AZIGURD 250MG TAB             ",AZSII202,2025-08-30 00:00:00.000
"1773  ","AZIKAY 250MG TAB              ",NULL,NULL
"1774  ","AZIKAY 500 TAB                ",NULL,NULL
"1775  ","AZIKEM 250MG TAB              ",NULL,NULL
"1776  ","AZIKEM 500MG TAB              ",NULL,NULL
"1777  ","AZILAB 250MG TAB              ",AZIST-004,2025-01-31 00:00:00.000
"1778  ","AZIMAC-250 TAB                ",NULL,NULL
"1779  ","AZINA 250 TAB                 ",NULL,NULL
"1780  ","AZINA 500 TAB                 ",NULL,NULL
"1781  ","AZINOEL 250MG TAB             ",NULL,NULL
"1782  ","AZINOEL 500 TAB               ",NULL,NULL
"1783  ","AZINTAS 500 TAB               ",NULL,NULL
"1784  ","AZIPACE-500 MG TAB            ",NULL,NULL
"1785  ","AZIPHAR-250                   ",NULL,NULL
"1786  ","AZIRIN 500 TAB                ",NIST-004,2025-08-30 00:00:00.000
"1787  ","AZIRIN TAB 250                ",NULL,NULL
"1788  ","AZIRITE-250MG TAB             ",NULL,NULL
"1789  ","AZIROX 250 TAB                ",NULL,NULL
"1790  ","AZIROX 500MG TAB              ",NULL,NULL
"1791  ","AZISAN-250 TAB                ",ET23071,2025-03-31 00:00:00.000
"1792  ","AZISAN-500 TAB                ",NULL,NULL
"1793  ","AZISEC KIT                    ",NULL,NULL
"1794  ","AZISIGN 250 TAB               ",NULL,NULL
"1795  ","AZISIGN 500MG TAB             ",NULL,NULL
"1796  ","AZISPAN 500 TAB               ",NULL,NULL
"1797  ","AZITAS-250 TAB                ",NULL,NULL
"1798  ","AZITEX-250 TAB                ",NULL,NULL
"1799  ","AZITHEO 500MG TAB             ",GT240590,2026-02-28 00:00:00.000
"1800  ","AZITHR-MAX-250                ",NULL,NULL
"1801  ","AZITHR-MAX-500                ",NULL,NULL
"1802  ","AZITHRO 250 TAB               ",NULL,NULL
"1803  ","AZITHRO 500                   ",NULL,NULL
"1804  ","AZITHRO KIT TAB               ",NULL,NULL
"1805  ","AZITHROMAX-500 TAB            ",NULL,NULL
"1806  ","AZITHROMYCIN 250MG TAB        ",NULL,NULL
"1807  ","AZITHROMYZINE 500MG           ",NULL,NULL
"1808  ","AZITHROWIN-250 TAB            ",NULL,NULL
"1809  ","AZITHROWIN-500 TAB            ",NULL,NULL
"1810  ","AZITIS 250MG TAB              ",NULL,NULL
"1811  ","AZIVISTA 250MG TAB            ",JKAP24002,2025-12-31 00:00:00.000
"1812  ","AZIVISTA 500MG.TAB            ",JKRAB24006,2026-01-31 00:00:00.000
"1813  ","AZOLE-20MG CAP                ",AC-2283,2024-10-30 00:00:00.000
"1813  ","AZOLE-20MG CAP                ",AC-2436,2026-02-28 00:00:00.000
"1813  ","AZOLE-20MG CAP                ",AC-2447,2026-04-30 00:00:00.000
"1814  ","AZOLE-D CAP                   ",NULL,NULL
"1815  ","AZORID 250 TAB                ",NULL,NULL
"1816  ","AZOVID-500MG TAB              ",NULL,NULL
"1817  ","AZTEC-150MG TAB               ",NULL,NULL
"1818  ","AZTOR 40 TAB                  ",NULL,NULL
"1819  ","AZY-250 TAB                   ",NULL,NULL
"1820  ","AZZII-250 TAB                 ",NULL,NULL
"1821  ","B-MOX 500 CAP                 ",NULL,NULL
"1822  ","B.D 1ML TUBERCULINE SYRINGES  ",4020238,2029-01-31 00:00:00.000
"1823  ","B.D INSULINE SYRINGE          ",NULL,NULL
"1824  ","B.D NEEDLE NO.21G 1/2         ",NULL,NULL
"1825  ","B.D.1ML TUBERCLINE SYRINGE    ",NULL,NULL
"1826  ","B.D.50CC LUPER LOK SYRINGE    ",NULL,NULL
"1827  ","B.D.ALCHOL SWABS              ",NULL,NULL
"1828  ","B.D.INSULIN 6MM 31G SYRINGE   ",NULL,NULL
"1829  ","B.D.NEEDLE 22NO               ",NULL,NULL
"1830  ","B.D.NEEDLE NO.18              ",NULL,NULL
"1831  ","B.D.NEEDLE NO.18*1.5          ",NULL,NULL
"1832  ","B.D.NEEDLE NO.20/1/G          ",NULL,NULL
"1833  ","B.D.NEEDLE NO.21              ",NULL,NULL
"1834  ","B.D.NEEDLE NO.21G*1           ",NULL,NULL
"1835  ","B.D.NEEDLE NO.22G             ",NULL,NULL
"1836  ","B.D.NEEDLE NO.23              ",NULL,NULL
"1837  ","B.D.NEEDLE NO.23G             ",3115103,2026-04-30 00:00:00.000
"1837  ","B.D.NEEDLE NO.23G             ",4055204,2029-02-28 00:00:00.000
"1838  ","B.D.NEEDLE NO.24*             ",NULL,NULL
"1839  ","B.D.NEEDLE NO.24G             ",32375191,2028-06-30 00:00:00.000
"1839  ","B.D.NEEDLE NO.24G             ",3274056,2028-09-30 00:00:00.000
"1839  ","B.D.NEEDLE NO.24G             ",3330651,2028-11-30 00:00:00.000
"1839  ","B.D.NEEDLE NO.24G             ",3330652,2028-11-30 00:00:00.000
"1839  ","B.D.NEEDLE NO.24G             ",4038939,2029-01-31 00:00:00.000
"1840  ","B.D.NEEDLE NO.26*1.5          ",NULL,NULL
"1841  ","B.D.NEEDLE NO.26G 1/2         ",NULL,NULL
"1842  ","B.D.NEEDLE NO.26G 1/2         ",NULL,NULL
"1843  ","B.D.NEEDLE NO.27.1/2          ",3294586,2028-10-30 00:00:00.000
"1843  ","B.D.NEEDLE NO.27.1/2          ",3330667,2026-11-30 00:00:00.000
"1843  ","B.D.NEEDLE NO.27.1/2          ",3360219,2028-12-31 00:00:00.000
"1843  ","B.D.NEEDLE NO.27.1/2          ",4025029,2029-01-31 00:00:00.000
"1844  ","B.D.SPINAL NEEDLE 25G.        ",NULL,NULL
"1845  ","B.D.SPINAL NEEDLE NO.26G      ",NULL,NULL
"1846  ","B.GOKRUHURADI GUGGULU         ",NULL,NULL
"1847  ","B.P APP.MERCURIL              ",NULL,NULL
"1848  ","B.P.APP DIGITAL(HEM-8711)     ",NULL,NULL
"1849  ","B.P.APP DIGTAL OMRON HEM-8712 ",HEM8712,NULL
"1850  ","B.P.APP-DIAL DLX)             ",NULL,NULL
"1851  ","B.P.APP.DIAL TYPE D           ",.,NULL
"1852  ","B.P.APP.DIAL VELCRO           ",NULL,NULL
"1853  ","B.P.APP.DIAMOND DIGITAL       ",NULL,NULL
"1854  ","B.P.APP.DIGITAL               ",NULL,NULL
"1855  ","B.P.APP.DIGITAL (SEM-I )      ",NULL,NULL
"1856  ","B.P.APP.LCD REG.              ",.,2026-05-31 00:00:00.000
"1857  ","B.P.APP.MEDITECH              ",NULL,NULL
"1858  ","B.P.APP.MERCURY DELUXE        ",NULL,NULL
"1859  ","B.P.APP.MERCURY REGULAR       ",NULL,NULL
"1860  ","B.P.APP.OMRON 7113            ",NULL,NULL
"1861  ","B.P.APP.OMRON HEM 7121        ",NULL,NULL
"1862  ","B.P.APP.OMRON HEM-7124        ",NULL,NULL
"1863  ","B.P.APP.OMRON HEM-7203        ",NULL,NULL
"1864  ","B.P.APP.OMRON HEM-8712        ",NULL,NULL
"1865  ","B.P.APP.WRIST                 ",NULL,NULL
"1866  ","B.P.BULB                      ",NULL,NULL
"1867  ","B.P.BULB PLAIN                ",NULL,NULL
"1868  ","B.P.BULB PLAIN (DIAMOND)      ",.,NULL
"1869  ","B.P.BULB PLAIN(DIA)           ",NULL,NULL
"1870  ","B.P.BULB Z VALVE              ",.,2025-05-31 00:00:00.000
"1871  ","B.P.COIL (NATIONAL)           ",.,NULL
"1872  ","B.P.COIL (NATIONAL)           ",NULL,NULL
"1873  ","B.P.CONNECTOR                 ",NULL,NULL
"1874  ","B.P.CONNECTOR                 ",.,NULL
"1875  ","B.P.CUFF PLAIN                ",NULL,NULL
"1876  ","B.P.CUFF VELCRO               ",NULL,NULL
"1877  ","B.P.CUFF VELCRO XL            ",NULL,NULL
"1878  ","B.P.CUFF VELCRO(NEW)          ",.,2025-05-31 00:00:00.000
"1879  ","B.P.CUFF VELCRO..             ",NULL,NULL
"1880  ","B.P.DIAL HEAD                 ",NULL,NULL
"1881  ","B.P.DIGITAL                   ",NULL,NULL
"1882  ","B.P.GLASS TUBE                ",.,2025-05-31 00:00:00.000
"1883  ","B.P.GLASS TUBE*1              ",.,2025-05-31 00:00:00.000
"1884  ","B.P.HANDLE NO.3               ",.,NULL
"1885  ","B.P.HANDLE NO.4               ",.,2028-05-31 00:00:00.000
"1886  ","B.P.HINGES                    ",.,NULL
"1887  ","B.P.INGES(SITE LOCK)          ",NULL,NULL
"1888  ","B.P.INGIS                     ",NULL,NULL
"1889  ","B.P.INSTRUMENT                ",NULL,NULL
"1890  ","B.P.RUBBER BAG                ",NULL,NULL
"1891  ","B.P.RUBBER BAG                ",NULL,NULL
"1892  ","B.P.RUBBER BAG                ",NULL,NULL
"1893  ","B.P.RUBBER BAG                ",NULL,NULL
"1894  ","B.P.RUBBER BAG(NA)            ",.,2025-05-31 00:00:00.000
"1895  ","B.P.TUBE                      ",NULL,NULL
"1896  ","B.P.VALVE                     ",.,NULL
"1897  ","B.P.VALVE(DI)                 ",NULL,NULL
"1898  ","B.PLEX S/C TAB                ",NULL,NULL
"1899  ","B.PLEX S/C TAB                ",NULL,NULL
"1900  ","B.PLEX S/C TAB*               ",NULL,NULL
"1901  ","B.SINHANAD GUGGUL             ",NULL,NULL
"1902  ","B.SWASKUTAR RAS               ",NULL,NULL
"1903  ","BABYMOON 120ML FEEDING BOTTLE ",NULL,NULL
"1904  ","BABYMOON 125ML FEEDING BOTTLE ",DC25X-33,2028-04-30 00:00:00.000
"1905  ","BABYMOON 250ML FEEDING BOTTLE ",NULL,NULL
"1906  ","BABYMOON CREAM                ",854,2025-10-30 00:00:00.000
"1907  ","BABYMOON LSR FEEDING NIPPLES  ",NULL,NULL
"1908  ","BACTIGRAS                     ",NULL,NULL
"1909  ","BACTISAFE SOLUTION            ",NULL,NULL
"1910  ","BACTIVAC OINTMENT             ",D23062,2025-11-30 00:00:00.000
"1910  ","BACTIVAC OINTMENT             ",E3G001,2025-06-30 00:00:00.000
"1911  ","BACTOFF-200(OFLOX)            ",NULL,NULL
"1912  ","BAGNASPAS TAB                 ",NULL,NULL
"1913  ","BAKDINE 250 GM                ",NULL,NULL
"1914  ","BALCHAYAWAN 500GM             ",NULL,NULL
"1915  ","BANFORAB D TAB                ",ABTBA087,2026-01-31 00:00:00.000
"1915  ","BANFORAB D TAB                ",SNT-230024,2025-07-30 00:00:00.000
"1916  ","BANFORAB LS CAP               ",ABCPA006,2025-12-31 00:00:00.000
"1916  ","BANFORAB LS CAP               ",SNC-230044,2025-09-30 00:00:00.000
"1917  ","BANFORAB-DSR                  ",ABCPA001,2025-12-31 00:00:00.000
"1917  ","BANFORAB-DSR                  ",ABCPA022,2026-02-28 00:00:00.000
"1917  ","BANFORAB-DSR                  ",SNC-230036,2025-07-30 00:00:00.000
"1918  ","BANZEN-D TAB (D+S)            ",SNT-230208,2025-06-30 00:00:00.000
"1919  ","BARAGIN TAB                   ",NULL,NULL
"1920  ","BASMANTI RICE                 ",NULL,NULL
"1921  ","BAXIM-200 LB                  ",NULL,NULL
"1922  ","BECLOBEST CREAM               ",NULL,NULL
"1923  ","BECLOTAS-GM                   ",NULL,NULL
"1924  ","BECOMPLEX CAPS                ",NULL,NULL
"1925  ","BECOPLEX CAP                  ",NULL,NULL
"1926  ","BECOZINE CAP                  ",NULL,NULL
"1927  ","BECTOR16 TAB(BETAHISTINE)     ",AF23T416,2025-06-30 00:00:00.000
"1928  ","BEFAS-GB CAP                  ",NULL,NULL
"1929  ","BELADON TAB                   ",NULL,NULL
"1930  ","BELLADONNA STICK              ",NULL,NULL
"1931  ","BENCHEK SHAMPOO               ",NULL,NULL
"1932  ","BENOCEPT PLUS TAB             ",NULL,NULL
"1933  ","BENPAR TAB                    ",NULL,NULL
"1934  ","BENZ (ALBENDAZOLE) TAB        ",NULL,NULL
"1935  ","BENZYL SEPTOL ANTI.LIQU       ",NULL,NULL
"1936  ","BEPAMOL-500 TAB               ",NULL,NULL
"1937  ","BEROCIN-LB CAP                ",NULL,NULL
"1938  ","BESEULES CAP                  ",NULL,NULL
"1939  ","BESMOL TAB                    ",NULL,NULL
"1940  ","BET-0.5 TAB(BETAMETHASONE)    ",NULL,NULL
"1941  ","BET-ISTON TAB                 ",213-43,2025-08-30 00:00:00.000
"1942  ","BET-ISTON(BETA)               ",NULL,NULL
"1943  ","BETA-0.5                      ",NULL,NULL
"1944  ","BETAFEN TAB (IBU+PARA)        ",NULL,NULL
"1945  ","BETAFRENCH 100ML              ",NULL,NULL
"1946  ","BETAFRENCH OINT               ",E4008,2025-12-31 00:00:00.000
"1946  ","BETAFRENCH OINT               ",E4044,2026-01-30 00:00:00.000
"1947  ","BETAHIST-16 TAB               ",NULL,NULL
"1948  ","BETAHISTOL-16                 ",NULL,NULL
"1949  ","BETAMETASONE TAB              ",AN3013BO,2025-10-30 00:00:00.000
"1950  ","BETAMETHASONE 0.5MG TAB       ",PP/874,2026-01-30 00:00:00.000
"1951  ","BETAMETHASONE TAB             ",NULL,NULL
"1952  ","BETAMETHASONE TAB             ",NULL,NULL
"1953  ","BETAMETHASONE TAB             ",NULL,NULL
"1954  ","BETAMETHASONE TAB I.P.        ",NULL,NULL
"1955  ","BETAMETHASONET TAB            ",NULL,NULL
"1956  ","BETAMOX-LB                    ",NULL,NULL
"1957  ","BETASON-SP TAB                ",NULL,NULL
"1958  ","BETAVUE 16 TAB                ",NULL,NULL
"1959  ","BETHAMETHASONE TAB            ",NULL,NULL
"1960  ","BETNASONE TAB(O)              ",NULL,NULL
"1961  ","BETOKON CREAM                 ",NULL,NULL
"1962  ","BETRIM 480 TAB(SEPTRAN)       ",NULL,NULL
"1963  ","BETRIM-480 (SEPTRAN)          ",NULL,NULL
"1964  ","BETSONE-5C                    ",NULL,NULL
"1965  ","BETT INJ.*                    ",NULL,NULL
"1966  ","BEXICAM TAB                   ",NULL,NULL
"1967  ","BICMOL(PARA+CPM)              ",NULL,NULL
"1968  ","BIDAZEN-10 TAB                ",NULL,NULL
"1969  ","BILAX TAB                     ",NULL,NULL
"1970  ","BILAX TAB 200MG               ",231165,2026-10-30 00:00:00.000
"1971  ","BINODINE-M CREAM              ",O-235015,2025-04-30 00:00:00.000
"1972  ","BIOCEZ-D3 STRONG              ",NULL,NULL
"1973  ","BIOCHEM`S ORS LIQUID          ",NULL,NULL
"1974  ","BIODERM-K5                    ",NULL,NULL
"1975  ","BIODINE 125GM                 ",NULL,NULL
"1976  ","BIOHISTIN-16 TAB              ",NULL,NULL
"1977  ","BIOLAM-0.25 TAB               ",NULL,NULL
"1978  ","BIOPEN (SQ) TAB               ",NULL,NULL
"1979  ","BIOPHEN(O)TAB                 ",NULL,NULL
"1980  ","BIOPHEN(R)TAB                 ",NULL,NULL
"1981  ","BIOPLEX (B.C)CAP              ",C 382,2025-09-30 00:00:00.000
"1981  ","BIOPLEX (B.C)CAP              ",C-386,2025-07-30 00:00:00.000
"1981  ","BIOPLEX (B.C)CAP              ",C367,2020-12-31 00:00:00.000
"1982  ","BIOPLEX CAP(GRANUALS)         ",NULL,NULL
"1983  ","BIOPROT SYP                   ",NULL,NULL
"1984  ","BIOSCAB LOTION                ",NULL,NULL
"1985  ","BIOSCAB SOAP                  ",NULL,NULL
"1986  ","BIOSCABY LOTION               ",NULL,NULL
"1987  ","BIOSPAS TAB                   ",NULL,NULL
"1988  ","BISACODYL 5MG TAB             ",NULL,NULL
"1989  ","BISACODYL 5MG TAB             ",BS-215,2026-08-30 00:00:00.000
"1989  ","BISACODYL 5MG TAB             ",DS-215,2026-08-30 00:00:00.000
"1990  ","BISACODYL 5MG.TAB             ",NULL,NULL
"1991  ","BISACODYL 5MG.TAB             ",NULL,NULL
"1992  ","BISACODYL TAB                 ",NULL,NULL
"1993  ","BISACODYL TAB                 ",NULL,NULL
"1994  ","BISACODYL TAB                 ",NULL,NULL
"1995  ","BISACODYL TAB                 ",NULL,NULL
"1996  ","BISALAX TAB                   ",NULL,NULL
"1997  ","BISAPEN TAB                   ",PP/206,2025-05-30 00:00:00.000
"1997  ","BISAPEN TAB                   ",PP/659,2025-11-30 00:00:00.000
"1997  ","BISAPEN TAB                   ",PP701,2024-10-30 00:00:00.000
"1998  ","BISLEX TAB (BISACODYL)        ",NULL,NULL
"1999  ","BISMOL TAB(PARA+CPM)          ",NULL,NULL
"2000  ","BITAMOX-CV LB 625             ",NULL,NULL
"2001  ","BITTPLEX CAP                  ",NULL,NULL
"2002  ","BLADE HANDLE 2 IN 1           ",NULL,NULL
"2003  ","BLESODIN 5% LOTION  500ML     ",PS2308225,2025-07-30 00:00:00.000
"2004  ","BLESODINE OINT 15GM           ",NULL,NULL
"2005  ","BLOOD FINE CAP LOOSE          ",NULL,NULL
"2006  ","BLUZOLE 1%(CLOTRIMAZOLE DUST) ",NULL,NULL
"2007  ","BMINT TAB                     ",NULL,NULL
"2008  ","BODONIDE 0.5 RES.             ",2141031,2023-04-30 00:00:00.000
"2009  ","BODY CROW POWDER              ",NULL,NULL
"2010  ","BODY GROW DHA                 ",NULL,NULL
"2011  ","BODY GROW POWDER              ",NULL,NULL
"2012  ","BODY GROW POWDER              ",NULL,NULL
"2013  ","BODY GROW POWDER              ",NULL,NULL
"2014  ","BODY GROW POWDER              ",NULL,NULL
"2015  ","BODY GROW POWDER              ",NULL,NULL
"2016  ","BODY GROW POWDER(ZYDUS)       ",NULL,NULL
"2017  ","BODY MAKER PLUS               ",NULL,NULL
"2018  ","BODY POWER                    ",NULL,NULL
"2019  ","BODY POWER CAP                ",NULL,NULL
"2020  ","BODYFAST POWDER               ",NULL,NULL
"2021  ","BODYFIT CAP                   ",NULL,NULL
"2022  ","BODYGROW POWDER               ",NULL,NULL
"2023  ","BODYRICH CAP                  ",NULL,NULL
"2024  ","BODYRICH CAP                  ",NULL,NULL
"2025  ","BODYRICH CAPS                 ",NULL,NULL
"2026  ","BODYVITAL+ CAP                ",NULL,NULL
"2027  ","BONE CUTTER 10""               ",NULL,NULL
"2028  ","BONE CUTTER 7""                ",NULL,NULL
"2029  ","BORIC ACID                    ",NULL,NULL
"2030  ","BORIC ACID                    ",NULL,NULL
"2031  ","BOROGLYCEROL                  ",NULL,NULL
"2032  ","BOTTAL                        ",NULL,NULL
"2033  ","BPLEX-A CAP                   ",NULL,NULL
"2034  ","BREATHEASY CAP                ",NULL,NULL
"2035  ","BREATHWEL TAB                 ",NULL,NULL
"2036  ","BRILO K/P POWDER              ",NULL,NULL
"2037  ","BROADDICLOX-NOVO CAP          ",NULL,NULL
"2038  ","BROFER-XT TAB                 ",NULL,NULL
"2039  ","BROIC ACID POWDER             ",NULL,NULL
"2040  ","BROMEX-S TAB                  ",NULL,NULL
"2041  ","BROMEXINE TAB                 ",PP/662,2025-11-30 00:00:00.000
"2041  ","BROMEXINE TAB                 ",PP014,2026-03-31 00:00:00.000
"2042  ","BROMEXINE TAB                 ",NULL,NULL
"2043  ","BROMEXINE TAB                 ",NULL,NULL
"2044  ","BROMEXINE TAB                 ",NULL,NULL
"2045  ","BROMHEXINE                    ",NULL,NULL
"2046  ","BROMHEXINE TAB                ",NULL,NULL
"2047  ","BROMHEXINE TAB                ",NULL,NULL
"2048  ","BROMIGEN-PLUS (R)TAB          ",NULL,NULL
"2049  ","BROMIN TAB                    ",NULL,NULL
"2050  ","BROMOHEXINE 8MG TAB           ",NULL,NULL
"2051  ","BROMOL TAB                    ",NULL,NULL
"2052  ","BROMOPEN TAB                  ",PP-014,2026-03-31 00:00:00.000
"2052  ","BROMOPEN TAB                  ",PP/662,2025-11-30 00:00:00.000
"2052  ","BROMOPEN TAB                  ",PP/779,2025-12-30 00:00:00.000
"2053  ","BROMSOL TAB                   ",NULL,NULL
"2054  ","BROVSAL TAB                   ",NULL,NULL
"2055  ","BROXID TAB                    ",NULL,NULL
"2056  ","BRUCE TAB                     ",NULL,NULL
"2057  ","BRUCETA FORTE (I+B)           ",NULL,NULL
"2058  ","BRUGIN (IBU+PARA)TAB          ",552,2026-03-31 00:00:00.000
"2058  ","BRUGIN (IBU+PARA)TAB          ",553,2026-07-30 00:00:00.000
"2059  ","BRUN RELIFE CREAM`            ",NULL,NULL
"2060  ","BRUNCAM SS CREAM              ",NULL,NULL
"2061  ","BUDECEL RESPULLES 0.5MG       ",NULL,NULL
"2062  ","BUDECORT-0.5 RESPEULES        ",NULL,NULL
"2063  ","BUDEKLIN-0.5 RESPULES         ",NULL,NULL
"2064  ","BUDELISER RESPULE             ",K1090183,2025-07-30 00:00:00.000
"2065  ","BUDESULES AMP                 ",NULL,NULL
"2066  ","BUDHI VIKAS CAP LOOSE         ",NULL,NULL
"2067  ","BURN NIL CREAM                ",DE3I05,2025-08-30 00:00:00.000
"2068  ","BURNFREE CREAM                ",NULL,NULL
"2069  ","BURNHURB BURNS CREAM          ",NULL,NULL
"2070  ","BURNO COOL CREAM              ",NULL,NULL
"2071  ","BURNOWIN CREAM                ",NULL,NULL
"2072  ","BURNSAL CREAM*                ",NULL,NULL
"2073  ","BUSCOPAN AMP*                 ",NULL,NULL
"2074  ","BUSCOPAN AMP.                 ",NULL,NULL
"2075  ","BUTA-100 TAB (PHY)            ",NULL,NULL
"2076  ","BUTAL-100 TAB                 ",NULL,NULL
"2077  ","BYECOLD CAP                   ",NULL,NULL
"2078  ","BYTA BLUE YAB                 ",NULL,NULL
"2079  ","C FODE-200                    ",NULL,NULL
"2080  ","C ZINE (BLUE) TAB             ",NULL,NULL
"2081  ","C ZINE (O) YELLOW TAB         ",NULL,NULL
"2082  ","C-ACT 250MG TAB               ",4069,2025-11-30 00:00:00.000
"2082  ","C-ACT 250MG TAB               ",4210,2026-01-30 00:00:00.000
"2083  ","C-ACT-500TAB                  ",NULL,NULL
"2084  ","C-CEF LB TAB                  ",NULL,NULL
"2085  ","C-FAST 250(ACIPRO)            ",AT-23059,2025-01-31 00:00:00.000
"2085  ","C-FAST 250(ACIPRO)            ",AT-24070,2026-02-28 00:00:00.000
"2085  ","C-FAST 250(ACIPRO)            ",AT-24071,2026-02-28 00:00:00.000
"2086  ","C-FLOX 500 TAB                ",NULL,NULL
"2087  ","C-MOL TAB(400+2MG TAB)        ",NULL,NULL
"2088  ","C-PAR-100MG TAB               ",NULL,NULL
"2089  ","C-PIN TAB                     ",4066,2025-11-30 00:00:00.000
"2089  ","C-PIN TAB                     ",4067,2025-11-30 00:00:00.000
"2089  ","C-PIN TAB                     ",4131,2025-11-30 00:00:00.000
"2089  ","C-PIN TAB                     ",4224,2026-01-31 00:00:00.000
"2090  ","C-POD-200 DT                  ",NULL,NULL
"2091  ","C-ZEN TAB                     ",NULL,NULL
"2092  ","C.P.BIOTIC SACHET             ",NULL,NULL
"2093  ","C.P.HIST TAB                  ",NULL,NULL
"2094  ","C.P.M TAB                     ",NULL,NULL
"2095  ","C.P.M TAB                     ",NULL,NULL
"2096  ","C.P.M TAB                     ",NULL,NULL
"2097  ","C.P.MALATE TAB                ",NULL,NULL
"2098  ","C.P.MALEATE TAB               ",NULL,NULL
"2099  ","CADCAL SACHET                 ",GDM0039,2025-07-30 00:00:00.000
"2100  ","CADCAL-500MG TAB              ",NULL,NULL
"2101  ","CADFERZ CAP                   ",NULL,NULL
"2102  ","CADFOL CAP                    ",GTM0241,2025-02-28 00:00:00.000
"2103  ","CADFOL-Z CAP                  ",NULL,NULL
"2104  ","CADIAFAST 100MG CAP           ",NULL,NULL
"2105  ","CADIDINE SOULTION             ",NULL,NULL
"2106  ","CADILA`S HAND SANITIZER       ",NULL,NULL
"2107  ","CADIWIN 500 TAB               ",NULL,NULL
"2108  ","CADIXIM 100 DT                ",NULL,NULL
"2109  ","CADIXIM 200 TAB               ",NULL,NULL
"2110  ","CADIXIM CV TAB                ",NULL,NULL
"2111  ","CADIXIM OF TAB                ",NULL,NULL
"2112  ","CADLON ANTISEPTIC             ",NULL,NULL
"2113  ","CADPRO POWDER                 ",NULL,NULL
"2114  ","CADVOCET-M TAB                ",NULL,NULL
"2115  ","CAL-D-MIN 500T.(A.P)          ",NULL,NULL
"2116  ","CAL-G CAL TAB                 ",NULL,NULL
"2117  ","CAL-G-CAL SACHET              ",NULL,NULL
"2118  ","CAL-LITE (SUGAR FREE TAB)     ",NULL,NULL
"2119  ","CALA LOTION                   ",NULL,NULL
"2120  ","CALACARE 100ML                ",NULL,NULL
"2121  ","CALACARE LOTION               ",N1230016,2025-03-31 00:00:00.000
"2122  ","CALAFORD-AE LOTION            ",NULL,NULL
"2123  ","CALAGY LOTION                 ",SPA232318,2025-09-30 00:00:00.000
"2124  ","CALALAYER LOTION              ",NULL,NULL
"2125  ","CALAMEN LOTION                ",NULL,NULL
"2126  ","CALAMINA LOTION               ",NULL,NULL
"2127  ","CALAMINA LOTION I.P           ",NULL,NULL
"2128  ","CALAMINE LOTION               ",NULL,NULL
"2129  ","CALAMOON LOTION               ",085,2026-04-30 00:00:00.000
"2130  ","CALAWIL LOTION                ",161,2025-09-30 00:00:00.000
"2131  ","CALCAL-500 TAB                ",NULL,NULL
"2132  ","CALCI QUICK TAB               ",NULL,NULL
"2133  ","CALCIBON TAB                  ",NULL,NULL
"2134  ","CALCICAL SACHET               ",NULL,NULL
"2135  ","CALCICAL-500MG TAB            ",NULL,NULL
"2136  ","CALCICUM LACTATE TAB          ",CAL-390,2027-01-31 00:00:00.000
"2137  ","CALCICUM LACTATE TAB I.P      ",NULL,NULL
"2138  ","CALCIDOL TAB                  ",NULL,NULL
"2139  ","CALCIFORD-K2 TAB              ",NULL,NULL
"2140  ","CALCIGEN 500 TAB              ",NULL,NULL
"2141  ","CALCIGEN D3 SOFT CAP          ",NULL,NULL
"2142  ","CALCIGIANT MCB TAB            ",DLT-9395,2025-07-30 00:00:00.000
"2142  ","CALCIGIANT MCB TAB            ",SGT833,2025-06-30 00:00:00.000
"2143  ","CALCIGIANT SUPER              ",NULL,NULL
"2144  ","CALCIGIANT-CCM TAB            ",NULL,NULL
"2145  ","CALCINA D3 SACHET             ",ID23-S18,2025-01-30 00:00:00.000
"2146  ","CALCINA-500 TAB               ",NULL,NULL
"2147  ","CALCINEC D3 SOFTGEL CAP       ",NULL,NULL
"2148  ","CALCIQUICK D3 60K CAO         ",NULL,NULL
"2149  ","CALCIQUICK MCB                ",DT405100,2026-04-30 00:00:00.000
"2149  ","CALCIQUICK MCB                ",SGT833,2025-06-30 00:00:00.000
"2150  ","CALCIQUICK SUPER TAB          ",DI402003,2026-01-31 00:00:00.000
"2150  ","CALCIQUICK SUPER TAB          ",DT402003,2026-01-31 00:00:00.000
"2151  ","CALCITAS-D 500 TAB            ",NULL,NULL
"2152  ","CALCITAS-D3 CAP               ",NULL,NULL
"2153  ","CALCITAS-POWDER               ",NULL,NULL
"2154  ","CALCIUM LACTATE I.P           ",896,2026-03-31 00:00:00.000
"2155  ","CALCIUM LACTATE TAB           ",pp/645,2025-11-30 00:00:00.000
"2156  ","CALCIUM LACTATE TAB I.P.      ",NULL,NULL
"2157  ","CALCIUM LACTATE TAB.          ",PP/780,2025-12-31 00:00:00.000
"2158  ","CALCIUM LACTATED TAB          ",7224,2026-01-31 00:00:00.000
"2159  ","CALCIWEL-500                  ",NULL,NULL
"2160  ","CALCIZEST TAB                 ",NLT-07624,2026-03-31 00:00:00.000
"2161  ","CALCLIDE TAB                  ",NULL,NULL
"2162  ","CALCOST D3 TAB                ",NULL,NULL
"2163  ","CALCOSURE CAP                 ",NULL,NULL
"2164  ","CALCUIM LACTATE TAB           ",NULL,NULL
"2165  ","CALDAL-500 TAB                ",NULL,NULL
"2166  ","CALDIMAX K2 TAB               ",NULL,NULL
"2167  ","CALDIMOON-500 TAB             ",NULL,NULL
"2168  ","CALDIMOON-D3 SOFT GEL CAP     ",GS-31422,2024-07-30 00:00:00.000
"2168  ","CALDIMOON-D3 SOFT GEL CAP     ",GS-41005,2024-09-30 00:00:00.000
"2169  ","CALGEL CAP                    ",SQD-1509,2023-04-30 00:00:00.000
"2170  ","CALGEL CAP                    ",NULL,NULL
"2171  ","CALGEL SOFTGEL CAP            ",NULL,NULL
"2172  ","CALIFUL 500MG TAB             ",NULL,NULL
"2173  ","CALIFUL 500MG.TAB             ",NULL,NULL
"2174  ","CALIFUL TAB                   ",NULL,NULL
"2175  ","CALIREX-CV LOTION             ",NULL,NULL
"2176  ","CALKEM SOFT                   ",NULL,NULL
"2177  ","CALLY KOOL LOTION             ",NULL,NULL
"2178  ","CALOSURE LOTION               ",NULL,NULL
"2179  ","CALOZOLE-V6 TAB               ",NULL,NULL
"2180  ","CALPOL 650MG JAR              ",NULL,NULL
"2181  ","CALPOL(1000)TAB               ",EB2406,2025-12-30 00:00:00.000
"2181  ","CALPOL(1000)TAB               ",EB2446,2026-02-28 00:00:00.000
"2182  ","CALTOP-CZ CAP                 ",NULL,NULL
"2183  ","CALWOCK-D SACHET              ",NULL,NULL
"2184  ","CALWOK TAB                    ",NULL,NULL
"2185  ","CALZAC 250MG TAB              ",NULL,NULL
"2186  ","CALZAC CHAWEBLE TAB           ",NULL,NULL
"2187  ","CALZAC CHEW 625MG (CHOCO)     ",NULL,NULL
"2188  ","CALZAC CT SOFT GEL CAP        ",NULL,NULL
"2189  ","CALZAC-500MG TAB(CAL+VIT)     ",NULL,NULL
"2190  ","CALZICAL CAP                  ",NULL,NULL
"2191  ","CALZIN LOTION                 ",NULL,NULL
"2192  ","CAMESTIN DUSTING POWDER       ",NULL,NULL
"2193  ","CAMPILOX CAP                  ",NULL,NULL
"2194  ","CANAZOLE B CREAM              ",NULL,NULL
"2195  ","CANAZOLE CREAM 15GM           ",NULL,NULL
"2196  ","CANAZOLE-VG GEL               ",NULL,NULL
"2197  ","CANAZOLE-VG TAB               ",NULL,NULL
"2198  ",CANCAP-VT(CLOTRIMAZOLE VAGINAL,NULL,NULL
"2199  ","CANDIGEN 200 CAP              ",NULL,NULL
"2200  ","CANDITAS DUSTIN POWDER        ",NULL,NULL
"2201  ","CANDIWIN 200MG CAP            ",NULL,NULL
"2202  ","CANDIZOLE B CREAM             ",NULL,NULL
"2203  ","CANDIZOLE PLAIN CREAM         ",NULL,NULL
"2204  ","CANDY POWDER                  ",NULL,NULL
"2205  ","CANJOCAL-500MG TAB            ",NULL,NULL
"2206  ","CANRID CREAM                  ",NULL,NULL
"2207  ","CANTEL TAB                    ",NULL,NULL
"2208  ","CANTOP POWDER                 ",MA2303,2027-02-28 00:00:00.000
"2209  ","CANVITRY-200 CAP              ",NULL,NULL
"2210  ","CANZIKA(FLUCO)                ",NULL,NULL
"2211  ","CAP BUFFENT-HEAD HP-CARE DI   ",NULL,NULL
"2212  ","CAP.VITAMIN B-COMPLEX GR      ",NULL,NULL
"2213  ","CAP.WINCID                    ",NULL,NULL
"2214  ","CAR-RACE-5 TAB                ",NULL,NULL
"2215  ","CARDICAL -50                  ",NULL,NULL
"2216  ","CARDICAL-AM TAB               ",NULL,NULL
"2217  ","CARDINOL PLUS TAB             ",30-048,2025-10-30 00:00:00.000
"2217  ","CARDINOL PLUS TAB             ",30-054,2026-02-28 00:00:00.000
"2217  ","CARDINOL PLUS TAB             ",30054,2026-02-28 00:00:00.000
"2218  ","CARE D3 CAP                   ",NULL,NULL
"2219  ","CARINOLL                      ",NULL,NULL
"2220  ","CARMINATIVE MIXTURE           ",NULL,NULL
"2221  ","CAROVI G CAP                  ",NULL,NULL
"2222  ","CARTIZOX-DN TAB               ",NULL,NULL
"2223  ","CARVENT PLUS                  ",NULL,NULL
"2224  ","CAT KOF TAB                   ",NULL,NULL
"2225  ","CAVICAL TAB                   ",CHT-4228,2025-10-30 00:00:00.000
"2226  ","CAVICAL TAB                   ",NULL,NULL
"2227  ","CAZODID OINT                  ",NULL,NULL
"2228  ","CAZOL CREAM                   ",NULL,NULL
"2229  ","CAZOL POWDER                  ",NULL,NULL
"2230  ","CAZOL POWDER                  ",NULL,NULL
"2231  ","CCZ PLUS TAB                  ",NULL,NULL
"2232  ","CCZ TAB                       ",NULL,NULL
"2233  ","CEBACT GM                     ",NULL,NULL
"2234  ","CECOLD TAB                    ",NULL,NULL
"2235  ","CEEDROX 250TAB                ",NULL,NULL
"2236  ","CEEDROX-500 TAB               ",NULL,NULL
"2237  ","CEEFEXIME-200 LB              ",NULL,NULL
"2238  ","CEEFIX 200 MG TAB             ",NULL,NULL
"2239  ","CEEMOX-L CAP                  ",NULL,NULL
"2240  ","CEEZEE-500 TAB                ",NULL,NULL
"2241  ","CEFADROXIL 250M TAB           ",NULL,NULL
"2242  ","CEFADROXIL 250MG TAB          ",NULL,NULL
"2243  ","CEFADROXIL 250MG TAB          ",NULL,NULL
"2244  ","CEFADROXIL 250MG TAB          ",NULL,NULL
"2245  ","CEFADROXIL DISP.125MG TAB     ",NULL,NULL
"2246  ","CEFAPOD 200MG TAB             ",NULL,NULL
"2247  ","CEFFRENCH 200DT               ",NULL,NULL
"2248  ","CEFICO-200 TAB                ",NULL,NULL
"2249  ","CEFIJET TAB                   ",BMT-2827,2026-01-31 00:00:00.000
"2249  ","CEFIJET TAB                   ",BMT-2828,2026-01-31 00:00:00.000
"2249  ","CEFIJET TAB                   ",T230255,2025-08-30 00:00:00.000
"2250  ","CEFILAB 50DT TAB              ",NULL,NULL
"2251  ","CEFILIX-LB TAB                ",NULL,NULL
"2252  ","CEFIMOON-200 TAB              ",MSB-23006,2025-02-28 00:00:00.000
"2253  ","CEFINEX-200 TAB               ",NULL,NULL
"2254  ","CEFINTA-O TAB                 ",NULL,NULL
"2255  ","CEFIPAAM-200LB                ",NULL,NULL
"2256  ","CEFIQUIK 200MG TAB            ",NULL,NULL
"2257  ","CEFIQUIK-L 200MG TAB          ",NULL,NULL
"2258  ","CEFIVAC 200 TAB               ",NULL,NULL
"2259  ","CEFIXIME 200MG TAB            ",NULL,NULL
"2260  ","CEFLO-POD 100MG TAB           ",NULL,NULL
"2261  ","CEFLOX 250MG TAB              ",NULL,NULL
"2262  ","CEFLOX 500MG TAB              ",NULL,NULL
"2263  ","CEFLY O-LAB 200MG TAB         ",NULL,NULL
"2264  ","CEFMITAS 200DT TAB            ",NULL,NULL
"2265  ","CEFMITAS-O                    ",NULL,NULL
"2266  ","CEFOCEF-200MG TAB             ",NULL,NULL
"2267  ","CEFPIN-200 TAB                ",LTCP223003,2025-11-30 00:00:00.000
"2268  ","CEFPOSIGN DT 200MG TAB        ",NULL,NULL
"2269  ","CEFQUIK-O TAB                 ",NULL,NULL
"2270  ","CEFUMAY O 200LB TAB           ",NULL,NULL
"2271  ","CEFX-O-200 TAB                ",NULL,NULL
"2272  ","CEFXI-LB TAB                  ",NULL,NULL
"2273  ","CEFXI-OF TAB                  ",DB230302,2025-10-30 00:00:00.000
"2274  ","CEFYX-O TAB                   ",NULL,NULL
"2275  ","CEFYX-O TAB                   ",NULL,NULL
"2276  ","CEFYXIM CV TAB                ",871-008,2025-07-30 00:00:00.000
"2276  ","CEFYXIM CV TAB                ",B71-007,2025-04-30 00:00:00.000
"2277  ","CEFYXIM DT 100 TAB            ",NULL,NULL
"2278  ","CEFYXIM DT 200 TAB            ",NULL,NULL
"2279  ","CEFZIM O 200MG TAB            ",NULL,NULL
"2280  ","CEMEX-200 TAB                 ",NULL,NULL
"2281  ","CENITRA 100 CAP               ",NULL,NULL
"2282  ","CEPDOX 125DT TAB              ",NULL,NULL
"2283  ","CEPDOX 250MG TAB              ",NULL,NULL
"2284  ","CEPHALEXIN 500MG CAP          ",NULL,NULL
"2285  ","CEPHBID 250DT TAB             ",NULL,NULL
"2286  ","CEPMOX 125 DT                 ",NULL,NULL
"2287  ","CEPMOX 250MG CAP              ",NULL,NULL
"2288  ","CEPOCEF 200MG TAB             ",NULL,NULL
"2289  ","CEPTDROX 500MG TAB            ",NULL,NULL
"2290  ","CEPZOPOD 200 TAB              ",NULL,NULL
"2291  ","CERCICLOX-DC CAP              ",NULL,NULL
"2292  ","CERIZ TAB                     ",NULL,NULL
"2293  ","CERIZ-L TAB                   ",NULL,NULL
"2294  ","CEROXITUM 500MG TAB           ",NULL,NULL
"2295  ","CERTRIZINE TAB                ",NULL,NULL
"2296  ","CERVICAL COLLAR (M)           ",NULL,NULL
"2297  ","CERZIN TAB                    ",NULL,NULL
"2298  ","CET PLUS                      ",NULL,NULL
"2299  ","CET PLUS TAB                  ",NULL,NULL
"2300  ","CET PLUS TAB                  ",NULL,NULL
"2301  ","CETAZIN TAB                   ",3754(Y),2025-09-30 00:00:00.000
"2301  ","CETAZIN TAB                   ",3755,2025-09-30 00:00:00.000
"2301  ","CETAZIN TAB                   ",3755(P),2025-09-30 00:00:00.000
"2301  ","CETAZIN TAB                   ",3756(G),2025-09-30 00:00:00.000
"2301  ","CETAZIN TAB                   ",3941(Y),2025-10-30 00:00:00.000
"2301  ","CETAZIN TAB                   ",4113(P),2025-12-31 00:00:00.000
"2301  ","CETAZIN TAB                   ",4115(G),2025-12-31 00:00:00.000
"2301  ","CETAZIN TAB                   ",4120,2025-12-30 00:00:00.000
"2302  ","CETAZIN TAB 500               ",NULL,NULL
"2303  ","CETCOR                        ",NULL,NULL
"2304  ","CETCOR L TAB                  ",NULL,NULL
"2305  ","CETFLAM TAB                   ",B23325,2026-07-30 00:00:00.000
"2306  ","CETGEN(CETRIZINE) TAB         ",NULL,NULL
"2307  ","CETICAD PLUS TAB              ",NULL,NULL
"2308  ","CETILIFE-LV                   ",NULL,NULL
"2309  ","CETINAM TAB                   ",NULL,NULL
"2310  ","CETIPEN-10                    ",NULL,NULL
"2311  ","CETIRIZINE 10MG TAB           ",NULL,NULL
"2312  ","CETIRIZINE 10MG TAB (WIN)     ",NULL,NULL
"2313  ","CETIRIZINE 10MG.TAB           ",NULL,NULL
"2314  ","CETIRIZINE 10MG.TAB           ",NULL,NULL
"2315  ","CETIRIZINE 10MG.TAB           ",NULL,NULL
"2316  ","CETIRIZINE TAB                ",NULL,NULL
"2317  ","CETIRIZINE TAB                ",NULL,NULL
"2318  ","CETIRIZINE(HOPE)TAB           ",NULL,NULL
"2319  ","CETMAK-10 TAB (WIN)           ",CHT-3948,2026-08-30 00:00:00.000
"2320  ","CETMOL(PARA+CPM)TAB           ",NULL,NULL
"2321  ","CETMOON TAB                   ",MS23013,2025-09-30 00:00:00.000
"2322  ","CETMOON-LC                    ",MLT-012302,2024-12-31 00:00:00.000
"2323  ","CETNAZ TAB                    ",NULL,NULL
"2324  ","CETNET PLUS TAB               ",NULL,NULL
"2325  ","CETNET-10 TAB                 ",NULL,NULL
"2326  ","CETRAMAC TAB                  ",NULL,NULL
"2327  ","CETRAZINE TAB                 ",NULL,NULL
"2328  ","CETRICOL SOAP                 ",NULL,NULL
"2329  ","CETRIFID TAB(L)               ",NULL,NULL
"2330  ","CETRIKOP TAB                  ",NULL,NULL
"2331  ","CETRIMARK TAB                 ",AF-231786,2025-10-30 00:00:00.000
"2332  ","CETRIWIN TAB                  ",NULL,NULL
"2333  ","CETRIZINE (AGICET)            ",NULL,NULL
"2334  ","CETRIZINE (L)TAB              ",NULL,NULL
"2335  ","CETRIZINE 10MG TAB            ",NULL,NULL
"2336  ","CETRIZINE 10MG TAB(Y)         ",NULL,NULL
"2337  ","CETRIZINE 10MG.TAB            ",NULL,NULL
"2338  ","CETRIZINE DIHYDROCHLOR TAB    ",NULL,NULL
"2339  ","CETRIZINE HCL IP 10MG TAB     ",NULL,NULL
"2340  ","CETRIZINE HCL TAB 10MG        ",NULL,NULL
"2341  ","CETRIZINE TAB                 ",NULL,NULL
"2342  ","CETRIZINE TAB                 ",NULL,NULL
"2343  ","CETRIZINE TAB                 ",NULL,NULL
"2344  ","CETRIZINE TAB                 ",NULL,NULL
"2345  ","CETRIZINE TAB                 ",CTS-293,2026-10-30 00:00:00.000
"2345  ","CETRIZINE TAB                 ",VTZ-292,2026-10-30 00:00:00.000
"2345  ","CETRIZINE TAB                 ",VTZ-293,2026-10-30 00:00:00.000
"2345  ","CETRIZINE TAB                 ",VTZ-294,2026-12-31 00:00:00.000
"2346  ","CETRIZINE TAB                 ",NULL,NULL
"2347  ","CETRIZINE TAB                 ",NULL,NULL
"2348  ","CETRIZINE TAB 10MG            ",NULL,NULL
"2349  ","CETRIZINE TAB 10MG            ",ALJ3002BO,2026-10-30 00:00:00.000
"2350  ","CETRIZINE(ANCET)              ",NULL,NULL
"2351  ","CETRIZINE(CT-10)TAB           ",NULL,NULL
"2352  ","CETRIZINE(MHIST)TAB(ERY)      ",NULL,NULL
"2353  ","CETRIZINE(MHIST)TAB(TATRA)    ",NULL,NULL
"2354  ","CETRIZINE(ZINCET)TAB          ",NULL,NULL
"2355  ","CETZIVE-10 TAB                ",CT22309M(P,2026-08-30 00:00:00.000
"2355  ","CETZIVE-10 TAB                ",CT22401M,2026-12-31 00:00:00.000
"2356  ","CEZOLE (OMEZ)CAP              ",NULL,NULL
"2357  ","CFROMAK-250 TAB               ",NULL,NULL
"2358  ","CHARMIN CREAM OINT            ",NULL,NULL
"2359  ","CHEATLE FORCEP 10""            ",NULL,NULL
"2360  ","CHECIROL-D3 POWDER            ",NULL,NULL
"2361  ","CHESTEEZE KOLD TOTAL TAB      ",NULL,NULL
"2362  ","CHESTKARE TAB                 ",NULL,NULL
"2363  ","CHESTKOLD TAB                 ",NULL,NULL
"2364  ","CHETAL FORCEPS 8""             ",NULL,NULL
"2365  ","CHIRCOHOL TAB                 ",NULL,NULL
"2366  ","CHLOOPHENICOL 250MG.CAP       ",NULL,NULL
"2367  ","CHLORAMPHENICOL 250MG CAP     ",NULL,NULL
"2368  ","CHLORAMPHENICOL 250MG CAP     ",NULL,NULL
"2369  ","CHLORAMPHENICOL 250MG CAP*    ",NULL,NULL
"2370  ","CHLORAMPHENICOL CAP           ",NULL,NULL
"2371  ","CHLORAMPHENICOL CAP           ",NULL,NULL
"2372  ","CHLORAMPHENICOL CAP           ",NULL,NULL
"2373  ","CHLORAMPHENICOL CAP           ",168,2026-02-28 00:00:00.000
"2373  ","CHLORAMPHENICOL CAP           ",169,2026-02-28 00:00:00.000
"2374  ","CHLORAMPHENICOL CAP           ",NULL,NULL
"2375  ","CHLORAMPHENICOL CAP I.P       ",NULL,NULL
"2376  ","CHLORAMPHENICOL EYE OINT I.P  ",NULL,NULL
"2377  ",CHLORAMPHENICOL(KLORUM)500MG C,NULL,NULL
"2378  ","CHLORAMPHNICOL CAP I.P        ",NULL,NULL
"2379  ","CHLORDIAZEPOXIDE 10MG TAB     ",NULL,NULL
"2380  ","CHLORDIAZEPOXIDE 10MG.TAB     ",NULL,NULL
"2381  ","CHLORDIAZEPOXIDE TAB          ",NULL,NULL
"2382  ","CHLORDIAZEPOXIDE TAB          ",NULL,NULL
"2383  ","CHLORMPHENICOL CAP            ",NULL,NULL
"2384  ","CHLORO CAP                    ",NULL,NULL
"2385  ","CHLORO CAPS                   ",NULL,NULL
"2386  ","CHLORO,.EYE APPLICAP          ",NULL,NULL
"2387  ","CHLOROCAP EYP CAP             ",NULL,NULL
"2388  ","CHLOROKIR D.S                 ",NULL,NULL
"2389  ","CHLOROPHENICOL 250MG          ",NULL,NULL
"2390  ","CHLOROPHENICOL APPLICAP       ",NULL,NULL
"2391  ","CHLOROPHENICOL CAP            ",NULL,NULL
"2392  ","CHLOROPHENICOL CAP            ",NULL,NULL
"2393  ","CHLOROPHENICOL CAP            ",NULL,NULL
"2394  ","CHLOROPHENIRAMINE MALEATE     ",23259,2025-10-30 00:00:00.000
"2394  ","CHLOROPHENIRAMINE MALEATE     ",788,2025-12-31 00:00:00.000
"2394  ","CHLOROPHENIRAMINE MALEATE     ",802,2026-01-31 00:00:00.000
"2394  ","CHLOROPHENIRAMINE MALEATE     ",866,2026-02-28 00:00:00.000
"2395  ","CHLOROPHENIRAMINE MALEATE     ",NULL,NULL
"2396  ","CHLOROPHENIRAMINE TAB         ",NULL,NULL
"2397  ",CHLOROPHENIRAMINE TAB(EYE SHAE,NULL,NULL
"2398  ","CHLOROQUIN 500MG.TAB.         ",NULL,NULL
"2399  ","CHLOROQUIN PHOS I.P.TAB       ",NULL,NULL
"2400  ","CHLOROQUIN PHOSPHATE TAB      ",NULL,NULL
"2401  ","CHLOROQUINE 250MG TAB         ",NULL,NULL
"2402  ","CHLOROQUINE F/C 250MG TAB     ",NULL,NULL
"2403  ",CHLOROQUINE PHOSPHAT 500MG TAB,NULL,NULL
"2404  ",CHLOROQUINE PHOSPHATE 250M TAB,NULL,NULL
"2405  ","CHLOROQUINE PHOSPHATE 250MG   ",NULL,NULL
"2406  ","CHLOROQUINE PHOSPHATE I.P     ",220850,2025-07-30 00:00:00.000
"2407  ","CHLOROQUINE PHOSPHATE TAB     ",NULL,NULL
"2408  ","CHLOROQUINE PHOSPHATE TAB     ",NULL,NULL
"2409  ",CHLOROQUINE PHOSPHOTE 250M TAB,NULL,NULL
"2410  ","CHLORPHENIRAMINE              ",NULL,NULL
"2411  ","CHLORPHENIRAMINE IP           ",NULL,NULL
"2412  ","CHLORPHENIRAMINE MALATE TAB   ",NULL,NULL
"2413  ",CHLORPHENIRAMINE MALE T(BIOPHE,NULL,NULL
"2414  ","CHLORPHENIRAMINE MALEATE      ",NULL,NULL
"2415  ","CHLORPHENIRAMINE MALEATE      ",NULL,NULL
"2416  ","CHLORPHENIRAMINE MALEATE      ",NULL,NULL
"2417  ","CHLORPHENIRAMINE MALEATE      ",NULL,NULL
"2418  ",CHLORPHENIRAMINE MALEATE 4M TA,3AF3017C,2026-11-30 00:00:00.000
"2419  ","CHLORPHENIRAMINE MALEATE 4MG  ",NULL,NULL
"2420  ",CHLORPHENIRAMINE MALEATE TA(SQ,NULL,NULL
"2421  ","CHLORPHENIRAMINE MALEATE TAB  ",NULL,NULL
"2422  ","CHLORPHENIRAMINE MALEATE TAB  ",NULL,NULL
"2423  ","CHLORPHENIRAMINE MALEATE TAB  ",240504,2027-04-30 00:00:00.000
"2424  ","CHLORPHENIRAMINE MALEATE TAB  ",NULL,NULL
"2425  ","CHLORPHENIRAMINE MALEATE TAB  ",NULL,NULL
"2426  ","CHLORPHENIRAMINE MALEATE TAB. ",PP-001,2026-03-31 00:00:00.000
"2426  ","CHLORPHENIRAMINE MALEATE TAB. ",PP/001,2026-03-30 00:00:00.000
"2426  ","CHLORPHENIRAMINE MALEATE TAB. ",PP/136,2026-04-30 00:00:00.000
"2426  ","CHLORPHENIRAMINE MALEATE TAB. ",PP001,2026-03-31 00:00:00.000
"2426  ","CHLORPHENIRAMINE MALEATE TAB. ",PP451,2025-09-30 00:00:00.000
"2426  ","CHLORPHENIRAMINE MALEATE TAB. ",PP717,2025-10-30 00:00:00.000
"2427  ","CHLORPHENIRAMINE MALEATE(RD)  ",NULL,NULL
"2428  ","CHLORPHENIRAMINE MALEATE(SQ)  ",NULL,NULL
"2429  ","CHLORPHENIRAMINE MALETATE     ",NULL,NULL
"2430  ","CHLORPHENIRAMINE MALETE TAB.  ",NULL,NULL
"2431  ","CHLORPHENIRAMINE TAB          ",NULL,NULL
"2432  ","CHLORPHENIRAMINE TAB          ",230617,2025-10-30 00:00:00.000
"2433  ","CHLORPHENIRAMINE TAB          ",NULL,NULL
"2434  ","CHLORPHENIRAMINE TAB          ",NULL,NULL
"2435  ","CHLORPHENIRAMINE TAB(BIOPHEN) ",NULL,NULL
"2436  ","CHLORPHENIRAMINE TAB(SQUARE)  ",NULL,NULL
"2437  ","CHLORPHENIRMINE 4MG TAB       ",NULL,NULL
"2438  ","CHLORPROMAZINE TAB            ",NULL,NULL
"2439  ","CHLORSULZ CAP                 ",NULL,NULL
"2440  ","CHOCOMIX POWDER               ",NULL,NULL
"2441  ","CHOCOMIX POWDER               ",NULL,NULL
"2442  ","CHOCOMIX POWDER               ",NULL,NULL
"2443  ","CHOCOMIX POWDER..             ",NULL,NULL
"2444  ","CHOCONULES PLUS GRANULES      ",NULL,NULL
"2445  ","CHOCOTROY PLUS POWDER         ",NULL,NULL
"2446  ","CHRICOHOL TAB                 ",NULL,NULL
"2447  ","CHROME-K TAB                  ",258,2026-06-30 00:00:00.000
"2448  ","CHYMOTAS FORTE TAB            ",22S2GTB961,2024-06-30 00:00:00.000
"2449  ","CHYMOTHAL FORT TAB            ",NULL,NULL
"2450  ","CHYMOTROL FORTE TAB           ",NULL,NULL
"2451  ","CID-O-RAB DSR TAB             ",NULL,NULL
"2452  ","CID-O-RAB(RABEB)TAB           ",10-031,2024-09-30 00:00:00.000
"2453  ","CIDEX                         ",NULL,NULL
"2454  ","CIFLOX 500MG TAB              ",NULL,NULL
"2455  ","CIFLOX-250                    ",NULL,NULL
"2456  ","CIFTOX LB 200 TAB             ",NULL,NULL
"2457  ","CIFTOX-OF TAB                 ",NULL,NULL
"2458  ","CILADINE 125 GM CREAM         ",NULL,NULL
"2459  ","CILADINE 250GM                ",3275,2024-07-30 00:00:00.000
"2460  ","CINNARLO TAB                  ",MT-23092,2025-04-30 00:00:00.000
"2461  ","CINWOX TAB                    ",NULL,NULL
"2462  ","CIP-ZOX TAB                   ",NULL,NULL
"2463  ","CIPALIK 500MG TAB             ",NULL,NULL
"2464  ","CIPBACT 500MG TAB             ",NULL,NULL
"2465  ","CIPCAL 500MG.TAB              ",NULL,NULL
"2466  ","CIPCAL-250MG TAB              ",NULL,NULL
"2467  ","CIPCARE TZ TAB                ",NULL,NULL
"2468  ","CIPCOZ-250 TAB                ",CPZ302K,2025-10-30 00:00:00.000
"2469  ","CIPLADIN OINTMENT             ",NULL,NULL
"2470  ","CIPOX-TZ                      ",NULL,NULL
"2471  ","CIPRANTO-250 TAB              ",NULL,NULL
"2472  ","CIPRO 250MG (A.P)             ",NULL,NULL
"2473  ","CIPRO 250MG TAB               ",NULL,NULL
"2474  ","CIPRO 500MG.TAB               ",NULL,NULL
"2475  ","CIPRO-250MG TAB               ",NULL,NULL
"2476  ","CIPRO-500MG TAB               ",NULL,NULL
"2477  ","CIPRO-500MG TAB               ",NULL,NULL
"2478  ","CIPRO-TZ TAB                  ",NULL,NULL
"2479  ","CIPROBIT (CIPRO 500)          ",NULL,NULL
"2480  ","CIPRODAC 250MG TAB            ",NULL,NULL
"2481  ","CIPRODAC 500MG TAB            ",GAB2590,2025-09-30 00:00:00.000
"2481  ","CIPRODAC 500MG TAB            ",JKBD21105,2024-09-30 00:00:00.000
"2481  ","CIPRODAC 500MG TAB            ",JKBD22101,2025-07-30 00:00:00.000
"2481  ","CIPRODAC 500MG TAB            ",JKBD23022,2026-02-28 00:00:00.000
"2481  ","CIPRODAC 500MG TAB            ",JKBD24043,2027-02-28 00:00:00.000
"2482  ","CIPRODAN-250MG.TAB            ",NULL,NULL
"2483  ","CIPROFLOXACIN 250MG           ",NULL,NULL
"2484  ","CIPROFLOXACIN 250MG TAB       ",NULL,NULL
"2485  ","CIPROFLOXACIN 250MG TAB       ",NULL,NULL
"2486  ","CIPROFLOXACIN 250MG TAB       ",NULL,NULL
"2487  ","CIPROFLOXACIN 250MG TAB       ",NULL,NULL
"2488  ","CIPROFLOXACIN 250MG TAB       ",NULL,NULL
"2489  ","CIPROFLOXACIN 250MG.TAB       ",NULL,NULL
"2490  ","CIPROFLOXACIN 250MG.TAB.      ",NULL,NULL
"2491  ","CIPROFLOXACIN 500MG TAB       ",NULL,NULL
"2492  ","CIPROFLOXACIN HCL 250MG TAB   ",NULL,NULL
"2493  ","CIPROFLOXACIN HYD.,500MG TAB  ",NULL,NULL
"2494  ","CIPROFLOXACIN HYDRO,.IP.250TAB",NULL,NULL
"2495  ","CIPROFLOXACIN HYDRO,500M T(HE)",NULL,NULL
"2496  ","CIPROFLOXACINE 250MG TAB      ",NULL,NULL
"2497  ","CIPROFLOXAINE HYDRO,250M T (HE",NULL,NULL
"2498  ","CIPROK-250 TAB                ",NULL,NULL
"2499  ","CIPROKEM 500MG TAB            ",NULL,NULL
"2500  ","CIPROLONE 250MG TAB           ",NULL,NULL
"2501  ","CIPROLONE 250MG TAB 10`S      ",NULL,NULL
"2502  ","CIPROLONE 500MG TAB           ",NULL,NULL
"2503  ","CIPROLONE 500MG TAB           ",NULL,NULL
"2504  ","CIPROLONE 500MG TAB 10`       ",NULL,NULL
"2505  ","CIPRONETRA-500 TAB            ",NULL,NULL
"2506  ","CIPROPAR 500MG TAB            ",NULL,NULL
"2507  ","CIPROPEN 500MG TAB            ",NULL,NULL
"2508  ","CIPROPEN-250                  ",NULL,NULL
"2509  ","CIPROTAB 500MG TAB            ",NULL,NULL
"2510  ","CIPROTAB*500                  ",NULL,NULL
"2511  ","CIPROTAB-250MG                ",NULL,NULL
"2512  ","CIPROTAS-250 TAB              ",NULL,NULL
"2513  ","CIPROZEE 250 TAB              ",CBLT-2007,2025-07-30 00:00:00.000
"2514  ","CIPROZEE 250 TAB              ",NULL,NULL
"2515  ","CIROVIN NASAL DROPS           ",NULL,NULL
"2516  ","CITICAD TAB                   ",NULL,NULL
"2517  ","CITIMAX TAB                   ",NULL,NULL
"2518  ","CITRA-200 CAP                 ",NULL,NULL
"2519  ","CITRADERM OC CREAM            ",E2L009,2024-11-30 00:00:00.000
"2520  ","CITRALIM-XT TAB               ",NULL,NULL
"2521  ","CITRI-A 10MG TAB              ",NULL,NULL
"2522  ","CITRIZED TAB                  ",NULL,NULL
"2523  ","CITWIN TZ TAB                 ",NULL,NULL
"2524  ","CIUM CAP                      ",NULL,NULL
"2525  ","CLAV-DEN 625 TAB              ",BTA24041A,2025-06-30 00:00:00.000
"2526  ","CLAVEACTUM 625 TAB            ",NULL,NULL
"2527  ","CLAVMENTIN 375 TAB            ",NULL,NULL
"2528  ","CLAVMENTIN 625 TAB            ",NULL,NULL
"2529  ",CLAVMENTIN-625 TAB(AMOXY+POTA),NULL,NULL
"2530  ","CLAVWOK 625 TAB               ",NULL,NULL
"2531  ","CLEAN EX SOAP                 ",NULL,NULL
"2532  ","CLEANOVA 5 LTR(SANITIZER)     ",NULL,NULL
"2533  ","CLEAR (EAR DROPS)             ",NULL,NULL
"2534  ","CLEAR BEUATY SOAP             ",NULL,NULL
"2535  ","CLEAR SKIN CREAM              ",CES22018ES,2024-04-30 00:00:00.000
"2536  ","CLEARLIGHT ALOEVERA GEL 100ML ",007,2025-05-31 00:00:00.000
"2537  ","CLEARLIGHT ALOEVERA GEL 60ML  ",NULL,NULL
"2538  ","CLEARLIGHT CASTOR OIL 100ML   ",A-083,2026-03-31 00:00:00.000
"2539  ","CLEARLIGHT CASTOR OIL 50ML    ",A-083,2026-03-31 00:00:00.000
"2540  ","CLEARLIGHT GLYCERIN 100GM     ",A-058,2026-03-31 00:00:00.000
"2541  ","CLEARLIGHT GLYCERIN 50GM      ",A-056,2026-03-31 00:00:00.000
"2542  ","CLEARLITE ALOVERA BODY LOTION ",CABL203,2025-09-30 00:00:00.000
"2543  ","CLEARLITE ANTI-ACNE FACE WASH ",CAAF301,2025-05-31 00:00:00.000
"2544  ","CLEARLITE ANTI-ACNE FACE WASH ",NULL,NULL
"2545  ","CLEARLITE HAIR REMOVAL CREAM  ",NULL,NULL
"2546  ","CLEARLITE HAIR REMOVAL CREAM  ",NULL,NULL
"2547  ",CLEARLITE HONY & VITAMIN E BDO,CABL203,2025-09-30 00:00:00.000
"2548  ","CLEARLITE LIP BAM 10GM        ",CLM01,2024-10-30 00:00:00.000
"2549  ","CLEARLITE MULTANI MITTI       ",MS010,2025-12-31 00:00:00.000
"2550  ","CLEARLITE NEEM ALOE F/W       ",NULL,NULL
"2551  ","CLEARLITE NEEM ALOE FACE WASH ",NULL,NULL
"2552  ","CLEARLITE-GEL                 ",ED124,2024-07-30 00:00:00.000
"2553  ","CLEARLITE-NEEM SOAP           ",E03-023,2025-05-31 00:00:00.000
"2554  ","CLEARLITE-SOAP                ",NULL,NULL
"2555  ","CLEARTUSS LOZENGE (150 L)     ",NULL,NULL
"2556  ","CLEARWIN GEL                  ",NULL,NULL
"2557  ","CLIDATOP 300 CAP              ",NULL,NULL
"2558  ","CLIDE D3 PLUS SACHET          ",NULL,NULL
"2559  ","CLIDE LAL TAIL                ",NULL,NULL
"2560  ","CLIDE LEMON FACE WASH         ",NULL,NULL
"2561  ","CLIDE MIXFRUIT FACE WASH      ",NULL,NULL
"2562  ","CLIDE MUSLI PLUS CAP          ",NULL,NULL
"2563  ","CLIDINATE B CREAM             ",NULL,NULL
"2564  ","CLINCICLEAR GEL               ",NULL,NULL
"2565  ","CLINDACARE GEL                ",NULL,NULL
"2566  ","CLINDAKIN-NC GEL              ",NULL,NULL
"2567  ","CLINDASIL CR OINT             ",DE3G01,2025-06-30 00:00:00.000
"2567  ","CLINDASIL CR OINT             ",DE4009,2026-02-28 00:00:00.000
"2567  ","CLINDASIL CR OINT             ",DE4C09,2026-02-28 00:00:00.000
"2568  ","CLINDASIL CREAM               ",DE4C09,2026-02-28 00:00:00.000
"2569  ","CLINDASIL CREAM 5%            ",NULL,NULL
"2570  ","CLINDASIL-A OINT              ",DE3D01,2026-03-31 00:00:00.000
"2570  ","CLINDASIL-A OINT              ",DE3L10,2025-11-30 00:00:00.000
"2571  ","CLINDIROS M 25 TAB            ",MT221776,2024-02-28 00:00:00.000
"2572  ","CLINIZEX A GEL                ",NULL,NULL
"2573  ","CLISORE GEL                   ",NULL,NULL
"2574  ","CLM K2 PLUS                   ",NULL,NULL
"2575  ","CLOBA CREAM 15GM              ",NULL,NULL
"2576  ","CLOBA GM 10GM                 ",QO-23047,2025-07-30 00:00:00.000
"2576  ","CLOBA GM 10GM                 ",QO-23066,2025-09-30 00:00:00.000
"2577  ","CLOBA GM LOTION               ",NULL,NULL
"2578  ","CLOBEGO CREAM                 ",NULL,NULL
"2579  ","CLOBEGO-GM CREAM              ",DP-2242,2024-10-30 00:00:00.000
"2580  ","CLOBELIN-GM                   ",NULL,NULL
"2581  ","CLOBENATE-GM                  ",NULL,NULL
"2582  ","CLOBENATE-GM CREAM            ",NULL,NULL
"2583  ","CLOBENEO GM CREAM             ",NULL,NULL
"2584  ","CLOBENEX GM CREAM             ",NULL,NULL
"2585  ","CLOBESALIC OINT               ",NULL,NULL
"2586  ","CLOBESATE-GM CREAM            ",NULL,NULL
"2587  ","CLOBET-GM ONIT                ",NULL,NULL
"2588  ","CLOBETA GM CREAM              ",NULL,NULL
"2589  ","CLOBEWAL-GM                   ",NULL,NULL
"2590  ","CLOBIKEM-B CREAM              ",NULL,NULL
"2591  ","CLOBIKEM-S OINT               ",NULL,NULL
"2592  ","CLOBINA GM                    ",NULL,NULL
"2593  ","CLOBITE-GM SKIN CREAM         ",NULL,NULL
"2594  ","CLOBURE-SAL OINT              ",NULL,NULL
"2595  ","CLOBYTE GM OINMETNT           ",NULL,NULL
"2596  ","CLOCIP(CLOTRIMAZOLE PO,.)     ",NULL,NULL
"2597  ","CLODID DUSTING POWDER         ",DP146,2026-04-30 00:00:00.000
"2597  ","CLODID DUSTING POWDER         ",DP229,2027-02-28 00:00:00.000
"2598  ","CLODID-B CREAM                ",NULL,NULL
"2599  ","CLODIZOLE DUST.POW            ",NULL,NULL
"2600  ","CLOFEM+(DICLO+PARA) TAB       ",230415,2026-03-30 00:00:00.000
"2601  ","CLOFEN (DICLO)TAB             ",NULL,NULL
"2602  ","CLOFTER DUSTING POWDER        ",NULL,NULL
"2603  ","CLOFTER OINT.                 ",NULL,NULL
"2604  ","CLOGENT-GM CREAM              ",NULL,NULL
"2605  ","CLOJEET SYP                   ",NULL,NULL
"2606  ","CLOMAK CREAM                  ",NULL,NULL
"2607  ","CLOMAK-BH 15GM                ",NULL,NULL
"2608  ","CLOMAK-BH CREAM               ",NULL,NULL
"2609  ","CLOMAK-BH CREAM               ",NULL,NULL
"2610  ","CLOMED GM OINT                ",NULL,NULL
"2611  ","CLOMIL POWDER 100GM           ",NULL,NULL
"2612  ","CLOMILL POWDER                ",NULL,NULL
"2613  ","CLOMIN TAB                    ",231134,2026-10-30 00:00:00.000
"2613  ","CLOMIN TAB                    ",240328,2027-02-28 00:00:00.000
"2614  ","CLOMOX-LB CAP(AMOXI+CLOXA)    ",NULL,NULL
"2615  ","CLOMOXY 250CAP                ",NULL,NULL
"2616  ","CLONAC PLUS TAB               ",NULL,NULL
"2617  ","CLONEC (ACCLO)TAB             ",NULL,NULL
"2618  ","CLONEC F/C (SQ)               ",NULL,NULL
"2619  ","CLOPAR TAB                    ",NULL,NULL
"2620  ","CLOPEX CREAM                  ",NULL,NULL
"2621  ","CLOPIDUP-AP TAB               ",NULL,NULL
"2622  ","CLOPILET A 75 TAB             ",NULL,NULL
"2623  ","CLOSPORT POWDER 100GM         ",1307,2025-02-28 00:00:00.000
"2623  ","CLOSPORT POWDER 100GM         ",1308,2025-02-28 00:00:00.000
"2623  ","CLOSPORT POWDER 100GM         ",6244,2025-02-28 00:00:00.000
"2624  ","CLOSPORT POWDER 75GM          ",463,2024-07-30 00:00:00.000
"2624  ","CLOSPORT POWDER 75GM          ",670,2025-08-30 00:00:00.000
"2625  ","CLOSPORT V VAGINAL GEL        ",NULL,NULL
"2626  ","CLOSPORT-GM CREAM 10GM        ",NULL,NULL
"2627  ","CLOSPORT-K5 CREAM 15GM        ",SC678,2025-02-28 00:00:00.000
"2628  ","CLOSPORT-OT CREAM 15GM        ",CPT-17,2024-10-30 00:00:00.000
"2629  ","CLOTIDOC CREAM                ",CI874,2025-08-30 00:00:00.000
"2630  ","CLOTILO OINT                  ",OJ3001A,2025-09-30 00:00:00.000
"2631  ","CLOTILO-B OINT.               ",HKA87,2024-10-30 00:00:00.000
"2632  ","CLOTILO-VIT TAB               ",NULL,NULL
"2633  ","CLOTIVAG OINT                 ",NULL,NULL
"2634  ","CLOTIVAG SOAP                 ",D5-056,2024-07-30 00:00:00.000
"2635  ","CLOTRA DUSTIN POWDER          ",NULL,NULL
"2636  ","CLOTRILIFE SPREY              ",NULL,NULL
"2637  ","CLOTRIMAZOLE CREAM            ",NULL,NULL
"2638  ","CLOTRIMAZOLE CREAM I.P        ",NULL,NULL
"2639  ","CLOTRINEC CT CAP              ",S2F022,2024-05-31 00:00:00.000
"2640  ","CLOTRINEC DUSTING POWDER      ",2311068,2026-10-30 00:00:00.000
"2641  ","CLOTRINEC-B 20GM              ",3066,2025-09-30 00:00:00.000
"2642  ","CLOTRISURE CREAM              ",NULL,NULL
"2643  ","CLOTRIWOOD POWDER             ",PA0020A,2026-01-31 00:00:00.000
"2644  ","CLOTROY PLUS TAB              ",NULL,NULL
"2645  ","CLOWIN GM CREAM               ",AUB302,2025-07-30 00:00:00.000
"2646  ","CLOWIN GM CREAM 10GM          ",NULL,NULL
"2647  ","CLOWIN GM OINTMENT            ",NULL,NULL
"2648  ","CLOWIN-GM                     ",NULL,NULL
"2649  ","CLOXAID D CAP                 ",NULL,NULL
"2650  ","CLOZOLE CREAM                 ",NULL,NULL
"2651  ","CLOZOLE-V6 TAB                ",NULL,NULL
"2652  ","CO-TRIMOXAZOLE DS TAB         ",NULL,NULL
"2653  ","CO-TRIMOZOLE 480MG            ",NULL,NULL
"2654  ","COBARIL-CZS TAB               ",NULL,NULL
"2655  ","COBATE-GM                     ",NULL,NULL
"2656  ","COCEF 200 TAB                 ",NULL,NULL
"2657  ","COCEF O TAB                   ",NULL,NULL
"2658  ","CODEINE PHOSPHATE TAB         ",NULL,NULL
"2659  ","CODEINE PHOSPHETE TAB         ",NULL,NULL
"2660  ","COFFWIN D TAB                 ",NULL,NULL
"2661  ","COFFWIN-D                     ",NULL,NULL
"2662  ","COFFWIN-D TAB                 ",NULL,NULL
"2663  ","COFFWIN-D TAB 10`             ",NULL,NULL
"2664  ","COFLAM PL TAB                 ",NULL,NULL
"2665  ","COFNIL TAB                    ",NULL,NULL
"2666  ","COFNIL TAB                    ",NULL,NULL
"2667  ","COLCEFF 200MG TAB             ",NULL,NULL
"2668  ","COLD & COUGH(ATKOF) TAB       ",NULL,NULL
"2669  ","COLDCAP CAP                   ",NULL,NULL
"2670  ","COLDINE 15GM                  ",NULL,NULL
"2671  ","COLDNIL TOTAL TAB             ",NULL,NULL
"2672  ","COLDNIL TOTAL TAB*            ",230822,2026-06-30 00:00:00.000
"2673  ","COLDREM CREAM                 ",NULL,NULL
"2674  ","COLDWIN-PLUS TAB              ",NULL,NULL
"2675  ","COLDWOK 500 TAB               ",NULL,NULL
"2676  ","COLECET TAB                   ",NULL,NULL
"2677  ","COLECET-M TAB                 ",NULL,NULL
"2678  ","COLEDENT TOOTH PASTE          ",NULL,NULL
"2679  ","COLIPEN TAB                   ",NULL,NULL
"2680  ","COLIPEN-M TAB                 ",NULL,NULL
"2681  ","COLIPEN-S                     ",PP/027,2026-03-31 00:00:00.000
"2681  ","COLIPEN-S                     ",PP/814,2026-01-31 00:00:00.000
"2682  ","COLLAGEN PEPTIDE SACHET       ",NULL,NULL
"2683  ","COLMOX 500 CAP                ",NULL,NULL
"2684  ","COLMOX CLAV 625               ",NULL,NULL
"2685  ","COLNAC HOT GEL 30GM           ",NULL,NULL
"2686  ","COLNOR-TZ TAB                 ",NULL,NULL
"2687  ","COLRICH CAP                   ",NULL,NULL
"2688  ","COLSKIN LOTION                ",NULL,NULL
"2689  ","COLSPAS TAB                   ",NULL,NULL
"2690  ","COM.MAG.TRISILICATE TAB       ",NULL,NULL
"2691  ","COM.MAGNESIUM TRI.TAB         ",PP/084,2026-06-30 00:00:00.000
"2691  ","COM.MAGNESIUM TRI.TAB         ",PP/53,2026-01-31 00:00:00.000
"2691  ","COM.MAGNESIUM TRI.TAB         ",PP/706,2025-11-30 00:00:00.000
"2691  ","COM.MAGNESIUM TRI.TAB         ",PP/841,2026-01-30 00:00:00.000
"2691  ","COM.MAGNESIUM TRI.TAB         ",PP/853,2026-01-31 00:00:00.000
"2692  ","COMBACID TAB                  ",671-47,2025-01-31 00:00:00.000
"2693  ","COMBACID TAB                  ",NULL,NULL
"2694  ",COMBIDAN-325(IBU+PARA)400MG.TA,NULL,NULL
"2695  ","COMBIDAN-500                  ",NULL,NULL
"2696  ","COMBIPAIN TAB                 ",NULL,NULL
"2697  ","COMFLAM TAB                   ",NULL,NULL
"2698  ","COMPOUND BENZOIN TINCURE I.P  ",NULL,NULL
"2699  ","CONCIFLAM TAB                 ",NULL,NULL
"2700  ","CONCOR COR 1.25 TAB           ",MO7AK23064,2025-11-30 00:00:00.000
"2701  ","CONPAR GREEN TAB              ",NULL,NULL
"2702  ","CONPAR SP TAB                 ",NULL,NULL
"2703  ","CONPAR TAB                    ",NULL,NULL
"2704  ","CONPAR-ASP TAB                ",NULL,NULL
"2705  ","CONSPAS TAB                   ",NULL,NULL
"2706  ","CONSPAS-DT                    ",NULL,NULL
"2707  ","CONSPAS-M TAB                 ",NULL,NULL
"2708  ","CONSTIVAC                     ",NULL,NULL
"2709  ","CONTIFLO D KIT                ",NULL,NULL
"2710  ","CONZITRAL-500 TAB             ",NULL,NULL
"2711  ","COOL CLIDE POWDER             ",NULL,NULL
"2712  ","COPODEX 200                   ",NULL,NULL
"2713  ","CORCYCLINE 250MG.(TETRA)      ",NULL,NULL
"2714  ","CORD CLAMP-EASTMAN            ",NULL,NULL
"2715  ","CORICAL-K2 TAB                ",ML/23/1096,2025-01-31 00:00:00.000
"2716  ","CORIMA                        ",ATB21049,2024-06-30 00:00:00.000
"2717  ","CORIMA PCR TAB                ",NULL,NULL
"2718  ","CORONA                        ",NULL,NULL
"2719  ","CORONA`S HAND SANITIZER       ",NULL,NULL
"2720  ","COROTHER (ARTESUNATE)TAB      ",NULL,NULL
"2721  ","CORSTONE CAP BOTTAL           ",NULL,NULL
"2722  ","CORTFORD-4                    ",NULL,NULL
"2723  ","CORTIDEX(DEXAMETHASONE)TAB    ",NULL,NULL
"2724  ","CORTILONE-5MG TAB             ",82-157,2026-10-30 00:00:00.000
"2725  ","CORTISAM TAB(PREDNI)          ",NULL,NULL
"2726  ","CORTOPIL-6 TAB                ",NULL,NULL
"2727  ","CORTRIWIN NASAL DROP          ",NULL,NULL
"2728  ","CORWIS BODY GROW              ",NULL,NULL
"2729  ","COSMOCIN TAB 250MG            ",NULL,NULL
"2730  ","COSMOPLEX CAP                 ",NULL,NULL
"2731  ","COSMOX-500MG                  ",NULL,NULL
"2732  ","COSOCIN 500MG TAB             ",NULL,NULL
"2733  ","COTRICOR DUSTING POWDER       ",0289,2026-06-30 00:00:00.000
"2734  ","COTTON 10MG.                  ",NULL,NULL
"2735  ","COTTON CLOTH 2""               ",NULL,NULL
"2736  ","COTTON CLOTH 3""               ",NULL,NULL
"2737  ","COTTON CRAPE BANADAGE 10CM    ",NULL,NULL
"2738  ","COTTON CRAPE BANDAGE 5CM      ",NULL,NULL
"2739  ","COTTON CREAPE BANDAGE 7.5CM   ",NULL,NULL
"2740  ","COTTON I.P 500MG              ",NULL,NULL
"2741  ","COTTON I.P.                   ",NULL,NULL
"2742  ","COTTON I.P.GROSS              ",NULL,NULL
"2743  ","COTTON PAD                    ",NULL,NULL
"2744  ","COTTON PAD                    ",NULL,NULL
"2745  ","COTTON WOLL I.P.              ",NULL,NULL
"2746  ","COTTON WOOL                   ",NULL,NULL
"2747  ","COTTON WOOL                   ",NULL,NULL
"2748  ","COTTON WOOL                   ",NULL,NULL
"2749  ","COTTON WOOL 400GM             ",NULL,NULL
"2750  ","COTTON WOOL 400GM I.P         ",NULL,NULL
"2751  ","COTTON WOOL I.P               ",NULL,NULL
"2752  ","COTTON WOOL I.P               ",NULL,NULL
"2753  ","COTTON WOOL I.P               ",NULL,NULL
"2754  ","COTTON WOOL I.P               ",NULL,NULL
"2755  ","COTTON WOOL I.P               ",NULL,NULL
"2756  ","COTTON WOOL I.P*              ",NULL,NULL
"2757  ","COTTON WOOL I.P.              ",NULL,NULL
"2758  ","COTTON WOOL I.P.              ",NULL,NULL
"2759  ","COTTON WOOL I.P.              ",NULL,NULL
"2760  ","COTTON WOOL I.P.              ",NULL,NULL
"2761  ","COTTON WOOL I.P.              ",NULL,NULL
"2762  ","COTTON WOOL I.P.              ",311,2026-09-30 00:00:00.000
"2763  ","COTTON WOOL I.P.              ",NULL,NULL
"2764  ","COTTON WOOL I.P.              ",NULL,NULL
"2765  ","COTTON WOOL I.P.              ",NULL,NULL
"2766  ","COTTON WOOL I.P.              ",1641,2027-12-31 00:00:00.000
"2766  ","COTTON WOOL I.P.              ",311,2026-11-30 00:00:00.000
"2766  ","COTTON WOOL I.P.              ",495,2027-03-31 00:00:00.000
"2767  ","COTTON WOOL I.P.              ",NULL,NULL
"2768  ","COTTON WOOL I.P.              ",NULL,NULL
"2769  ","COTTON WOOL I.P.DAMANI        ",NULL,NULL
"2770  ","COUGH RELIFE LOZENGE          ",NULL,NULL
"2771  ","COUGHMOL TAB                  ",NULL,NULL
"2772  ","COUPAN                        ",NULL,NULL
"2773  ","COVIDON-M OINMENT             ",NULL,NULL
"2774  ","COVIMECTIN 12MG TAB           ",NULL,NULL
"2775  ","COVITAL(HARD                  ",NULL,NULL
"2776  ","COXERIN CAP                   ",NULL,NULL
"2777  ","CP-DIFF TAB                   ",NULL,NULL
"2778  ","CP-PARA TAB                   ",NULL,NULL
"2779  ","CPM TAB                       ",NULL,NULL
"2780  ","CPM TAB                       ",NULL,NULL
"2781  ","CPM-PARADANA TAB(DANA)        ",NULL,NULL
"2782  ","CREAPE BANDAGE                ",NULL,NULL
"2783  ","CREPE BANDAGE (FAST RELIEF)   ",NULL,NULL
"2784  ","CREPE BANDAGE 3""              ",NULL,NULL
"2785  ","CREPE BANDAGE 6`              ",NULL,NULL
"2786  ","CREPE BANDAGE B.P             ",NULL,NULL
"2787  ","CROMIA                        ",NULL,NULL
"2788  ","CRONOMOON TAB                 ",NULL,NULL
"2789  ","CROSS FLAME TAB(OVAL)         ",NULL,NULL
"2790  ","CROSSKOLD & FLU TAB           ",NULL,NULL
"2791  ","CRYSTAL 2*3 BAG               ",NULL,NULL
"2792  ","CRYSTAL 2.5*3.5 BAG           ",NULL,NULL
"2793  ","CRYSTAL 3*4 BAG               ",3923,NULL
"2794  ","CRYSTAL ZIPBAG 2*3            ",NULL,NULL
"2795  ","CTEC TAB                      ",NULL,NULL
"2796  ","CTZ (CETRIZINE)               ",NULL,NULL
"2797  ","CUFF-Q PLUS TAB               ",NULL,NULL
"2798  ","CUFF-Q TAB                    ",NULL,NULL
"2799  ","CUFFVIN TAB                   ",NULL,NULL
"2800  ","CULE-500 TAB                  ",NULL,NULL
"2801  ","CULE-650 TAB                  ",NULL,NULL
"2802  ","CUREVS CREAM                  ",NULL,NULL
"2803  ","CURVES OIL                    ",NULL,NULL
"2804  ","CYCLODOM PLUS TAB             ",NULL,NULL
"2805  ","CYCLODOM TAB(PANTA+DOM)       ",242-102,2026-03-30 00:00:00.000
"2805  ","CYCLODOM TAB(PANTA+DOM)       ",242-104,2027-01-31 00:00:00.000
"2805  ","CYCLODOM TAB(PANTA+DOM)       ",242-105,2027-01-31 00:00:00.000
"2806  ","CYCLODOM(DOM+PANTA)TAB        ",242-101,2026-03-31 00:00:00.000
"2806  ","CYCLODOM(DOM+PANTA)TAB        ",242-104,2027-01-31 00:00:00.000
"2806  ","CYCLODOM(DOM+PANTA)TAB        ",242-105,2027-01-31 00:00:00.000
"2807  ","CYCLOMOON TAB                 ",NULL,NULL
"2808  ","CYCLONEK TAB                  ",NULL,NULL
"2809  ","CYCLOPAL TAB                  ",NULL,NULL
"2810  ","CYCLOPARDANA TAB              ",NULL,NULL
"2811  ","CYCLORAN TAB                  ",NULL,NULL
"2812  ","CYCLOWEX TAB                  ",NULL,NULL
"2813  ","CYFLOX-250MG TAB              ",NULL,NULL
"2814  ","CYFLOX-500 TAB                ",NULL,NULL
"2815  ","CYNOFIM TAB                   ",705-23,2025-10-30 00:00:00.000
"2816  ","CYNOFIM TAB                   ",NULL,NULL
"2817  ","CYPODIN TAB                   ",NULL,NULL
"2818  ","CYPROEPTADINE TAB 4MG         ",NULL,NULL
"2819  ","CYPROHEPTADINE 4MG            ",NULL,NULL
"2820  ","CYPROHEPTADINE 4MG TAB        ",CHD-77,2026-06-30 00:00:00.000
"2820  ","CYPROHEPTADINE 4MG TAB        ",CHD-78,2027-02-28 00:00:00.000
"2821  ",CYPROHEPTADINE HCL I.P.4MG.TAB,NULL,NULL
"2822  ","CYPROHEPTADINE HCL TAB        ",NULL,NULL
"2823  ","CYPROHEPTADINE TAB            ",NULL,NULL
"2824  ","CYROLONE-250 TAB              ",NULL,NULL
"2825  ","CZYME TAB                     ",2522,2024-11-30 00:00:00.000
"2826  ","D-PROTIVAG POWDER             ",NULL,NULL
"2827  ","D.C.C 100MG                   ",NULL,NULL
"2828  ","D.C.C 100MG TAB               ",NULL,NULL
"2829  ","D.C.C 50MG                    ",NULL,NULL
"2830  ","D.C.C-50 TAB                  ",NULL,NULL
"2831  ","D.C.C.50MG TAB                ",NULL,NULL
"2832  ","D3 STRONG CAP                 ",NULL,NULL
"2833  ","D3-HIGH SACHET                ",NULL,NULL
"2834  ","D3NIC SOFTGEL CAP             ",NULL,NULL
"2835  ","DABUR CHYAWANPRASH            ",NULL,NULL
"2836  ","DAILYMET GF-2 TAB             ",NULL,NULL
"2837  ","DANA ET TAB                   ",NULL,NULL
"2838  ","DANA KOF TAB                  ",NULL,NULL
"2839  ","DANA-MD                       ",NULL,NULL
"2840  ","DANA-PA(ACC+PARA)             ",NULL,NULL
"2841  ","DANACID-A TAB                 ",NULL,NULL
"2842  ","DANACOLD COMPLETE TAB         ",NULL,NULL
"2843  ","DANATRIM D.S.TAB              ",NULL,NULL
"2844  ","DANATRIM(TMP&SULPHA)          ",NULL,NULL
"2845  ","DAPAFLOZIN 5 TAB              ",WDF5322001,2024-04-30 00:00:00.000
"2845  ","DAPAFLOZIN 5 TAB              ",WDF5322002,2024-11-30 00:00:00.000
"2846  ","DAVISALIC F OINT              ",641,2025-09-30 00:00:00.000
"2847  ","DAVISORE 10GM                 ",NULL,NULL
"2848  ","DAVOXIL 250MG TAB             ",NULL,NULL
"2849  ","DAZACORT TAB                  ",FT-23122,2025-05-31 00:00:00.000
"2849  ","DAZACORT TAB                  ",T-237125,2025-06-30 00:00:00.000
"2850  ","DBN HOT GEL                   ",NULL,NULL
"2851  ","DBN-MR TAB                    ",NULL,NULL
"2852  ","DCC 100MG TAB                 ",NULL,NULL
"2853  ","DCC 100MG TAB                 ",NULL,NULL
"2854  ","DCC 50MG TAB                  ",NULL,NULL
"2855  ","DCC 50MG TAB                  ",NULL,NULL
"2856  ","DECADERM CREAM                ",NULL,NULL
"2857  ","DECKLO-50                     ",NULL,NULL
"2858  ","DECLAV-625 TAB                ",NULL,NULL
"2859  ","DEE X 1 LAB CAP               ",NULL,NULL
"2860  ","DEE-X-A CAP                   ",63-145,2026-02-28 00:00:00.000
"2860  ","DEE-X-A CAP                   ",63-146,2026-03-30 00:00:00.000
"2861  ","DEEMOL TAB                    ",NULL,NULL
"2862  ","DEENMOX-250 CAP               ",NULL,NULL
"2863  ","DEEZEE SACHET                 ",NULL,NULL
"2864  ","DEFCICOT-6 TAB                ",NULL,NULL
"2865  ","DEFEN TAB                     ",NULL,NULL
"2866  ","DEFEZAROSS-6 TAB              ",NULL,NULL
"2867  ","DEFLACARE 6 TAB               ",NULL,NULL
"2868  ","DEFLACORTIL TAB               ",NULL,NULL
"2869  ","DEFLAGLOW 6MG  TAB            ",NULL,NULL
"2870  ","DEFLAGOW 6MG TAB              ",NULL,NULL
"2871  ","DEFLASIGN 6MG TAB             ",641015,2025-11-30 00:00:00.000
"2872  ","DEFLOAGE-6 TAB                ",NULL,NULL
"2873  ","DEFLOCARE 6 TAB               ",NULL,NULL
"2874  ","DEFLYLIFE TAB                 ",NULL,NULL
"2875  ","DEFNIKORT-6 TAB               ",NULL,NULL
"2876  ","DEFOCAD 6MG TAB               ",NULL,NULL
"2877  ","DEFOCART TAB                  ",NULL,NULL
"2878  ","DEFQORT-6 TAB                 ",NULL,NULL
"2879  ","DELSONE-10 TAB                ",NULL,NULL
"2880  ","DENGUE CARE CAP               ",NULL,NULL
"2881  ","DENON SOAP                    ",NULL,NULL
"2882  ","DENTOCLIDE PASTE              ",NULL,NULL
"2883  ","DENTOMOON PEST GEL (75GM)     ",NULL,NULL
"2884  ","DEOLON 2.5 RES                ",NULL,NULL
"2885  ","DERFIN TAB                    ",NULL,NULL
"2886  ","DERICIP TAB                   ",NULL,NULL
"2887  ","DERICIP TAB                   ",NULL,NULL
"2888  ","DERIPHYLLIN 300MG RET.        ",NULL,NULL
"2889  ","DERIPHYLLIN TAB               ",NULL,NULL
"2890  ","DERIPHYLLIN TAB  350 TAB      ",I302402,2027-04-30 00:00:00.000
"2890  ","DERIPHYLLIN TAB  350 TAB      ",I303610,2027-06-30 00:00:00.000
"2890  ","DERIPHYLLIN TAB  350 TAB      ",I400601,2027-12-31 00:00:00.000
"2891  ","DERMA 24 CARAT CREAM          ",BL-0551,2026-11-30 00:00:00.000
"2891  ","DERMA 24 CARAT CREAM          ",BL-4531,2025-10-30 00:00:00.000
"2892  ","DERMA 24 CARAT FACE WASH      ",BL-0439,2026-09-30 00:00:00.000
"2893  ","DERMA 24 CARAT SUNBURN LOTION ",R-1459,2026-04-30 00:00:00.000
"2894  ","DERMACIN K5 OINT              ",NULL,NULL
"2895  ","DERMACIN-5 CREAM              ",NULL,NULL
"2896  ","DERMAFIL 250MG TAB            ",NULL,NULL
"2897  ","DERMAX PLUS SOAP              ",NULL,NULL
"2898  ","DERMAZOLE 500MG TAB           ",NULL,NULL
"2899  ","DERMI FRESH POWDER (L)        ",NULL,NULL
"2900  ","DERMI FRESH POWDER (S)        ",NULL,NULL
"2901  ","DERMIDRYL LOTION              ",NULL,NULL
"2902  ","DERMIFLOX OINT                ",NULL,NULL
"2903  ","DERMIFORD-K5 CREAM            ",NULL,NULL
"2904  ","DERMIFORD-K5 CREAM NF         ",NULL,NULL
"2905  ","DERMIGO 5 CREAM               ",DP-2236,2024-10-30 00:00:00.000
"2906  ","DERMIGO POWDER                ",NULL,NULL
"2907  ","DERMIKEM POWDER               ",NULL,NULL
"2908  ","DERMIMOON-LOTION              ",1265,2026-02-28 00:00:00.000
"2909  ","DERMINA FACE WASH             ",NULL,NULL
"2910  ","DERMINOVA-SN CREAM            ",NULL,NULL
"2911  ","DERMIRAX-5 OINT               ",NULL,NULL
"2912  ","DERMISCAB LOTION              ",NULL,NULL
"2913  ","DERMOUNT-OC CREAM             ",NULL,NULL
"2914  ","DERMOZOLE 500MG TAB           ",NULL,NULL
"2915  ","DERNOUNT-K5 CREAM             ",S071,2025-03-30 00:00:00.000
"2916  ","DERSIN(ETOPHYLLINE) TAB       ",NULL,NULL
"2917  ","DETLONA LIQ                   ",NULL,NULL
"2918  ","DEWORMIS TAB                  ",NULL,NULL
"2919  ","DEXA TAB                      ",NULL,NULL
"2920  ","DEXA TAB                      ",NULL,NULL
"2921  ","DEXA(DEXAN-5)TAB              ",NULL,NULL
"2922  ","DEXAKIR TAB                   ",240314,2027-02-28 00:00:00.000
"2922  ","DEXAKIR TAB                   ",240425,2027-03-31 00:00:00.000
"2923  ","DEXALIFE TAB(O)               ",NULL,NULL
"2924  ","DEXAMETHASON TAB(OVAL)        ",NULL,NULL
"2925  ","DEXAMETHASONE (O) TAB         ",NULL,NULL
"2926  ","DEXAMETHASONE (O) TAB         ",NULL,NULL
"2927  ","DEXAMETHASONE (R)TAB          ",NULL,NULL
"2928  ","DEXAMETHASONE (R)TAB          ",NULL,NULL
"2929  ","DEXAMETHASONE 0.5MG TAB       ",NULL,NULL
"2930  ","DEXAMETHASONE 0.5MG TAB       ",NULL,NULL
"2931  ","DEXAMETHASONE 0.5MG TAB       ",NULL,NULL
"2932  ","DEXAMETHASONE 0.5MG TAB       ",NULL,NULL
"2933  ","DEXAMETHASONE 0.5MG TAB       ",NULL,NULL
"2934  ","DEXAMETHASONE 0.5MG TAB       ",NULL,NULL
"2935  ","DEXAMETHASONE 0.5MG TAB       ",NULL,NULL
"2936  ","DEXAMETHASONE 0.5MG TAB       ",DS-150,2026-12-31 00:00:00.000
"2936  ","DEXAMETHASONE 0.5MG TAB       ",DS-151,2026-12-31 00:00:00.000
"2937  ","DEXAMETHASONE 0.5MG TAB       ",BO3014DM,2025-08-30 00:00:00.000
"2938  ","DEXAMETHASONE 0.5MG TAB (R)   ",PP/110,2026-04-30 00:00:00.000
"2938  ","DEXAMETHASONE 0.5MG TAB (R)   ",PP/616,2025-10-30 00:00:00.000
"2939  ","DEXAMETHASONE 0.5MG TAB(O)    ",NULL,NULL
"2940  ","DEXAMETHASONE 0.5MG TAB(R)(L) ",NULL,NULL
"2941  ","DEXAMETHASONE 0.5MG.TAB (O)   ",PP/034,2026-03-31 00:00:00.000
"2941  ","DEXAMETHASONE 0.5MG.TAB (O)   ",PP/110,2026-04-30 00:00:00.000
"2941  ","DEXAMETHASONE 0.5MG.TAB (O)   ",PP/873,2026-01-31 00:00:00.000
"2941  ","DEXAMETHASONE 0.5MG.TAB (O)   ",PP741,2025-12-31 00:00:00.000
"2941  ","DEXAMETHASONE 0.5MG.TAB (O)   ",PP765,2025-12-31 00:00:00.000
"2942  ","DEXAMETHASONE 0.5MG.TAB*      ",NULL,NULL
"2943  ","DEXAMETHASONE TAB             ",NULL,NULL
"2944  ","DEXAMETHASONE TAB             ",NULL,NULL
"2945  ","DEXAMETHASONE TAB             ",NULL,NULL
"2946  ","DEXAMETHASONE TAB             ",NULL,NULL
"2947  ","DEXAMETHASONE TAB             ",NULL,NULL
"2948  ","DEXAMETHASONE TAB             ",9588,2025-12-31 00:00:00.000
"2949  ","DEXAMETHASONE TAB             ",NULL,NULL
"2950  ","DEXAMETHASONE TAB             ",NULL,NULL
"2951  ","DEXAMETHASONE TAB             ",NULL,NULL
"2952  ","DEXAMETHASONE TAB             ",NULL,NULL
"2953  ","DEXAMETHASONE TAB             ",NULL,NULL
"2954  ","DEXAMETHASONE TAB (HEART)     ",NULL,NULL
"2955  ","DEXAMETHASONE TAB 0.5MG (O)   ",NULL,NULL
"2956  ","DEXAMETHASONE TAB(O)          ",NULL,NULL
"2957  ","DEXAMETHASONE TAB(O)]         ",JJVJ24037,2027-01-31 00:00:00.000
"2957  ","DEXAMETHASONE TAB(O)]         ",JKBK24037,2027-01-31 00:00:00.000
"2958  ","DEXAMETHASONE(SOLUDEX-0.5)TAB ",NULL,NULL
"2959  ","DEXAMETHSONE 0.5MG TAB        ",NULL,NULL
"2960  ","DEXAVAB 0.5MG TAB             ",95-92,2027-04-30 00:00:00.000
"2961  ","DEXAWIN TAB                   ",NULL,NULL
"2962  ","DEXODERM 250MG TAB            ",NULL,NULL
"2963  ","DEXONE (O) TAB                ",NULL,NULL
"2964  ","DEXSON-5 TAB                  ",NULL,NULL
"2965  ","DFLEX-6 TAB                   ",NULL,NULL
"2966  ","DHA PROTITROX(CHOC)           ",NULL,NULL
"2967  ","DI-IODO H.Q.TAB I.P           ",NULL,NULL
"2968  ","DI-IODOHYDROXY 300MG          ",NULL,NULL
"2969  ","DI-IODOHYDROXYQUINOLINE       ",NULL,NULL
"2970  ","DI-IODOHYDROXYQUINOLINE TAB   ",NULL,NULL
"2971  ","DI-IODOHYDROXYQUNOLINE        ",NULL,NULL
"2972  ","DIABECON TAB                  ",NULL,NULL
"2973  ","DIABFORD-GPM 1                ",DLT-9057,2025-03-31 00:00:00.000
"2974  ","DIABFORD-GPM 2                ",ABTBA108,2026-02-28 00:00:00.000
"2974  ","DIABFORD-GPM 2                ",ANTNA108,2026-02-28 00:00:00.000
"2974  ","DIABFORD-GPM 2                ",DLT-9321,2025-06-30 00:00:00.000
"2975  ","DIABFORD-VGM1                 ",DLT-9055,2025-03-31 00:00:00.000
"2976  ","DIABFORD-VGM2                 ",BLT-9058,2025-03-31 00:00:00.000
"2977  ","DIACECOR MSM TAB              ",NULL,NULL
"2978  ","DIANIM-GM TAB                 ",NULL,NULL
"2979  ","DIAPER (L)                    ",NULL,NULL
"2980  ","DIAPER ADULT                  ",NULL,NULL
"2981  ","DIAPER ADULT (L)              ",NULL,NULL
"2982  ","DIAPER ADULT (L)              ",NULL,NULL
"2983  ","DIAPER ADULT (M)              ",NULL,NULL
"2984  ","DIAPER ADULT(L)               ",NULL,NULL
"2985  ","DIAPER EASY WARE COMFREY      ",NULL,NULL
"2986  ","DIAZEPAM 500 TAB              ",NULL,NULL
"2987  ","DIAZEPAM 5MG TAB              ",NULL,NULL
"2988  ","DIAZEPAM 5MG TAB              ",NULL,NULL
"2989  ","DIAZEPAM 5MG TAB              ",NULL,NULL
"2990  ","DIAZEPAM 5MG.TAB              ",NULL,NULL
"2991  ","DIAZEPAM TAB                  ",NULL,NULL
"2992  ","DIAZEPAM TAB I.P (RD)         ",NULL,NULL
"2993  ","DIAZEPAM TAB I.P 5MG          ",NULL,NULL
"2994  ","DIBIMET 500 TAB               ",NULL,NULL
"2995  ","DICFAST-KM TAB                ",NULL,NULL
"2996  ","DICLAFAM TAB                  ",NULL,NULL
"2997  ","DICLIN TAB                    ",NULL,NULL
"2998  ","DICLIN TAB                    ",3183,2025-04-30 00:00:00.000
"2998  ","DICLIN TAB                    ",3244,2025-04-30 00:00:00.000
"2998  ","DICLIN TAB                    ",3605,2025-07-31 00:00:00.000
"2998  ","DICLIN TAB                    ",3659,2025-08-30 00:00:00.000
"2999  ","DICLO PLUS TAB                ",NULL,NULL
"3000  ","DICLO TAB                     ",NULL,NULL
"3001  ","DICLO(LIBERON)-50 TAB         ",NULL,NULL
"3002  ","DICLO(ONEC)TAB                ",NULL,NULL
"3003  ","DICLO+PARA TAB                ",NULL,NULL
"3004  ","DICLO+PARA(HALNAC-P)TAB       ",NULL,NULL
"3005  ","DICLO+PARA(PARDANA)TAB        ",NULL,NULL
"3006  ","DICLO-PARADANA-C TAB          ",NULL,NULL
"3007  ","DICLO.SOD.TAB                 ",NULL,NULL
"3008  ","DICLOFAM TAB                  ",NULL,NULL
"3009  ","DICLOFAM TAB(DICLO+PARA)      ",NULL,NULL
"3010  ","DICLOFEN MR TAB               ",NULL,NULL
"3011  ","DICLOFENAC (DICLOTUL)TAB      ",NULL,NULL
"3012  ","DICLOFENAC (O)TAB             ",NULL,NULL
"3013  ","DICLOFENAC (R) TAB            ",NULL,NULL
"3014  ","DICLOFENAC 50MG TAB           ",NULL,NULL
"3015  ","DICLOFENAC 50MG TAB           ",NULL,NULL
"3016  ","DICLOFENAC 50MG.TAB           ",NULL,NULL
"3017  ","DICLOFENAC F/C 50MG TAB       ",NULL,NULL
"3018  ","DICLOFENAC FREE ACID TAB      ",NULL,NULL
"3019  ","DICLOFENAC SO 50MG.TAB        ",NULL,NULL
"3020  ","DICLOFENAC SO.50MG.TAB        ",NULL,NULL
"3021  ","DICLOFENAC SO.50MG.TAB        ",NULL,NULL
"3022  ","DICLOFENAC SO.50MG.TAB        ",NULL,NULL
"3023  ","DICLOFENAC SO.50MG.TAB        ",NULL,NULL
"3024  ","DICLOFENAC SO.50MG.TAB        ",NULL,NULL
"3025  ","DICLOFENAC SO.50MG.TAB        ",NULL,NULL
"3026  ","DICLOFENAC SO.50MG.TAB        ",NULL,NULL
"3027  ","DICLOFENAC SO.50MG.TAB        ",NULL,NULL
"3028  ","DICLOFENAC SO.50MG.TAB        ",NULL,NULL
"3029  ","DICLOFENAC SO.TAB             ",NULL,NULL
"3030  ","DICLOFENAC SO.TAB.            ",NULL,NULL
"3031  ","DICLOFENAC SODIUM 50MG TAB    ",NULL,NULL
"3032  ","DICLOFENAC SODIUM 50MG TAB    ",NULL,NULL
"3033  ","DICLOFENAC SODIUM S/C         ",NULL,NULL
"3034  ","DICLOFENAC SODIUM TAB         ",NULL,NULL
"3035  ","DICLOFENAC SODIUM TAB         ",NULL,NULL
"3036  ","DICLOFENAC SODIUM TAB 50MG    ",NULL,NULL
"3037  ","DICLOFENAC SODIUM TAB 50MG    ",NULL,NULL
"3038  ","DICLOFENAC TAB                ",NULL,NULL
"3039  ","DICLOFENAC TAB                ",NULL,NULL
"3040  ","DICLOFENAC TAB                ",NULL,NULL
"3041  ","DICLOFENAC TAB 50MG           ",NULL,NULL
"3042  ","DICLOFENAC+PARACETAMOL TAB    ",NULL,NULL
"3043  ","DICLOFLAM-MR                  ",NULL,NULL
"3044  ","DICLOGAL PLUS TAB             ",NULL,NULL
"3045  ","DICLOKEM PLUS GEL             ",NULL,NULL
"3046  ","DICLOKOP FORTE TAB            ",NULL,NULL
"3047  ","DICLOKOP-SP TAB               ",NULL,NULL
"3048  ","DICLOPAN-50 TAB (O)           ",NULL,NULL
"3049  ","DICLOPAN-50 TAB (R)           ",NULL,NULL
"3050  ","DICLOPAR (DICLO+PARA)TAB      ",NULL,NULL
"3051  ","DICLOPAR PLUS TAB             ",NULL,NULL
"3052  ","DICLOPAR PLUS TAB             ",NULL,NULL
"3053  ","DICLOSUPER-SP TAB             ",NULL,NULL
"3054  ","DICLOTEC PLUS                 ",NULL,NULL
"3055  ","DICLOTRUST GEL OINT           ",AZ01,2024-05-31 00:00:00.000
"3056  ","DICLOTUL TAB                  ",NULL,NULL
"3057  ","DICLOVIN (DICLO)TAB           ",NULL,NULL
"3058  ","DICLOVIN PLUS TAB             ",NULL,NULL
"3059  ","DICLOZEM-PLUS                 ",NULL,NULL
"3060  ","DICLOZEN TAB                  ",NULL,NULL
"3061  ","DICOLIV GEL                   ",NULL,NULL
"3062  ","DICOLIV-MR TAB                ",NULL,NULL
"3063  ","DICOLOFENAC(EUFENAC)TAB       ",NULL,NULL
"3064  ","DICOPIN PK TAB                ",3G3005C,2025-08-30 00:00:00.000
"3065  ","DICOPIN PM TAB                ",ATX1003CY,2024-11-30 00:00:00.000
"3066  ","DICOPIN PM TAB                ",3G3005C,2025-08-30 00:00:00.000
"3067  ","DICOPIN TAB                   ",NULL,NULL
"3068  ","DICOPIN TAB                   ",NULL,NULL
"3069  ","DICOPIN TAB 10`S TAB          ",ATX3002CY,2026-06-30 00:00:00.000
"3070  ","DICOPIN-MR TAB                ",BFK3001CY,2025-08-30 00:00:00.000
"3071  ","DICOPIN-PM TAB                ",NULL,NULL
"3072  ","DICYCLO-A                     ",NULL,NULL
"3073  ","DICYCLOMINE 20MG TAB          ",PP698,2024-10-30 00:00:00.000
"3074  ","DICYCLOMINE HCL TAB           ",NULL,NULL
"3075  ","DICYCLOMINE HCL TAB           ",NULL,NULL
"3076  ","DICYCLOMINE HYDROCHLORIDE TAB ",NULL,NULL
"3077  ","DICYCLOMINE TAB               ",3350,2025-05-31 00:00:00.000
"3078  ","DICYCLOMINE TAB               ",NULL,NULL
"3079  ","DICYCLOMINE TAB               ",NULL,NULL
"3080  ","DICYCLOMINE TAB               ",NULL,NULL
"3081  ","DICYCLOMINE TAB*              ",NULL,NULL
"3082  ","DICYLOMINE TAB                ",NULL,NULL
"3083  ","DIETHYL CAEBAMAZINE 50MG.TAB  ",NULL,NULL
"3084  ","DIETHYL CARBAMAZEINE CITRATE  ",NULL,NULL
"3085  ","DIETHYL CARBAMAZINE 100MG     ",NULL,NULL
"3086  ","DIETHYL CARBAMAZINE 100MG TAB ",NULL,NULL
"3087  ","DIETHYL CARBAMAZINE 50MG T    ",PP/977,2025-01-31 00:00:00.000
"3088  ","DIETHYL CARBAMAZINE CITR.50MG ",NULL,NULL
"3089  ","DIETHYL CARBAMAZINE CITRATE   ",NULL,NULL
"3090  ",DIETHYL CARBAMAZINE CITRATE TA,NULL,NULL
"3091  ","DIETHYL CARBAMZINE 50MG       ",NULL,NULL
"3092  ","DIETHYLCARBAMAZINE 100MG TAB  ",NULL,NULL
"3093  ","DIETHYLCARBAMAZINE 50MG TAB   ",DC-334,2026-07-30 00:00:00.000
"3094  ",DIETHYLCARBAMAZINE CITRATE100M,NULL,NULL
"3095  ","DIFENAC TAB                   ",NULL,NULL
"3096  ","DIFENAC-F TAB                 ",NULL,NULL
"3097  ","DIFENAC-F TAB(100)            ",NULL,NULL
"3098  ","DIGEL-MPS TAB                 ",3538,2025-08-30 00:00:00.000
"3098  ","DIGEL-MPS TAB                 ",36102,2027-02-28 00:00:00.000
"3099  ","DIGESTEN TAB                  ",NULL,NULL
"3100  ","DIGESTIN TAB                  ",NULL,NULL
"3101  ","DIGI-THERMAMETER              ",.,NULL
"3102  ","DIGIGEL TAB                   ",NULL,NULL
"3103  ","DIGITAL BATH SCALE            ",NULL,NULL
"3104  ","DIGITAL THARMA EASY CARE      ",NULL,NULL
"3105  ","DIGITAL THERMOMETER           ",NULL,NULL
"3106  ","DIGITAL THERMOMETER           ",NULL,NULL
"3107  ","DIGITAL THERMOMETER DOLO      ",NULL,NULL
"3108  ","DIGITAL THERMOMETER TOUCHCARE ",NULL,NULL
"3109  ","DIGITAL THERMOMETER(NECTAR)   ",NULL,NULL
"3110  ","DIGITAL WEIGHING SCALE        ",NULL,NULL
"3111  ","DIGNITY DIPER XL              ",NULL,NULL
"3112  ","DIGTAL THARMA                 ",NULL,NULL
"3113  ",DIIODOHYDROXYQUINOLINE TAB I.R,NULL,NULL
"3114  ","DIKART 5 CREAM                ",NULL,NULL
"3115  ","DIMINE(DIPHEN)CAP             ",NULL,NULL
"3116  ","DIONEC PLUS                   ",NULL,NULL
"3117  ","DIOVOL TAB                    ",NULL,NULL
"3118  ","DIPANE M.R.TAB                ",NULL,NULL
"3119  ","DIPANE TAB                    ",NULL,NULL
"3120  ","DIPANE TAB                    ",NULL,NULL
"3121  ","DIPEHN 25MG CAP               ",231250,2026-11-30 00:00:00.000
"3121  ","DIPEHN 25MG CAP               ",240137,2026-12-30 00:00:00.000
"3121  ","DIPEHN 25MG CAP               ",240452,2027-01-31 00:00:00.000
"3122  ","DIPHEN CAP                    ",NULL,NULL
"3123  ","DIPHEN CAP                    ",NULL,NULL
"3124  ","DIPHEN HCL 25MG CAP           ",NULL,NULL
"3125  ","DIPHEN HYDRAMINE HY,. TAB     ",NULL,NULL
"3126  ","DIPHENDRAMINE CAP.I.P.25      ",PP/C056,2025-02-28 00:00:00.000
"3127  ","DIPHENDRAMINE HCL CAP 500CAP  ",NULL,NULL
"3128  ","DIPHENHYDRAMINE 25MG CAP      ",NULL,NULL
"3129  ","DIPHENHYDRAMINE 25MG CAP      ",NULL,NULL
"3130  ","DIPHENHYDRAMINE 25MG CAP      ",C 356,2025-12-31 00:00:00.000
"3130  ","DIPHENHYDRAMINE 25MG CAP      ",C356,2025-12-30 00:00:00.000
"3131  ","DIPHENHYDRAMINE 25MG CAP      ",NULL,NULL
"3132  ","DIPHENHYDRAMINE CAP           ",NULL,NULL
"3133  ","DIPHENHYDRAMINE CAP           ",NULL,NULL
"3134  ","DIPHENHYDRAMINE CAP (BITTU)   ",NULL,NULL
"3135  ","DIPHENHYDRAMINE CAP I.P       ",NULL,NULL
"3136  ","DIPHENHYDRAMINE HCL 25MG TAB  ",NULL,NULL
"3137  ","DIPHENHYDRAMINE HCL CAP       ",NULL,NULL
"3138  ","DIPHENHYDRAMINE HCL TAB       ",NULL,NULL
"3139  ","DIPHENHYDRAMINE TAB           ",NULL,NULL
"3140  ","DIPHENHYDRAMINE TAB           ",NULL,NULL
"3141  ","DIPHYLLINE TAB                ",NULL,NULL
"3142  ","DIPPER ADULT                  ",NULL,NULL
"3143  ","DIQWIN TAB                    ",NULL,NULL
"3144  ","DISCOUNT*                     ",.,NULL
"3145  ","DISP.CUP SATNAM               ",NULL,NULL
"3146  ","DISPENCING CUP                ",NULL,NULL
"3147  ","DISPENSING CUP                ",NULL,NULL
"3148  ","DISPENSING CUP 25ML           ",NULL,NULL
"3149  ","DISPO VAN NEEDLE 26*1.1/2     ",NULL,NULL
"3150  ","DISPO VAN NO.21               ",NULL,NULL
"3151  ","DISPOSE-A-GLOVE-MED(P.S.I}    ",NULL,NULL
"3152  ","DISPOVAN 18 1.1/5 NEEDLE      ",NULL,NULL
"3153  ","DISPOVAN 22NO.NEEDLE          ",13362S,2028-03-31 00:00:00.000
"3153  ","DISPOVAN 22NO.NEEDLE          ",44352S,2028-10-30 00:00:00.000
"3154  ","DISSPON NEEDLE 26.05          ",NULL,NULL
"3155  ","DISTRIL WATER                 ",NULL,NULL
"3156  ","DISTROYER NEEDLE & SYRINGE    ",NULL,NULL
"3157  ","DISTROYER SY & NEEDLE         ",NULL,NULL
"3158  ","DISTROYER SY Z NEEDLE         ",NULL,NULL
"3159  ","DISTROYER SY Z NEEDLE         ",NULL,NULL
"3160  ","DISTROYER SY Z NEEDLE         ",NULL,NULL
"3161  ","DISTROYER SY/NEEDLE(POWER)    ",NULL,NULL
"3162  ","DISTROYER SYRING/NEEDLE       ",NULL,NULL
"3163  ","DIWALI GIFT                   ",NULL,NULL
"3164  ","DIZZIGO TAB                   ",NULL,NULL
"3165  ","DL-FLAM TAB                   ",NULL,NULL
"3166  ","DMOL-CZ                       ",NULL,NULL
"3167  ","DOFACIN-200(OFLOX)*           ",NULL,NULL
"3168  ","DOLFAM MR TAB                 ",NULL,NULL
"3169  ","DOLGOGESIC TAB                ",NULL,NULL
"3170  ","DOLMOX 250MG.TAB(MOX 250)*    ",NULL,NULL
"3171  ","DOLOAN-500 TAB                ",NULL,NULL
"3172  ","DOLOAN-650TAB                 ",NULL,NULL
"3173  ","DOLOCARE 500 TAB              ",NULL,NULL
"3174  ","DOLOCARE 650 TAB              ",NULL,NULL
"3175  ","DOLOCOLD ADULT DROP NASAL     ",NULL,NULL
"3176  ","DOLOCOLD JUNIOR DROP NASAL    ",NULL,NULL
"3177  ","DOLOGEN-500 C/S               ",NULL,NULL
"3178  ","DOLOGESIC TAB                 ",TMR-212423,2024-09-30 00:00:00.000
"3178  ","DOLOGESIC TAB                 ",TMR-221492,2025-06-30 00:00:00.000
"3179  ","DOLOMUST-P 10 TAB             ",NULL,NULL
"3180  ","DOLONIM GOLD TAB              ",NULL,NULL
"3181  ","DOLOQUIK-500MG TAB            ",TMR-022322,2025-01-31 00:00:00.000
"3182  ","DOLOSPAS TAB                  ",NULL,NULL
"3183  ","DOLOZOX-MR TAB                ",NULL,NULL
"3184  ","DOLTRA F TAB                  ",NULL,NULL
"3185  ","DOMHEL-MD TAB                 ",NULL,NULL
"3186  ","DOMICO(DOMPERIDON)TA          ",NULL,NULL
"3187  ","DOMIN TAB                     ",3724,2025-08-30 00:00:00.000
"3187  ","DOMIN TAB                     ",4030(S.Y),2025-11-30 00:00:00.000
"3187  ","DOMIN TAB                     ",4181(Y),2026-01-31 00:00:00.000
"3188  ","DOMIN-DT TAB                  ",NULL,NULL
"3189  ","DOMIPEN TAB 10MG              ",NULL,NULL
"3190  ","DOMMDON 10 TAB                ",240108,2026-12-31 00:00:00.000
"3190  ","DOMMDON 10 TAB                ",240109,2026-12-31 00:00:00.000
"3190  ","DOMMDON 10 TAB                ",240424,2027-03-31 00:00:00.000
"3190  ","DOMMDON 10 TAB                ",240425,2027-03-31 00:00:00.000
"3191  ","DOMONE TAB                    ",NULL,NULL
"3192  ","DOMOSTOP TAB                  ",NULL,NULL
"3193  ","DOMPERIDON 10MG TAB           ",NULL,NULL
"3194  ","DOMPERIDON TAB                ",NULL,NULL
"3195  ","DOMPERIDON TAB                ",NULL,NULL
"3196  ","DOMPERIDON TAB                ",PP-725,2025-12-31 00:00:00.000
"3196  ","DOMPERIDON TAB                ",PP654,2025-11-30 00:00:00.000
"3197  ","DOMPERIDON TAB                ",NULL,NULL
"3198  ","DOMPERIDON TAB                ",NULL,NULL
"3199  ","DOMPERIDON TAB                ",NULL,NULL
"3200  ","DOMPERIDON TAB*               ",NULL,NULL
"3201  ","DOMPERIDON TAB.               ",NULL,NULL
"3202  ","DOMPERIDON(TRAVEL)TAB         ",NULL,NULL
"3203  ","DOMPERIDONE (DOMSTAN)TAB      ",NULL,NULL
"3204  ","DOMPERIDONE 10MG TAB          ",NULL,NULL
"3205  ","DOMPERIDONE 10MG TAB          ",NULL,NULL
"3206  ","DOMPERIDONE 10MG.TAB          ",NULL,NULL
"3207  ","DOMPERIDONE 10MG.TAB          ",NULL,NULL
"3208  ","DOMPERIDONE 10MG.TAB          ",NULL,NULL
"3209  ","DOMPERIDONE TAB               ",NULL,NULL
"3210  ","DOMPERIDONE TAB               ",NULL,NULL
"3211  ","DOMPERIDONE TAB 10MG          ",NULL,NULL
"3212  ","DOMPERIDONE(MACDOM)TAB        ",NULL,NULL
"3213  ","DOMPERIDONE(VOMITOP)          ",NULL,NULL
"3214  ","DOMPY TAB(DOMPERIDON)         ",NULL,NULL
"3215  ","DOMSAR(DOMPERIDON)TAB         ",NULL,NULL
"3216  ","DOMTOP-DT(DOMPERIDON)TAB      ",NULL,NULL
"3217  ","DOO CLAV 375 TAB              ",NULL,NULL
"3218  ","DOXETIN 200 TAB               ",NULL,NULL
"3219  ","DOXIP-100                     ",NULL,NULL
"3220  ","DOXOFORD AM TAB               ",NULL,NULL
"3221  ","DOXOFORD-AM TAB               ",NULL,NULL
"3222  ","DOXRID TAB                    ",NULL,NULL
"3223  ","DOXXIN-PLUS TAB               ",NULL,NULL
"3224  ","DOXY CAP                      ",NULL,NULL
"3225  ","DOXY CAP (A DOX) CAP          ",NULL,NULL
"3226  ","DOXY-100                      ",NULL,NULL
"3227  ","DOXYCIP CAP                   ",NULL,NULL
"3228  ","DOXYCLINE 100MG.TAB           ",NULL,NULL
"3229  ","DOXYCOL CAP                   ",NULL,NULL
"3230  ","DOXYCYCLINE 100MG CAP         ",DO24001V,2026-03-31 00:00:00.000
"3230  ","DOXYCYCLINE 100MG CAP         ",DQ23004V,2025-11-30 00:00:00.000
"3231  ","DOXYCYCLINE 100MG TAB         ",63-145,2026-02-28 00:00:00.000
"3231  ","DOXYCYCLINE 100MG TAB         ",63-146,2026-03-31 00:00:00.000
"3232  ","DOXYCYCLINE 100MG.CAP         ",NULL,NULL
"3233  ","DOXYCYCLINE 100MG.CAP         ",NULL,NULL
"3234  ","DOXYCYCLINE CAP               ",NULL,NULL
"3235  ","DOXYCYCLINE CAP               ",NULL,NULL
"3236  ","DOXYCYCLINE CAP               ",NULL,NULL
"3237  ","DOXYCYCLINE CAP               ",NULL,NULL
"3238  ","DOXYCYCLINE CAP               ",NULL,NULL
"3239  ","DOXYCYCLINE CAP               ",NULL,NULL
"3240  ","DOXYCYCLINE HCL CAP           ",NULL,NULL
"3241  ","DOXYCYCLINE HY.,CAP 100MG     ",NULL,NULL
"3242  ","DOXYCYCLINE HYD.TAB.100MG.    ",NULL,NULL
"3243  ","DOXYCYLINE CAP                ",NULL,NULL
"3244  ","DOXYCYLINE CAP                ",NULL,NULL
"3245  ","DOXYFEMEN TAB                 ",NULL,NULL
"3246  ","DOXYJEET CAP                  ",NULL,NULL
"3247  ","DOXYKOP-LB CAP                ",NULL,NULL
"3248  ","DOXYLIFE CAP                  ",NULL,NULL
"3249  ","DOXYLIN-1 TAB                 ",NULL,NULL
"3250  ","DOXYLINE HCL 100MG CAP        ",NULL,NULL
"3251  ","DOXYMINE TAB                  ",NULL,NULL
"3252  ","DOXYMOUNT -100 CAP            ",NULL,NULL
"3253  ","DOXYSCOT CAP                  ",NULL,NULL
"3254  ","DOXYVOM TAB                   ",D01036,2025-10-30 00:00:00.000
"3255  ","DOXYWELL CAP                  ",NULL,NULL
"3256  ","DOXYWELL TAB                  ",NULL,NULL
"3257  ","DOZYME TAB                    ",NULL,NULL
"3258  ","DP NEC GEL                    ",DPN-5,2024-09-30 00:00:00.000
"3258  ","DP NEC GEL                    ",DPN-6,2024-10-30 00:00:00.000
"3259  ","DR MONTELOOK LC TAB           ",PD35AG01,2025-10-30 00:00:00.000
"3260  ","DR SPIRIT                     ",NULL,NULL
"3261  ","DR.KOFF TAB                   ",NULL,NULL
"3262  ","DR.MAA ORS 21.8GM             ",NULL,NULL
"3263  ","DR.NOVIJOINT OIL              ",ANH022137,2025-11-30 00:00:00.000
"3264  ","DR.TRUST ANTI ACNE SOAP       ",NULL,NULL
"3265  ","DROMEFORD TAB(DROTA+MEFA)     ",DLT-9227,2025-05-31 00:00:00.000
"3266  ","DROP MULTICO                  ",NULL,NULL
"3267  ","DROP NASELIN NASAL            ",NULL,NULL
"3268  ","DROP SPASMEND                 ",NULL,NULL
"3269  ","DROPPER PLASTIC               ",NULL,NULL
"3270  ","DROX 500MG TAB                ",NULL,NULL
"3271  ","DROX-500(CEFADROXYL)TAB       ",NULL,NULL
"3272  ","DROXCOR 250MG TAB             ",DAITI005,2024-10-30 00:00:00.000
"3273  ","DROXEL TAB                    ",NULL,NULL
"3274  ","DROXY DT 250MG TAB            ",NULL,NULL
"3275  ","DROXYFAR-500MG TAB            ",NULL,NULL
"3276  ","DROYMORE-500 TAB              ",NULL,NULL
"3277  ","DROZIVER-M TAB                ",NULL,NULL
"3278  ","DRUAMOL ADVANCED TAB          ",NULL,NULL
"3279  ","DUCKLINE HOTBAG               ",NULL,NULL
"3280  ","DUO CLAV 375                  ",NULL,NULL
"3281  ","DUOLIN INHELAR                ",NULL,NULL
"3282  ","DUOLIN RESPULES               ",NULL,NULL
"3283  ","DUOMENTIN KID                 ",NULL,NULL
"3284  ","DUORELIF RESPULE              ",K1060180,2025-07-30 00:00:00.000
"3285  ","DUOSALIC                      ",NULL,NULL
"3286  ","DUOSULES AMP                  ",NULL,NULL
"3287  ","DURAMOL 500MG.TAB             ",NULL,NULL
"3288  ","DURAMOL ADVANCED TAB          ",NULL,NULL
"3289  ","DURAMOL(O)TAB 10`S*           ",NULL,NULL
"3290  ","DURAMOL(OVAL)TAB              ",NULL,NULL
"3291  ","DURAMOL(R)TAB 10`S*           ",NULL,NULL
"3292  ","DURAMOL-O (R) TAB             ",NULL,NULL
"3293  ","DURAMOL-O TAB(OVAL)           ",NULL,NULL
"3294  ","DURAMOL-P (OVAL)              ",NULL,NULL
"3295  ","DURAMOL-P(R)TAB               ",NULL,NULL
"3296  ","DUROXYL 250DT TAB             ",NULL,NULL
"3297  ","DUROXYL-125 DT TAB            ",NULL,NULL
"3298  ","DUSART-50 MG TAB              ",NULL,NULL
"3299  ","DXN-20 TAB                    ",NULL,NULL
"3300  ","DYNAMOP D CAP                 ",NULL,NULL
"3301  ","DYNAPLAST 8CM                 ",NULL,NULL
"3302  ","DYNAPLAST-4""                  ",NULL,NULL
"3303  ","DYNAPLAT 6CM                  ",NULL,NULL
"3304  ","E-400 CAP                     ",OF12-004,2025-12-31 00:00:00.000
"3305  ","E-GA 400 CAP                  ",NULL,NULL
"3306  ","E-MOL TAB                     ",3191,2025-04-30 00:00:00.000
"3306  ","E-MOL TAB                     ",3968,2025-11-30 00:00:00.000
"3306  ","E-MOL TAB                     ",4080,2025-12-31 00:00:00.000
"3306  ","E-MOL TAB                     ",4155,2025-12-31 00:00:00.000
"3307  ","E-ON CAP                      ",AAA-553,2025-09-30 00:00:00.000
"3308  ","E-VIN 200CAPS                 ",NULL,NULL
"3309  ","E-VITAMIN 400                 ",NULL,NULL
"3310  ","E-ZYME TAB                    ",NULL,NULL
"3311  ","E.A.B 10CM*4*6                ",B-423,2025-03-31 00:00:00.000
"3311  ","E.A.B 10CM*4*6                ",S230408,2026-03-31 00:00:00.000
"3312  ","E/D HAPPY TEARS               ",NULL,NULL
"3313  ","E/E ALBERMOXI DROP            ",NULL,NULL
"3314  ","E/E ANGECIP DROP              ",NULL,NULL
"3315  ","E/E ANGECIP-DX                ",NULL,NULL
"3316  ","E/E ANGECIP-DX DROP           ",NULL,NULL
"3317  ","E/E ANGEFLOX-DX               ",NULL,NULL
"3318  ","E/E CIFBAX                    ",D04B001,2026-01-31 00:00:00.000
"3318  ","E/E CIFBAX                    ",DO3H021,2025-07-30 00:00:00.000
"3319  ","E/E CIFBAX-DX                 ",D038B002,2025-01-31 00:00:00.000
"3319  ","E/E CIFBAX-DX                 ",D04A005,2025-12-31 00:00:00.000
"3320  ","E/E CIFLOX                    ",NULL,NULL
"3321  ","E/E CIPCARE                   ",NULL,NULL
"3322  ","E/E CIPCARE D                 ",NULL,NULL
"3323  ","E/E CIPCOZ DROP               ",NULL,NULL
"3324  ","E/E CIPNOL                    ",NULL,NULL
"3325  ","E/E CIPNOL                    ",NULL,NULL
"3326  ","E/E CIPNOL D                  ",NULL,NULL
"3327  ","E/E CIPOLE D DROPS            ",NULL,NULL
"3328  ","E/E CIPOLE DROPS              ",NULL,NULL
"3329  ","E/E CIPRABERT D DROP          ",NULL,NULL
"3330  ","E/E CIPRABERT DROP            ",NULL,NULL
"3331  ","E/E CIPRO D                   ",NULL,NULL
"3332  ","E/E CIPROFENCH D              ",23NE1014,2025-09-30 00:00:00.000
"3333  ","E/E CIPROLONE DX DROP         ",NULL,NULL
"3334  ","E/E CIPROLONE DX DROP         ",NULL,NULL
"3335  ","E/E CIPROMAC-D                ",NULL,NULL
"3336  ","E/E CIPROMAXX                 ",NULL,NULL
"3337  ","E/E CIPROPEN DROPS            ",NULL,NULL
"3338  ","E/E CIPROVEE                  ",NULL,NULL
"3339  ","E/E CIPROVEE-D                ",NULL,NULL
"3340  ","E/E CIPROVIEW DROP            ",NULL,NULL
"3341  ","E/E CIRF (CIPRO)              ",NULL,NULL
"3342  ","E/E CIRF-D DROP               ",NULL,NULL
"3343  ","E/E CYFLOX DROP               ",HCB2201,2024-04-30 00:00:00.000
"3344  ","E/E CYFLOX-D DROPS            ",NULL,NULL
"3345  ","E/E DECO                      ",NULL,NULL
"3346  ","E/E DEXA BEST-G DROP          ",NULL,NULL
"3347  ","E/E DEXTA-C DROPS             ",NULL,NULL
"3348  ","E/E DROP CPROHIM              ",NULL,NULL
"3349  ","E/E DROP OFIX                 ",NULL,NULL
"3350  ","E/E DROP OFNOL                ",NULL,NULL
"3351  ","E/E DROPS NOLOXIN             ",NULL,NULL
"3352  ","E/E DROPS NOLOXIN             ",NULL,NULL
"3353  ","E/E DROPS NOLOXIN             ",NULL,NULL
"3354  ","E/E DROPS OFIX                ",NULL,NULL
"3355  ","E/E DROPS.CIPROLONE           ",NULL,NULL
"3356  ","E/E ERABACT DROP(CIFA)        ",NULL,NULL
"3357  ","E/E FLOX-O DEX                ",NULL,NULL
"3358  ","E/E FLOXIMOX                  ",NULL,NULL
"3359  ","E/E GENCARE DROPS             ",NULL,NULL
"3360  ","E/E GENCIP (CIPRO)DROPS       ",NULL,NULL
"3361  ","E/E GENCOL C DROPS            ",NULL,NULL
"3362  ","E/E GENCOL DROP               ",NULL,NULL
"3363  ","E/E GENCOL-D                  ",NULL,NULL
"3364  ","E/E GENMAK-DX                 ",NULL,NULL
"3365  ","E/E GENNOL DROP               ",NULL,NULL
"3366  ","E/E GENNOL-D                  ",MK0299,2024-10-30 00:00:00.000
"3367  ","E/E GENTABIOTIC DROP*         ",NULL,NULL
"3368  ","E/E GENTACORT D DROP          ",NULL,NULL
"3369  ","E/E GENTAGAL-D                ",NULL,NULL
"3370  ","E/E GENTALAB                  ",NULL,NULL
"3371  ","E/E GENTALIN DROP             ",NULL,NULL
"3372  ","E/E GENTICOL                  ",NULL,NULL
"3373  ","E/E GENTICOL D DROPS          ",NULL,NULL
"3374  ","E/E GERAGEN DROP              ",NULL,NULL
"3375  ","E/E GERAGEN-D DROP            ",D031006,2025-09-30 00:00:00.000
"3376  ","E/E GERCIP(CIPRO) DROP*       ",NULL,NULL
"3377  ","E/E GERO DROPS                ",NULL,NULL
"3378  ","E/E MOXISIGN-D DROP           ",HMD2303,2025-07-30 00:00:00.000
"3379  ","E/E MYGEN-D DROP              ",NULL,NULL
"3380  ","E/E OFBID DX DROP             ",NULL,NULL
"3381  ","E/E OFCARE D                  ",NULL,NULL
"3382  ","E/E OFCARE D DROPS            ",NULL,NULL
"3383  ","E/E OFCARE DROPS              ",NULL,NULL
"3384  ","E/E OFCOL D DROPS             ",NULL,NULL
"3385  ","E/E OFCOL DROPS               ",NULL,NULL
"3386  ","E/E OFLATOP-D                 ",NULL,NULL
"3387  ","E/E OFNOL DROP                ",NULL,NULL
"3388  ","E/E OFNOL-D DROPS             ",NULL,NULL
"3389  ","E/E OFRIVID                   ",D03H020,2025-07-30 00:00:00.000
"3390  ","E/E OFRIVID-DX DROP           ",D031009,2025-08-30 00:00:00.000
"3390  ","E/E OFRIVID-DX DROP           ",DO2L009,2024-11-30 00:00:00.000
"3390  ","E/E OFRIVID-DX DROP           ",DO3I009,2025-08-30 00:00:00.000
"3391  ","E/E OTIBIT EAR DROPS          ",NULL,NULL
"3392  ","E/E POLYMYCETIN DX            ",NULL,NULL
"3393  ","E/E STADFLOX DROP             ",NULL,NULL
"3394  ","E/E STADFLOX-D DROPS          ",NULL,NULL
"3395  ","E/E SYNTHOCIP DROP*           ",NULL,NULL
"3396  ","E/E TOBRA D                   ",NULL,NULL
"3397  ","E/E TYPHICOL-DX DROPS         ",NULL,NULL
"3398  ","E/E WINZOX                    ",NULL,NULL
"3399  ","E/E ZENGEN DROP               ",NULL,NULL
"3400  ","E/E ZENGEN-D DROPS            ",NULL,NULL
"3401  ","E/E ZIEFLOX DROP              ",NULL,NULL
"3402  ","E/E ZIEFLOX-D DROPS           ",G30266,2025-06-30 00:00:00.000
"3403  ","E/E ZIFNOX-D DROP             ",G30268,2025-06-30 00:00:00.000
"3404  ","EAR AFD WAX DROP              ",E4D014,2026-03-31 00:00:00.000
"3405  ","EAR BAXOVIN DROP              ",NULL,NULL
"3406  ","EAR BECOLET CC DROP           ",NULL,NULL
"3407  ","EAR CLEAR                     ",NULL,NULL
"3408  ","EAR CLEAR EAR DROPS           ",NULL,NULL
"3409  ","EAR CLEARWAX DROP             ",NULL,NULL
"3410  ","EAR CLOTIOBITIC-NF            ",NULL,NULL
"3411  ","EAR CLOTIVAC DROP             ",SE-199,2024-06-30 00:00:00.000
"3412  ","EAR EAR SCOOP                 ",.,NULL
"3413  ","EAR EARTIK DROP               ",NULL,NULL
"3414  ","EAR EBIOTIC O                 ",NULL,NULL
"3415  ","EAR EBIOTIC O DROPS           ",NULL,NULL
"3416  ","EAR EUWAX DROPS               ",NULL,NULL
"3417  ","EAR EZOCLEAN DROP             ",NULL,NULL
"3418  ","EAR KARE DROPS                ",NULL,NULL
"3419  ","EAR MEDIWAX DROPS             ",NULL,NULL
"3420  ","EAR NEO AQUA DROP             ",NULL,NULL
"3421  ","EAR OFLOCAIN OC               ",NULL,NULL
"3422  ","EAR OTIBID                    ",DD3J013,2025-09-30 00:00:00.000
"3422  ","EAR OTIBID                    ",DD40C006,2026-02-28 00:00:00.000
"3422  ","EAR OTIBID                    ",DO4C006,2026-02-28 00:00:00.000
"3423  ","EAR OTOCOR DROP               ",LD03009,2025-02-28 00:00:00.000
"3424  ","EAR PLUG WITH STRING(ENKAY)   ",NULL,NULL
"3425  ","EAR SCOOP                     ",NULL,NULL
"3426  ","EAR SIGNAWAX                  ",NULL,NULL
"3427  ","EAR SOLEAWAX DROP             ",NULL,NULL
"3428  ","EAR SRIOWAX DROPS             ",NULL,NULL
"3429  ","EAR TYPHICOL-BCL              ",NULL,NULL
"3430  ","EAR TYPICOL BCL DROP          ",NULL,NULL
"3431  ","EAR VARTISE                   ",.,2028-05-31 00:00:00.000
"3432  ","EAR WAX CARE                  ",D04C004,2026-02-28 00:00:00.000
"3433  ","EAR WAX O CLEAN DROP          ",NULL,NULL
"3434  ","EAR WAX Q DROP                ",NULL,NULL
"3435  ","EAR WAXCOL DROP               ",NULL,NULL
"3436  ","EAR WAXINEC DROP              ",NULL,NULL
"3437  ","EAR WAXOZEN DROPS             ",NULL,NULL
"3438  ","EAR ZYCOTIC LC                ",NULL,NULL
"3439  ","EASTO SYME TAB                ",NULL,NULL
"3440  ","EASTO SYME TAB                ",NULL,NULL
"3441  ","EASY CARE BLOOD LANCETS       ",NULL,NULL
"3442  ","EASY CARE PULSE OXYIMETER     ",NULL,NULL
"3443  ","EASY SPIRI (500ML)            ",NULL,NULL
"3444  ","EASYCARE DIGITAL THEMOMETER   ",NULL,NULL
"3445  ","EAY EI-CLIDE DROP             ",NULL,NULL
"3446  ","ECG GEL 250ML                 ",NULL,NULL
"3447  ","ECOFLOX-250 TAB               ",NULL,NULL
"3448  ","ECOFLOX-500 MG TAB            ",NULL,NULL
"3449  ","ECOSCAB LOTION                ",NULL,NULL
"3450  ","ECOSCABE LOTION 100ML         ",NULL,NULL
"3451  ","EDIN 20MG TAB                 ",3896,2025-09-30 00:00:00.000
"3451  ","EDIN 20MG TAB                 ",4094(B),2025-12-31 00:00:00.000
"3451  ","EDIN 20MG TAB                 ",4095(G),2025-12-31 00:00:00.000
"3451  ","EDIN 20MG TAB                 ",4169(P),2025-12-31 00:00:00.000
"3451  ","EDIN 20MG TAB                 ",4319(G),2026-02-28 00:00:00.000
"3451  ","EDIN 20MG TAB                 ",4321(P),2026-02-28 00:00:00.000
"3451  ","EDIN 20MG TAB                 ",5020(Y),2026-03-31 00:00:00.000
"3451  ","EDIN 20MG TAB                 ",5086(B),2026-03-31 00:00:00.000
"3451  ","EDIN 20MG TAB                 ",5087(B),2026-03-31 00:00:00.000
"3451  ","EDIN 20MG TAB                 ",5089(P),2026-03-31 00:00:00.000
"3451  ","EDIN 20MG TAB                 ",5091(S.Y),2026-03-31 00:00:00.000
"3451  ","EDIN 20MG TAB                 ",5092,2026-03-31 00:00:00.000
"3451  ","EDIN 20MG TAB                 ",5199(G),2026-05-31 00:00:00.000
"3451  ","EDIN 20MG TAB                 ",5201(Y),2026-05-31 00:00:00.000
"3452  ","EDIN 20MG TAB(500T.PACK)      ",NULL,NULL
"3453  ","EDIN-40 TAB                   ",1644,2024-10-30 00:00:00.000
"3453  ","EDIN-40 TAB                   ",3785,2025-09-30 00:00:00.000
"3453  ","EDIN-40 TAB                   ",4156-Y,2025-12-31 00:00:00.000
"3453  ","EDIN-40 TAB                   ",5022,2026-03-31 00:00:00.000
"3453  ","EDIN-40 TAB                   ",5022-P,2026-03-30 00:00:00.000
"3454  ","EECEF-O (CEFIXIME-OFLOXACIN)  ",NULL,NULL
"3455  ","EFOL(FOLIC ACID)              ",NULL,NULL
"3456  ","ELASTIC ADHESIVE BANDAGE      ",NULL,NULL
"3457  ","ELASTIC ADHESIVE BANDAGE      ",NULL,NULL
"3458  ","ELBIDEX TAB (VITAMIN C)       ",NULL,NULL
"3459  ","ELCORT CREAM                  ",NULL,NULL
"3460  ","ELDERVITA DHA POWDER          ",NULL,NULL
"3461  ","ELECTRO CARE POWDER           ",NULL,NULL
"3462  ","ELECTROCARE ORS               ",NULL,NULL
"3463  ","ELECTRORUSH ORS (JUICE)       ",NULL,NULL
"3464  ","ELELIDE-100                   ",NULL,NULL
"3465  ","ELGAN TAB                     ",NULL,NULL
"3466  ","ELISTONE CAPS                 ",NULL,NULL
"3467  ","ELIXIR`S ALOVERA GEL          ",EAG 024,2025-10-30 00:00:00.000
"3468  ","ELOZYME TAB                   ",NULL,NULL
"3469  ","ELPLEX S/C TAB                ",1417,2025-05-31 00:00:00.000
"3469  ","ELPLEX S/C TAB                ",1419-Y,2025-05-31 00:00:00.000
"3469  ","ELPLEX S/C TAB                ",1426,2025-06-30 00:00:00.000
"3469  ","ELPLEX S/C TAB                ",1428,2025-07-30 00:00:00.000
"3469  ","ELPLEX S/C TAB                ",1429,2025-07-30 00:00:00.000
"3469  ","ELPLEX S/C TAB                ",1432,2025-07-30 00:00:00.000
"3469  ","ELPLEX S/C TAB                ",1433,2025-07-30 00:00:00.000
"3469  ","ELPLEX S/C TAB                ",1433-S.Y,2025-07-30 00:00:00.000
"3469  ","ELPLEX S/C TAB                ",1433/OR,2025-07-30 00:00:00.000
"3469  ","ELPLEX S/C TAB                ",1441,2025-08-30 00:00:00.000
"3469  ","ELPLEX S/C TAB                ",1443,2025-08-30 00:00:00.000
"3469  ","ELPLEX S/C TAB                ",1758(G),2024-08-30 00:00:00.000
"3469  ","ELPLEX S/C TAB                ",1873,2025-03-31 00:00:00.000
"3469  ","ELPLEX S/C TAB                ",1875,2025-03-31 00:00:00.000
"3469  ","ELPLEX S/C TAB                ",1881,2025-03-31 00:00:00.000
"3469  ","ELPLEX S/C TAB                ",1882,2025-05-31 00:00:00.000
"3469  ","ELPLEX S/C TAB                ",1883,2025-04-30 00:00:00.000
"3469  ","ELPLEX S/C TAB                ",1888,2025-05-31 00:00:00.000
"3470  ","ELPLEX TAB                    ",1833,2025-10-30 00:00:00.000
"3470  ","ELPLEX TAB                    ",1853,2025-02-28 00:00:00.000
"3470  ","ELPLEX TAB                    ",1884,2025-04-30 00:00:00.000
"3470  ","ELPLEX TAB                    ",1888,2025-05-31 00:00:00.000
"3471  ","ELVIGAN TAB                   ",NULL,NULL
"3472  ","ELWICET TAB                   ",NULL,NULL
"3473  ","ELWIMOX 250MG CAP             ",NULL,NULL
"3474  ","ELWIMOX-500MG CAP             ",NULL,NULL
"3475  ","ELWIMOX-CL 625 TAB            ",NULL,NULL
"3476  ","ELWIXIM-200 TAB               ",NULL,NULL
"3477  ","ELWYFLOX-CT OINT              ",NULL,NULL
"3478  ","EM PRED4 TAB                  ",NULL,NULL
"3479  ","EMAAR CLEAN HAND 100ML        ",NULL,NULL
"3480  ","EMATOL-P TAB                  ",NULL,NULL
"3481  ","EMATOL-P TAB                  ",NULL,NULL
"3482  ","EMAZYME TAB                   ",EZ-0358,2026-08-30 00:00:00.000
"3482  ","EMAZYME TAB                   ",EZ-0360,2025-11-30 00:00:00.000
"3482  ","EMAZYME TAB                   ",EZ-0361,2026-12-31 00:00:00.000
"3483  ","EMCARD 5MG                    ",26-54,2024-09-30 00:00:00.000
"3483  ","EMCARD 5MG                    ",26-55,2025-01-31 00:00:00.000
"3484  ","EMCEF MD TAB                  ",NULL,NULL
"3485  ","EMIPRAZOLE D CAP              ",220714,2025-06-30 00:00:00.000
"3486  ","EMIPRAZOLE-20 CAP             ",NULL,NULL
"3487  ","EMLOX CAP                     ",NULL,NULL
"3488  ","EMOX 250CAP                   ",DC22010,2024-11-30 00:00:00.000
"3488  ","EMOX 250CAP                   ",XC22011,2024-11-30 00:00:00.000
"3489  ","EMOX 500 CAP                  ",DC24010,2026-03-31 00:00:00.000
"3489  ","EMOX 500 CAP                  ",XC24007,2026-02-28 00:00:00.000
"3490  ","EMPARA-FORTE TAB              ",NULL,NULL
"3491  ","EMSULIDE 100 DT TAB           ",NULL,NULL
"3492  ","EMSULIDE 100 TAB              ",NULL,NULL
"3493  ","EMSYL 500MG TAB               ",SDT2304-32,2025-03-31 00:00:00.000
"3494  ","EMURIN-CZ TAB                 ",NULL,NULL
"3495  ","EMVON MD TAB                  ",NULL,NULL
"3496  ","EMVON MD TAB                  ",NULL,NULL
"3497  ","ENAM 5MG.TAB                  ",NULL,NULL
"3498  ","ENAMAL TREY 12*15             ",NULL,NULL
"3499  ","ENCHLOR TAB                   ",NULL,NULL
"3500  ","ENDO-25 CAPS                  ",NULL,NULL
"3501  ","ENDOPAR(DICLO+PARACET)TAB     ",NULL,NULL
"3502  ","ENEMA-SOD PHOSPHATE           ",NULL,NULL
"3503  ","ENERGY BITES TAB              ",NULL,NULL
"3504  ","ENERGY PLUS CAP               ",NULL,NULL
"3505  ","ENERGY POWDER (LEMON)         ",NULL,NULL
"3506  ","ENERGY POWDER (ORANGE)        ",NULL,NULL
"3507  ","ENERJEX-AZ TAB                ",NULL,NULL
"3508  ","ENFLAM FAST RELIEF            ",NULL,NULL
"3509  ","ENFLAM TAB                    ",LXT-23008,2025-04-30 00:00:00.000
"3510  ","ENOZYME TAB                   ",NULL,NULL
"3511  ","ENOZYME TAB (250TAB)          ",113,2027-12-31 00:00:00.000
"3512  ","ENPAN D TAB                   ",NULL,NULL
"3513  ","ENTACEDOL TAB                 ",NULL,NULL
"3514  ","ENTEROBACT SACHET             ",NULL,NULL
"3515  ","ENTEROGEM SUSP(10*5ML)        ",NULL,NULL
"3516  ","ENTEROTAL LB(NORFLOX+TINI)T   ",NULL,NULL
"3517  ","ENTIHIST TAB                  ",NULL,NULL
"3518  ","ENTISEP ANTISEPTIC LIQUID     ",NULL,NULL
"3519  ","ENTROGIMOON 5ML SUSPENTION    ",AFL24001,2024-12-31 00:00:00.000
"3520  ","ENTROQUEEN TAB                ",NULL,NULL
"3521  ","ENZOMIT TAB                   ",NULL,NULL
"3522  ","EPANTA TAB(PANTAPRAZOLE 20MG) ",NULL,NULL
"3523  ","EPHEDRIN 15MG TAB             ",NULL,NULL
"3524  ","EPHEDRINE 15MG TAB            ",NULL,NULL
"3525  ","EPHEDRINE 15MG.TAB            ",NULL,NULL
"3526  ","EPHEDRINE TAB                 ",NULL,NULL
"3527  ","EQUACET TAB                   ",NULL,NULL
"3528  ","ERA CAP                       ",NULL,NULL
"3529  ","ERA SOAP                      ",NULL,NULL
"3530  ","ERICH-400MG CAP               ",NULL,NULL
"3531  ","EROCIN 250MG                  ",NULL,NULL
"3532  ","EROTHROMYCIN TAB              ",NULL,NULL
"3533  ","ERYTHROMYCIN 250MG TAB        ",NULL,NULL
"3534  ",ERYTHROMYCIN STEARATE TAB 250M,NULL,NULL
"3535  ","ES GASCID L CAP               ",NULL,NULL
"3536  ","ESARTAN                       ",447-06,2027-01-31 00:00:00.000
"3537  ","ESARTAN 5MG TAB               ",NULL,NULL
"3538  ","ESARTAN AP                    ",NULL,NULL
"3539  ","ESARTAN AP TAB                ",NULL,NULL
"3540  ","ESARTAN-5 TAB                 ",NULL,NULL
"3541  ","ESBROM TAB(SALBU+BROM)        ",NULL,NULL
"3542  ","ESCLOVIR CREAM                ",NULL,NULL
"3543  ","ESCOVIT CAP                   ",NULL,NULL
"3544  ","ESMOL (PARA) TAB (ROUND)      ",4189,2025-10-30 00:00:00.000
"3544  ","ESMOL (PARA) TAB (ROUND)      ",4364,2026-02-28 00:00:00.000
"3544  ","ESMOL (PARA) TAB (ROUND)      ",5011,2026-03-31 00:00:00.000
"3545  ","ESMOL (PARA) TAB(OVAL)        ",5076/OV,2026-03-31 00:00:00.000
"3545  ","ESMOL (PARA) TAB(OVAL)        ",5152,2026-04-30 00:00:00.000
"3545  ","ESMOL (PARA) TAB(OVAL)        ",5217/0V,2026-05-31 00:00:00.000
"3546  ","ESMOL TAB (100TAB)            ",NULL,NULL
"3547  ","ESMOL-500 MG TAB              ",NULL,NULL
"3548  ","ESMOL-650MG TAB               ",4152,2025-12-31 00:00:00.000
"3548  ","ESMOL-650MG TAB               ",5054,2026-03-31 00:00:00.000
"3548  ","ESMOL-650MG TAB               ",5055,2026-03-31 00:00:00.000
"3549  ","ESOCARE LSR CAP               ",NULL,NULL
"3550  ","ESONORM POWDER                ",NULL,NULL
"3551  ","ESOVAG DSR CAP                ",NULL,NULL
"3552  ","ESPLEX S/C TAB                ",NULL,NULL
"3553  ","ESPLEX TAB                    ",1884,2025-04-30 00:00:00.000
"3554  ","ET-BACT OINT                  ",NULL,NULL
"3555  ","ETAMSTAT 500 TAB              ",NULL,NULL
"3556  ","ETHAMO 500 TAB                ",NULL,NULL
"3557  ","ETHAWOK 500 TAB               ",NULL,NULL
"3558  ","ETHIHEL 0.5 TAB               ",NULL,NULL
"3559  ","ETHILON 2.0 NW 3336           ",V3022,2028-06-30 00:00:00.000
"3560  ","ETHILON 3.0 NW 3321           ",NULL,NULL
"3561  ","ETHILON 3.0 NW 3328           ",NULL,NULL
"3562  ","ETHILON 4.0 NW 3319           ",NULL,NULL
"3563  ","ETHION 2/0 844                ",NULL,NULL
"3564  ","ETHO SPIRIT                   ",NULL,NULL
"3565  ","ETHOMID TAB                   ",NULL,NULL
"3566  ","ETHORED-500MG TAB             ",NULL,NULL
"3567  ","ETIZOLAM 0.5MG TAB            ",NULL,NULL
"3568  ","ETIZOLAM 0.5MG TAB            ",NULL,NULL
"3569  ","ETOFORD-PLUS TAB              ",NULL,NULL
"3570  ","ETOLYTE-90 TAB                ",ELY301K,2025-10-30 00:00:00.000
"3571  ","ETOPHLLINE & THEOPHYLLINE TAB ",VKL-106,2026-06-30 00:00:00.000
"3572  ","ETORIFRENCH P TAB             ",ALT230644,2025-09-30 00:00:00.000
"3573  ","ETORINEX 90 TAB               ",NULL,NULL
"3574  ","ETOTHIN TAB                   ",4213,2026-01-31 00:00:00.000
"3575  ","ETZOCALAM 0.5MD TAB           ",NULL,NULL
"3576  ","EU-BETA(BETAMETHASONE)TAB     ",4347,2026-02-28 00:00:00.000
"3577  ","EU-CLEAN SOAP                 ",NULL,NULL
"3578  ","EU-DOM(DOMERIDONE)TAB         ",NULL,NULL
"3579  ","EUBACT 5GM                    ",NULL,NULL
"3580  ","EUBETA (BETAMETHA)            ",3955,2025-10-30 00:00:00.000
"3580  ","EUBETA (BETAMETHA)            ",4347,2026-02-28 00:00:00.000
"3581  ","EUCAL HD TAB                  ",EHD-1039,2025-08-30 00:00:00.000
"3581  ","EUCAL HD TAB                  ",EHD-1040,2025-09-30 00:00:00.000
"3582  ","EUCAL K2 CAP                  ",NULL,NULL
"3583  ","EUCEE D FORTE                 ",NULL,NULL
"3584  ","EUCEE D TAB                   ",NULL,NULL
"3585  ","EUCEE TAB                     ",NULL,NULL
"3586  ","EUCEF 200 TAB                 ",NULL,NULL
"3587  ","EUCHLOR(IODO)TAB              ",1258,2024-06-30 00:00:00.000
"3587  ","EUCHLOR(IODO)TAB              ",4338,2026-02-28 00:00:00.000
"3588  ","EUCLO-CZ                      ",4078,2025-11-30 00:00:00.000
"3588  ","EUCLO-CZ                      ",4368,2026-04-30 00:00:00.000
"3588  ","EUCLO-CZ                      ",5068,2026-03-31 00:00:00.000
"3589  ","EUCLOFEN GEL                  ",NULL,NULL
"3590  ","EUCLOMINE(DICYLOMINE)TAB      ",3681,2025-08-30 00:00:00.000
"3590  ","EUCLOMINE(DICYLOMINE)TAB      ",3996,2025-11-30 00:00:00.000
"3590  ","EUCLOMINE(DICYLOMINE)TAB      ",5112,2026-04-30 00:00:00.000
"3591  ","EUCLOPAR(DICY+PARA)TAB        ",13605,2024-07-30 00:00:00.000
"3591  ","EUCLOPAR(DICY+PARA)TAB        ",1711,2025-01-31 00:00:00.000
"3591  ","EUCLOPAR(DICY+PARA)TAB        ",3192,2025-04-30 00:00:00.000
"3591  ","EUCLOPAR(DICY+PARA)TAB        ",3296,2025-05-31 00:00:00.000
"3591  ","EUCLOPAR(DICY+PARA)TAB        ",3568,2025-07-30 00:00:00.000
"3591  ","EUCLOPAR(DICY+PARA)TAB        ",4205,2026-01-31 00:00:00.000
"3591  ","EUCLOPAR(DICY+PARA)TAB        ",4207,2026-01-31 00:00:00.000
"3591  ","EUCLOPAR(DICY+PARA)TAB        ",5001,2026-03-31 00:00:00.000
"3591  ","EUCLOPAR(DICY+PARA)TAB        ",5161,2026-05-31 00:00:00.000
"3591  ","EUCLOPAR(DICY+PARA)TAB        ",5163,2026-05-31 00:00:00.000
"3592  ","EUCOPLEX CAP                  ",NULL,NULL
"3593  ","EUCORT (R)TAB 250TAB          ",5024,2026-03-31 00:00:00.000
"3594  ","EUCORT TAB                    ",3962,2025-10-30 00:00:00.000
"3594  ","EUCORT TAB                    ",5024(R),2026-03-31 00:00:00.000
"3595  ","EUCOVIT CAP                   ",OFS-001,2025-02-28 00:00:00.000
"3595  ","EUCOVIT CAP                   ",OFS-003,2025-07-30 00:00:00.000
"3596  ","EUCOVIT TAB                   ",NULL,NULL
"3597  ","EUDENT TOOTHPASTE             ",NULL,NULL
"3598  ","EUDERM PLUS                   ",NULL,NULL
"3599  ","EUDERMA-5 CREAM               ",NULL,NULL
"3600  ","EUDINE CREAM                  ",QO-23056,2025-08-30 00:00:00.000
"3600  ","EUDINE CREAM                  ",QO-24016,2026-04-30 00:00:00.000
"3601  ","EUDINE-M                      ",EO-2306,2025-03-31 00:00:00.000
"3602  ","EUDOX 100 CAP                 ",NULL,NULL
"3603  ","EUDRIL CAP                    ",NULL,NULL
"3604  ","EUFEN PLUS (IBU+PARA)KID TAB  ",NULL,NULL
"3605  ","EUFEN PLUS KID TAB            ",NULL,NULL
"3606  ","EUFEN PLUS TAB                ",1849,2024-12-31 00:00:00.000
"3606  ","EUFEN PLUS TAB                ",1850(G),2024-12-31 00:00:00.000
"3606  ","EUFEN PLUS TAB                ",4047(P),2026-01-31 00:00:00.000
"3606  ","EUFEN PLUS TAB                ",4185(Y),2026-01-31 00:00:00.000
"3607  ","EUFEN-200                     ",1200,2024-05-31 00:00:00.000
"3607  ","EUFEN-200                     ",3658,2025-08-30 00:00:00.000
"3607  ","EUFEN-200                     ",3993,2025-11-30 00:00:00.000
"3607  ","EUFEN-200                     ",4021,2025-11-30 00:00:00.000
"3607  ","EUFEN-200                     ",4027(P),2025-11-30 00:00:00.000
"3607  ","EUFEN-200                     ",4174,2025-12-31 00:00:00.000
"3607  ","EUFEN-200                     ",4175,2025-12-31 00:00:00.000
"3608  ","EUFEN-400 TAB                 ",4025,2025-11-30 00:00:00.000
"3608  ","EUFEN-400 TAB                 ",4262,2026-01-31 00:00:00.000
"3608  ","EUFEN-400 TAB                 ",5127(P),2026-04-30 00:00:00.000
"3608  ","EUFEN-400 TAB                 ",5128(S.Y),2026-04-30 00:00:00.000
"3609  ","EUFENAC PLUS TAB              ",NULL,NULL
"3610  ","EUFENAC TAB                   ",NULL,NULL
"3611  ","EUFOX 200 TAB                 ",NULL,NULL
"3612  ","EUFULVIN 250 TAB              ",NULL,NULL
"3613  ","EUGEST 200MG CAP              ",NULL,NULL
"3614  ","EUHIST TAB (CPM)              ",NULL,NULL
"3615  ","EUKOF TAB                     ",NULL,NULL
"3616  ","EUKOF TAB                     ",NULL,NULL
"3617  ","EULACTIN TAB                  ",NULL,NULL
"3618  ","EUMINOX-5%                    ",NULL,NULL
"3619  ","EUMINT                        ",3802(Y),2025-08-30 00:00:00.000
"3619  ","EUMINT                        ",3804(G),2025-08-30 00:00:00.000
"3619  ","EUMINT                        ",3806,2025-08-30 00:00:00.000
"3619  ","EUMINT                        ",3806(S.Y),2026-03-31 00:00:00.000
"3619  ","EUMINT                        ",3810,2025-08-30 00:00:00.000
"3619  ","EUMINT                        ",3810(B),2025-08-30 00:00:00.000
"3619  ","EUMINT                        ",5031(P),2026-03-31 00:00:00.000
"3620  ","EUMINT TAB                    ",NULL,NULL
"3621  ","EUMOX 250DT TAB               ",NULL,NULL
"3622  ","EUNICE(SILDE)50MG TAB         ",NULL,NULL
"3623  ","EUNIM COLD PRO TAB            ",NULL,NULL
"3624  ","EUNOR TZ TAB                  ",NULL,NULL
"3625  ","EUPHEN PLUS (Y) TAB           ",NULL,NULL
"3626  ","EUPHYLLINE TAB                ",NULL,NULL
"3627  ","EUPOD 200 TAB                 ",NULL,NULL
"3628  ","EUPREG.T CARD(12%)            ",NULL,NULL
"3629  ","EURALINE CREAM 15GM           ",NULL,NULL
"3630  ","EURO 25GM SILVER PENDING      ",.,NULL
"3631  ","EURO CARE(ORS POWDER)         ",NULL,NULL
"3632  ","EURO`S COLD & FLU TAB         ",NULL,NULL
"3633  ","EURO`S KOJIWHITE SOAP         ",SE03-052,2025-05-31 00:00:00.000
"3634  ","EUROCLOX LB CAP               ",NULL,NULL
"3635  ","EUROPLEX CAP                  ",NULL,NULL
"3636  ","EUROS ALOEVERA GEL            ",EC22007,2024-10-30 00:00:00.000
"3637  ","EUROS CALAMINE LOTION         ",QCL-017,2024-10-30 00:00:00.000
"3637  ","EUROS CALAMINE LOTION         ",QCL-021,2025-07-30 00:00:00.000
"3638  ","EUROS PUDINAAH CAP            ",NULL,NULL
"3639  ","EUROS TEARSCARE DROP          ",NULL,NULL
"3640  ","EUSCAB 100ML                  ",NULL,NULL
"3641  ","EUSHINE 15GM                  ",NULL,NULL
"3642  ","EUSOL SOLUTION                ",NULL,NULL
"3643  ","EUSORE GEL                    ",QO-23057,2025-08-30 00:00:00.000
"3644  ","EUSUN 60K SHOT                ",NULL,NULL
"3645  ","EUZOL-DSR CAP                 ",220456,2025-04-30 00:00:00.000
"3646  ","EVAGEST KIT                   ",NULL,NULL
"3647  ","EVAWASH SOAP                  ",NULL,NULL
"3648  ","EVILIX-400MG CAP              ",NULL,NULL
"3649  ","EVIMOON-400 CAP               ",34ER2301,2025-05-31 00:00:00.000
"3649  ","EVIMOON-400 CAP               ",GS-31445,2024-07-30 00:00:00.000
"3650  ","EVIZEN-400 CAP                ",AL-3257,2025-11-30 00:00:00.000
"3651  ","EVOCET TAB                    ",NULL,NULL
"3652  ","EVOXIL 500                    ",NULL,NULL
"3653  ","EVOXIL-250MG CAP              ",NULL,NULL
"3654  ","EVOXIL-500 CAP                ",NULL,NULL
"3655  ","EVOXIL-CV 625 TAB             ",NULL,NULL
"3656  ","EXA.GLOVE VINLY               ",009538,2027-03-30 00:00:00.000
"3657  ","EXA.GLOVES                    ",NULL,NULL
"3658  ","EXA.GLOVES GLOW MED           ",L,NULL
"3658  ","EXA.GLOVES GLOW MED           ",M,NULL
"3658  ","EXA.GLOVES GLOW MED           ",S,NULL
"3659  ","EXA.GLOVES NITRILE            ",NULL,NULL
"3660  ","EXA.GLOVES NITRILE MATIG      ",NULL,NULL
"3661  ","EXA.GLOVES NITRRLIE           ",NULL,NULL
"3662  ","EXA.LATEX GLOVES              ",NULL,NULL
"3663  ","EXAM GLOVES                   ",NULL,NULL
"3664  ","EXAM.GLOVES LATEX             ",NULL,NULL
"3665  ","EXAMINATION GLOVES            ",NULL,NULL
"3666  ","EXAMINATION GLOVES            ",NULL,NULL
"3667  ","EXAMINATION GLOVES            ",NULL,NULL
"3668  ","EXAMINATION GLOVES            ",000205,2026-02-28 00:00:00.000
"3669  ","EXAMINATION GLOVES            ",NULL,NULL
"3670  ","EXAMINATION GLOVES            ",NULL,NULL
"3671  ","EXAMINATION GLOVES            ",.,NULL
"3672  ","EXAMINATION GLOVES            ",NULL,NULL
"3673  ","EXAMINATION GLOVES            ",NULL,NULL
"3674  ","EXAMINATION GLOVES            ",NULL,NULL
"3675  ","EXAMINATION GLOVES            ",NULL,NULL
"3676  ","EXAMINATION GLOVES            ",NULL,NULL
"3677  ","EXAMINATION GLOVES            ",112-012024,2027-04-30 00:00:00.000
"3678  ","EXAMINATION GLOVES -          ",NULL,NULL
"3679  ","EXAMINATION GLOVES(LATEX)     ",000000206,2026-02-28 00:00:00.000
"3679  ","EXAMINATION GLOVES(LATEX)     ",00000206,2026-02-28 00:00:00.000
"3679  ","EXAMINATION GLOVES(LATEX)     ",0000206,2026-02-28 00:00:00.000
"3679  ","EXAMINATION GLOVES(LATEX)     ",00205(XS),2066-09-30 00:00:00.000
"3679  ","EXAMINATION GLOVES(LATEX)     ",207,2027-05-31 00:00:00.000
"3680  ","EXAMINATION GLOVES(M)         ",NULL,NULL
"3681  ","EXAMINATIONS GLOVES           ",NULL,NULL
"3682  ","EXECAL-D3 CAP                 ",NULL,NULL
"3683  ","EXGRA 50MG                    ",NULL,NULL
"3684  ","EXIGRA 100MG TAB              ",NULL,NULL
"3685  ","EXIGRA 50 TAB                 ",NULL,NULL
"3686  ","EXMOX 250MG TAB               ",NULL,NULL
"3687  ","EXYLIN 125 DT TAB 10`         ",NULL,NULL
"3688  ","EXYLIN 250 DT TAB 10`         ",NULL,NULL
"3689  ","EXYLIN 250MG CAP              ",NULL,NULL
"3690  ","EXYLIN 500MG CAP              ",NULL,NULL
"3691  ","EXYLIN 500MG.CAP              ",NULL,NULL
"3692  ","EXYLIN-125 DT TAB             ",NULL,NULL
"3693  ","EXYLIN-125MG.DT TAB           ",NULL,NULL
"3694  ","EXYLIN-250MG DT TAB 10`       ",NULL,NULL
"3695  ","EXYLIN-CLV-625                ",NULL,NULL
"3696  ","EXYLIN-CLV-625 6`S            ",NULL,NULL
"3697  ","EXYLINE 625 MG TAB            ",NULL,NULL
"3698  ","EYE AFDIMOXYN DROP            ",NULL,NULL
"3699  ","EYE ALBEMOXI-KT DROP          ",NULL,NULL
"3700  ","EYE ALERT DROPS               ",NULL,NULL
"3701  ","EYE DROP GERAGEN              ",NULL,NULL
"3702  ","EYE DROP IMOIST               ",NULL,NULL
"3703  ","EYE DROP MOXEYE               ",NULL,NULL
"3704  ","EYE DROPS HAPPY TEARS         ",NULL,NULL
"3705  ","EYE EI-CLIDE                  ",NULL,NULL
"3706  ","EYE FLOXIMOX-D                ",NULL,NULL
"3707  ","EYE I-CLIDE DROP              ",NULL,NULL
"3708  ","EYE ICIN DROPS                ",NULL,NULL
"3709  ","EYE MOXI DROPS                ",NULL,NULL
"3710  ","EYE MOXIFAR DROP              ",D03J004,2025-09-30 00:00:00.000
"3711  ","EYE MOXISIGN                  ",HM02303,2025-07-30 00:00:00.000
"3712  ","EYE POWER CAP                 ",NULL,NULL
"3713  ","EYE REFRESH DROP              ",NULL,NULL
"3714  ","EYE TOBRA DROP                ",HTBO-14,2025-09-30 00:00:00.000
"3715  ","EYEBOOST TAB                  ",FTB23034,2024-06-30 00:00:00.000
"3716  ","EYESOOTH-EYE DROPS            ",NULL,NULL
"3717  ","EZECURE 250MG                 ",NULL,NULL
"3718  ","EZECURE-500 TAB               ",DPD6AD4003,2026-12-31 00:00:00.000
"3718  ","EZECURE-500 TAB               ",EPD6AD4003,2026-12-31 00:00:00.000
"3719  ","EZYME TAB                     ",NULL,NULL
"3720  ","EZYME TAB                     ",NULL,NULL
"3721  ","F M D (METRO,FURA & DICYCLO)  ",NULL,NULL
"3722  ","F-ZOLE TAB                    ",NULL,NULL
"3723  ","F.B.HOOK INSTRU.              ",NULL,NULL
"3724  ","FABRIC CLOTH ROLL             ",NULL,NULL
"3725  ","FABRIC CLOTH ROLL 3""          ",NULL,NULL
"3726  ","FABRIC OF CLOTH 7.5CM         ",NULL,NULL
"3727  ","FABRIC ROLL CLOTH             ",NULL,NULL
"3728  ","FACE MASK 2 LAYER             ",NULL,NULL
"3729  ","FACE MASK 2 LAYER (LOOP)      ",NULL,NULL
"3730  ","FACE MASK 3 PLY LOOP          ",NULL,NULL
"3731  ","FACE MASK 3-PLY               ",NULL,NULL
"3732  ","FACE MASK COTTON              ",.,NULL
"3732  ","FACE MASK COTTON              ",GREEN,NULL
"3733  ","FACE MASK DISP.VISH           ",NULL,NULL
"3734  ","FACE MASK M.D`S               ",0220,2022-05-31 00:00:00.000
"3735  ","FACE MASK MEDI                ",N95,NULL
"3736  ","FACE MASK SOLO GUARD          ",NULL,NULL
"3737  ","FACE MASK-N95 3M(8210)        ",NULL,NULL
"3738  ","FACE SHIELD LIGHT WEIGHT      ",.,NULL
"3739  ","FACIO-CARE GEL                ",SJ95,2026-01-31 00:00:00.000
"3740  ","FAIRY TOP CREAM               ",NULL,NULL
"3741  ","FAMCOR-40 TAB(L)              ",NULL,NULL
"3742  ","FAMISDINE-40                  ",NULL,NULL
"3743  ","FAMO(AMIFEMO)20MG TAB         ",NULL,NULL
"3744  ","FAMO-20 TAB                   ",NULL,NULL
"3745  ","FAMODAN-40MG TAB              ",NULL,NULL
"3746  ","FAMOLIFE 20 TAB               ",NULL,NULL
"3747  ","FAMOLIFE 20MG.TAB             ",NULL,NULL
"3748  ","FAMONEXT 20MG (35*14T)        ",NULL,NULL
"3749  ","FAMOPEN 20MG TAB              ",PP/0044,2026-03-31 00:00:00.000
"3749  ","FAMOPEN 20MG TAB              ",PP/044,2026-03-31 00:00:00.000
"3749  ","FAMOPEN 20MG TAB              ",PP/172,2025-05-31 00:00:00.000
"3749  ","FAMOPEN 20MG TAB              ",PP/173,2025-05-31 00:00:00.000
"3749  ","FAMOPEN 20MG TAB              ",PP/182,2026-05-31 00:00:00.000
"3749  ","FAMOPEN 20MG TAB              ",PP/792,2025-12-30 00:00:00.000
"3750  ","FAMORID-20 TAB                ",NULL,NULL
"3751  ","FAMOSHULZ 40MG TAB            ",NULL,NULL
"3752  ","FAMOT 20 TAB (R)              ",NULL,NULL
"3753  ","FAMOT-20MG (R)*200            ",NULL,NULL
"3754  ","FAMOT-20MG TAB                ",NULL,NULL
"3755  ","FAMOTIDINE (S-FAM)20MG.TAB    ",NULL,NULL
"3756  ","FAMOTIDINE 20MG               ",NULL,NULL
"3757  ","FAMOTIDINE 20MG TAB           ",NULL,NULL
"3758  ","FAMOTIDINE 20MG TAB           ",274,2024-10-30 00:00:00.000
"3759  ","FAMOTIDINE 20MG TAB           ",NULL,NULL
"3760  ","FAMOTIDINE 20MG TAB           ",NULL,NULL
"3761  ","FAMOTIDINE 20MG TAB           ",NULL,NULL
"3762  ","FAMOTIDINE 20MG TAB           ",NULL,NULL
"3763  ","FAMOTIDINE 20MG TAB           ",NULL,NULL
"3764  ","FAMOTIDINE 20MG TAB           ",NULL,NULL
"3765  ","FAMOTIDINE 20MG TAB           ",NULL,NULL
"3766  ","FAMOTIDINE 20MG TAB           ",NULL,NULL
"3767  ","FAMOTIDINE 20MG TAB(SL FAM)   ",NULL,NULL
"3768  ","FAMOTIDINE 20MG(O)TAB         ",NULL,NULL
"3769  ","FAMOTIDINE 20MG.TAB           ",NULL,NULL
"3770  ","FAMOTIDINE 20MG.TAB           ",NULL,NULL
"3771  ","FAMOTIDINE 20MG.TAB           ",NULL,NULL
"3772  ","FAMOTIDINE 20MG.TAB           ",NULL,NULL
"3773  ","FAMOTIDINE 20MG.TAB           ",NULL,NULL
"3774  ","FAMOTIDINE 20MG.TAB(BB)       ",NULL,NULL
"3775  ","FAMOTIDINE 20MG.TAB(O)        ",NULL,NULL
"3776  ","FAMOTIDINE 20MG.TAB(SY)       ",NULL,NULL
"3777  ","FAMOTIDINE 20MG.TAB(SY)       ",NULL,NULL
"3778  ","FAMOTIDINE 20MG.U.S.P.TAB     ",NULL,NULL
"3779  ","FAMOTIDINE 40MG TAB           ",NULL,NULL
"3780  ","FAMOTIDINE 40MG TAB           ",NULL,NULL
"3781  ","FAMOTIDINE 40MG TAB           ",NULL,NULL
"3782  ","FAMOTIDINE 40MG TAB           ",NULL,NULL
"3783  ","FAMOTIDINE 40MG TAB           ",FMF 181,2026-06-30 00:00:00.000
"3784  ","FAMOTIDINE 40MG TAB           ",NULL,NULL
"3785  ","FAMOTIDINE 40MG TAB           ",NULL,NULL
"3786  ","FAMOTIDINE 40MG.TAB           ",NULL,NULL
"3787  ","FAMOTIDINE 40MG.TAB           ",NULL,NULL
"3788  ","FAMOTIDINE 40MG.TAB           ",FMF-181,2026-06-30 00:00:00.000
"3789  ","FAMOTIDINE 40MG.TAB           ",FMF-181,2026-01-31 00:00:00.000
"3790  ","FAMOTIDINE 40MG.TAB           ",NULL,NULL
"3791  ","FAMOTIDINE G.S.P.20MG TAB     ",NULL,NULL
"3792  ","FAMOTIDINE TAB                ",AT-22432-G,2024-11-30 00:00:00.000
"3793  ","FAMOTIDINE TAB                ",NULL,NULL
"3794  ","FAMOTIDINE TAB                ",NULL,NULL
"3795  ","FAMOTIDINE TAB                ",NULL,NULL
"3796  ","FAMOTIDINE TAB 20MG           ",NULL,NULL
"3797  ","FAMOTIDINE TAB 20MG           ",NULL,NULL
"3798  ","FAMOTIDINE TAB 20MG           ",NULL,NULL
"3799  ","FAMOTIDINE TAB 20MG(FAMOVIK)  ",NULL,NULL
"3800  ","FAMOTIDINE TAB.USP.20MG       ",NULL,NULL
"3801  ","FAMOTIDINE(ACTIVATE)20MG TAB  ",NULL,NULL
"3802  ","FAMOTIDINE(FAMZEC)20MG TAB    ",NULL,NULL
"3803  ","FAMOVIK-40                    ",NULL,NULL
"3804  ","FAMTAS-20MG TAB               ",NULL,NULL
"3805  ","FAMTAS-40 MG TAB              ",NULL,NULL
"3806  ","FAMYTIN-20MG (SQ)             ",NULL,NULL
"3807  ","FAMYTIN-20MG TAB (O)          ",NULL,NULL
"3808  ","FAMYTIN-20MG(RD)              ",NULL,NULL
"3809  ","FANID 20MG TAB                ",NULL,NULL
"3810  ","FANID-40 MG TAB               ",NULL,NULL
"3811  ","FARO-Z CAP                    ",NULL,NULL
"3812  ","FASCLOT TX TAB                ",NULL,NULL
"3813  ","FASK MASK                     ",NULL,NULL
"3814  ","FAST COLD TAB                 ",NULL,NULL
"3815  ","FASTACE GEL                   ",NULL,NULL
"3816  ","FCN 150 TAB                   ",NULL,NULL
"3817  ","FCN 150 TAB                   ",SOT6815,2025-12-31 00:00:00.000
"3818  ","FCN 200MG TAB                 ",sot6629,2025-09-30 00:00:00.000
"3818  ","FCN 200MG TAB                 ",SOT6815,2025-12-31 00:00:00.000
"3818  ","FCN 200MG TAB                 ",SOT6816,2025-12-30 00:00:00.000
"3818  ","FCN 200MG TAB                 ",SOT6884,2026-01-31 00:00:00.000
"3819  ","FCN 400 TAB                   ",TO496/23,2025-10-30 00:00:00.000
"3820  ","FCT-200 TAB                   ",NULL,NULL
"3821  ","FEDEXIL 250MG TAB             ",NULL,NULL
"3822  ","FEDEXIL-500 TAB               ",NULL,NULL
"3823  ","FEEDING TUBE 6F               ",NULL,NULL
"3824  ","FEEDING TUBE 8F               ",NULL,NULL
"3825  ","FEFER-FEZ CAP                 ",NULL,NULL
"3826  ","FEFONOL-Z CAP                 ",NULL,NULL
"3827  ","FELOX LAB (AMOXY CLOX LB)     ",NULL,NULL
"3828  ","FEM 20MG TAB                  ",NULL,NULL
"3829  ","FEMFER-Z CAP                  ",NULL,NULL
"3830  ","FEMRED XT TAB                 ",NULL,NULL
"3831  ","FEMZEC-20 TAB.                ",NULL,NULL
"3832  ","FENAK 50MG TAB                ",NULL,NULL
"3833  ","FENAK PLUS TAB                ",NULL,NULL
"3834  ","FENAKID(IBU+PARA)TAB          ",NULL,NULL
"3835  ","FENOVA CAP                    ",NULL,NULL
"3836  ","FENSTAD PLUS                  ",NULL,NULL
"3837  ","FEPHAR Z CAP                  ",NULL,NULL
"3838  ","FERANOL(SAL+THEO)TAB          ",NULL,NULL
"3839  ","FERCEE Z+ CAP                 ",NULL,NULL
"3840  ","FEREX XT TAB                  ",NULL,NULL
"3841  ","FERIFORD-XT TAB               ",NULL,NULL
"3842  ","FERIGOOD XT TAB               ",T31010A,2025-10-30 00:00:00.000
"3843  ","FERIGRANT-Z CAP               ",NULL,NULL
"3844  ","FERIKOP-Z CAP                 ",NULL,NULL
"3845  ","FERINA C CAP                  ",NULL,NULL
"3846  ","FERIPRO-Z CAP                 ",NULL,NULL
"3847  ","FERMINEC SOAP                 ",NULL,NULL
"3848  ","FERNIA C CA                   ",NULL,NULL
"3849  ","FEROCAD CAP                   ",NULL,NULL
"3850  ","FEROCAD XT TAB                ",NULL,NULL
"3851  ","FERPOD-200MG TAB              ",NULL,NULL
"3852  ","FERPROT POWDER                ",NULL,NULL
"3853  ","FERRINZIN CAP                 ",NULL,NULL
"3854  ","FERRIWOK-XT TAB               ",NULL,NULL
"3855  ","FERRIZIN CAP                  ",NULL,NULL
"3856  ","FERRODAY-Z CAP                ",NULL,NULL
"3857  ","FERROGEN-XT TAB               ",NULL,NULL
"3858  ","FERROPHAR-Z CAP               ",NULL,NULL
"3859  ","FERROSE SULPHATE TAB          ",NULL,NULL
"3860  ","FERTIRO(IRON)CHEWABLE TAB     ",NULL,NULL
"3861  ","FERTIVAG CAPSULES             ",NULL,NULL
"3862  ","FESOFER-Z CAP                 ",NULL,NULL
"3863  ","FESOFOL Z CAP                 ",NULL,NULL
"3864  ","FESOFOL-Z CAP                 ",NULL,NULL
"3865  ","FESTIVE-200 (OFLOX)TAB        ",NULL,NULL
"3866  ","FEVERSCAN FORHEAD THERMOMETER ",NULL,NULL
"3867  ","FEVROB PLUS TAB               ",NULL,NULL
"3868  ","FEXADOZ M TAB                 ",NULL,NULL
"3869  ","FEXIM-O 200 TAB               ",NULL,NULL
"3870  ","FEXOCAD 120MG TAB             ",NULL,NULL
"3871  ","FEXOCAD 180MG TAB             ",NULL,NULL
"3872  ","FEXOCARE-M TAB                ",NULL,NULL
"3873  ","FEXODAT 180 TAB               ",NULL,NULL
"3874  ","FEXODAT-120 TAB               ",NULL,NULL
"3875  ","FEXOFRENCH 120TAB             ",NULL,NULL
"3876  ","FEXOFRENCH 180 MG TAB         ",23A0305A,2025-08-30 00:00:00.000
"3877  ","FEXOFRENCH M TAB              ",T10208,2023-02-28 00:00:00.000
"3878  ","FEXOGRA-120 TAB               ",NULL,NULL
"3879  ","FEXOGRA-180 TAB               ",858-20,2024-10-30 00:00:00.000
"3880  ","FEZ-150                       ",NULL,NULL
"3881  ","FINGER COATS                  ",NULL,NULL
"3882  ","FIRST AID KIT                 ",.,NULL
"3882  ","FIRST AID KIT                 ",01,2025-07-30 00:00:00.000
"3882  ","FIRST AID KIT                 ",32,2023-06-30 00:00:00.000
"3883  ","FIT-O-LYTE ORS                ",NULL,NULL
"3884  ","FIVEDERM OINT                 ",NULL,NULL
"3885  ","FIVEDERM OINT 5GM             ",NULL,NULL
"3886  ","FIXIM TAB 100MG               ",NULL,NULL
"3887  ","FIXIME 100 DT                 ",NULL,NULL
"3888  ","FIXIME 200  TAB               ",NULL,NULL
"3889  ","FIXIME 200 MG TAB             ",NULL,NULL
"3890  ","FIXIME AZ TAB                 ",NULL,NULL
"3891  ","FIXIME CV TAB                 ",NULL,NULL
"3892  ","FIXIME O TAB                  ",NULL,NULL
"3893  ","FLAMEX KID TAB                ",201,2027-01-31 00:00:00.000
"3894  ","FLAMINGO FLAMICARE BAN 5CM    ",AHC-2020,2027-02-28 00:00:00.000
"3895  ","FLAMOX CV 625                 ",NULL,NULL
"3896  ","FLAT THERMOMETER SMIC-MCP     ",NULL,NULL
"3897  ","FLAVIT-Z CAP                  ",NULL,NULL
"3898  ","FLAXIN-O TAB                  ",NULL,NULL
"3899  ","FLEXIBERT 180 TAB             ",NULL,NULL
"3900  ","FLOBID-100 DT                 ",NULL,NULL
"3901  ","FLOCHEK MF TAB                ",FMT22001ES,2024-06-30 00:00:00.000
"3902  ","FLOX-200 TAB                  ",NULL,NULL
"3903  ","FLOX-O-FLOX TAB               ",157-007,2026-03-30 00:00:00.000
"3904  ","FLOX-O-ZOLE TAB               ",NULL,NULL
"3905  ","FLOXOKAY-200                  ",NULL,NULL
"3906  ","FLOXOPEN 200MG TAB            ",NULL,NULL
"3907  ","FLOXPRA-250MG TAB             ",NULL,NULL
"3908  ","FLOXTO-200TAB                 ",NULL,NULL
"3909  ","FLOXTO-OZ                     ",NULL,NULL
"3910  ","FLU NZ 150 TAB                ",NULL,NULL
"3911  ","FLUCAN-150MG TAB              ",NULL,NULL
"3912  ","FLUCESS                       ",NULL,NULL
"3913  ","FLUCIN-650(PARACETAMOL 650)   ",NULL,NULL
"3914  ","FLUCOBEST TAB(FLUCO)          ",NULL,NULL
"3915  ","FLUCOCLEAN 150 TAB            ",T-0533/22,2025-10-30 00:00:00.000
"3916  ","FLUCOLAB                      ",NULL,NULL
"3917  ","FLUCONA 150 TAB               ",NULL,NULL
"3918  ","FLUCONA 150MG TAB             ",NULL,NULL
"3919  ","FLUCONA SOAP                  ",NULL,NULL
"3920  ","FLUCONA-200 TAB               ",NULL,NULL
"3921  ","FLUCONAZOLE 150MG.TAB         ",NULL,NULL
"3922  ","FLUCOR SOAP                   ",EO8021,2025-10-30 00:00:00.000
"3923  ","FLUCOSPORE-200 TAB            ",NULL,NULL
"3924  ","FLUCOWIN TAB                  ",NULL,NULL
"3925  ","FLUCOWIN TAB                  ",NULL,NULL
"3926  ","FLUCOWIN TAB 1`S*             ",NULL,NULL
"3927  ","FLUGEE-150TAB                 ",NULL,NULL
"3928  ","FLUGESIC 100MG TAB            ",PP/002,2026-03-31 00:00:00.000
"3928  ","FLUGESIC 100MG TAB            ",PP/551,2025-10-30 00:00:00.000
"3928  ","FLUGESIC 100MG TAB            ",PP/683,2025-11-30 00:00:00.000
"3929  ","FLUGESIC N TAB.               ",NULL,NULL
"3930  ","FLUGESIC PLUS TAB             ",NULL,NULL
"3931  ","FLUID TAB(FOLIC)              ",NULL,NULL
"3932  ","FLUKO 150 TAB                 ",NULL,NULL
"3933  ","FLUKO 200 MG TAB              ",NULL,NULL
"3934  ","FLUKORD MEDICATED SOAP        ",ABMSA011,2026-01-31 00:00:00.000
"3934  ","FLUKORD MEDICATED SOAP        ",DSO-2047,2024-12-31 00:00:00.000
"3934  ","FLUKORD MEDICATED SOAP        ",DSO-3016,2025-06-30 00:00:00.000
"3935  ","FLUKORD-150 CAP               ",NULL,NULL
"3936  ","FLUKORD-200 TAB               ",NULL,NULL
"3937  ","FLULITE-150 TAB               ",T2302039,2025-01-31 00:00:00.000
"3938  ","FLULITE-200 TAB               ",NULL,NULL
"3939  ","FLUMED 150MG TAB              ",NULL,NULL
"3940  ","FLUMET POWDER 75GM            ",NULL,NULL
"3941  ","FLUNGIGO-IT 100               ",NULL,NULL
"3942  ","FLUNGIGO-IT 200MG CAP         ",NULL,NULL
"3943  ","FLUTIS TAB                    ",NULL,NULL
"3944  ","FLUTIWAR NASAL SPREY          ",2212014A,2024-11-30 00:00:00.000
"3945  ","FLUZEN 150 TAB                ",NULL,NULL
"3946  ","FLUZEN-200 TAB                ",NULL,NULL
"3947  ","FLUZON TAB                    ",NULL,NULL
"3948  ","FNC 200                       ",SOT6816,2025-12-30 00:00:00.000
"3949  ","FNC 400 TAB                   ",FNF-1029,2024-04-30 00:00:00.000
"3950  ","FNC-150                       ",FND-1030,2025-03-31 00:00:00.000
"3951  ","FNC-150 TAB                   ",FND-1032,2025-03-31 00:00:00.000
"3952  ","FOLDER STRECHER               ",.,NULL
"3953  ","FOLDVIT 5MG TAB               ",NULL,NULL
"3954  ","FOLEY CATHETER 16F            ",NULL,NULL
"3955  ","FOLFEE TR 15 CAP              ",NULL,NULL
"3956  ","FOLFEE-Z-TR                   ",NULL,NULL
"3957  ","FOLHIT CAP                    ",NULL,NULL
"3958  ","FOLIC ACID 5MG TAB            ",NULL,NULL
"3959  ","FOLIC ACID I.P.TAB            ",NULL,NULL
"3960  ","FOLIC ACID TAB                ",NULL,NULL
"3961  ","FOLIC ACID TAB                ",NULL,NULL
"3962  ","FOLIC ACID TAB                ",NULL,NULL
"3963  ","FOLIC ACID TAB                ",NULL,NULL
"3964  ","FOLIC ACID TAB                ",NULL,NULL
"3965  ","FOLIC ACID TAB                ",NULL,NULL
"3966  ","FOLIC ACID TAB                ",NULL,NULL
"3967  ","FOLIC ACID TAB                ",NULL,NULL
"3968  ","FOLIC ACID TAB                ",NULL,NULL
"3969  ","FOLIC ACID TAB                ",231106,2025-10-30 00:00:00.000
"3970  ","FOLIC ACID TAB                ",NULL,NULL
"3971  ","FOLIC ACID TAB                ",PP/598,2025-10-30 00:00:00.000
"3971  ","FOLIC ACID TAB                ",PPC088,2026-04-30 00:00:00.000
"3972  ","FOLIC ACID TAB                ",NULL,NULL
"3973  ","FOLIC ACID TAB                ",NULL,NULL
"3974  ","FOLIC ACID TAB                ",NULL,NULL
"3975  ","FOLIC ACID TAB                ",NULL,NULL
"3976  ","FOLIC ACID TAB                ",NULL,NULL
"3977  ","FOLIC ACID TAB                ",NULL,NULL
"3978  ","FOLIC ACID TAB I.P            ",FA-180,2025-09-30 00:00:00.000
"3978  ","FOLIC ACID TAB I.P            ",VF-149,2025-09-30 00:00:00.000
"3979  ","FOLIC ACID TAB.               ",NULL,NULL
"3980  ","FOLICARE TAB                  ",NULL,NULL
"3981  ","FOLICHEM TAB                  ",NULL,NULL
"3982  ","FOLICO MD TAB                 ",NULL,NULL
"3983  ","FOLICO(FOLIC ACID)TAB         ",NULL,NULL
"3984  ","FOLICON TAB                   ",NULL,NULL
"3985  ","FOLICON TAB                   ",NULL,NULL
"3986  ","FOLIFLY TAB                   ",NULL,NULL
"3987  ","FOLIFRENCH TAB                ",NULL,NULL
"3988  ","FOLIFRENCH TAB                ",NULL,NULL
"3989  ","FOLIFRESH-5 TAB               ",NULL,NULL
"3990  ","FOLIFUL 5MG TAB               ",NULL,NULL
"3991  ","FOLIGEN 5MG (FOLIC ACID)TAB   ",NULL,NULL
"3992  ","FOLIHEL TAB(FOLIC)            ",NULL,NULL
"3993  ","FOLIKAM-Z CAP                 ",NULL,NULL
"3994  ","FOLIRANGE SOFTULES            ",NULL,NULL
"3995  ","FOLISET                       ",NULL,NULL
"3996  ","FOLISIGN 5MG TAB              ",NULL,NULL
"3997  ","FOLITAB                       ",NULL,NULL
"3998  ","FOLITAS TAB                   ",T-2201819,2024-07-30 00:00:00.000
"3998  ","FOLITAS TAB                   ",T2404118,2026-03-31 00:00:00.000
"3999  ","FOLITEK TAB                   ",NULL,NULL
"4000  ","FOLITIC PLUS TAB              ",NULL,NULL
"4001  ","FOLIVIR TAB                   ",NULL,NULL
"4002  ","FOLIWOCK TAB                  ",NULL,NULL
"4003  ","FOLIWOK TAB                   ",NULL,NULL
"4004  ","FOOT CARE CREAM               ",NULL,NULL
"4005  ","FOOTSTAR CREAM 25GM           ",CE458,2025-04-30 00:00:00.000
"4006  ","FORACORT 200 INHELER          ",NULL,NULL
"4007  ","FORACORT 200 ROTOCAP          ",NULL,NULL
"4008  ","FORACORT 400 INHELAR          ",NULL,NULL
"4009  ","FORCEP *                      ",NULL,NULL
"4010  ","FORCOLD PLUS TAB              ",344-32,2024-06-30 00:00:00.000
"4010  ","FORCOLD PLUS TAB              ",344-65,2026-11-30 00:00:00.000
"4010  ","FORCOLD PLUS TAB              ",344-67,2026-11-30 00:00:00.000
"4011  ","FORCOLD TAB                   ",NULL,NULL
"4012  ","FORD-D3 CAP                   ",ID22-0616G,2024-09-30 00:00:00.000
"4012  ","FORD-D3 CAP                   ",ID23-05771,2025-07-30 00:00:00.000
"4012  ","FORD-D3 CAP                   ",ID24-0022F,2025-12-31 00:00:00.000
"4012  ","FORD-D3 CAP                   ",ID24-022F,2025-12-31 00:00:00.000
"4013  ","FORD-LP TAB                   ",NULL,NULL
"4014  ","FORIGENBODY REMOVER(PISTOL)   ",.,2025-02-28 00:00:00.000
"4014  ","FORIGENBODY REMOVER(PISTOL)   ",121,2028-05-31 00:00:00.000
"4015  ","FORMALIN SOLUTION             ",NULL,NULL
"4016  ","FORMALIN TAB                  ",NULL,NULL
"4017  ","FORMALIN TAB                  ",NULL,NULL
"4018  ","FORMAX(CIPRO+TINI)TAB         ",NULL,NULL
"4019  ","FOTAZ-O 200MG TAB             ",NULL,NULL
"4020  ","FOTOZ O 100MG TAB             ",NULL,NULL
"4021  ","FREECOLD TAB                  ",NULL,NULL
"4022  ","FREIGTH & FORWARDINGE (GST)   ",NULL,NULL
"4023  ","FRESH UP (POUCH)              ",NULL,NULL
"4024  ","FRESH UP POWDER               ",NULL,NULL
"4025  ","FRESH-O POWDER                ",NULL,NULL
"4026  ","FRUIT C ORANGE TAB            ",NULL,NULL
"4027  ","FRUIT RICH TAB                ",NULL,NULL
"4028  ","FRUIT RICH TAB                ",NULL,NULL
"4029  ","FRUIT RICH TAB.(NEW)          ",VFT-23079,2025-02-28 00:00:00.000
"4029  ","FRUIT RICH TAB.(NEW)          ",VFT-23100,2025-05-31 00:00:00.000
"4030  ","FRUSEMDIE TAB I.P             ",NULL,NULL
"4031  ","FRUSEMIDE 40MG TAB            ",FD-66,2026-07-30 00:00:00.000
"4032  ","FRUSEMIDE 40MG TAB            ",FD-66,2026-07-30 00:00:00.000
"4032  ","FRUSEMIDE 40MG TAB            ",FU-66,2026-07-30 00:00:00.000
"4032  ","FRUSEMIDE 40MG TAB            ",VD-66,2026-07-30 00:00:00.000
"4033  ","FRUSEMIDE TAB                 ",NULL,NULL
"4034  ","FRUSEMIDE TAB                 ",NULL,NULL
"4035  ","FRUSEMIDE TAB                 ",NULL,NULL
"4036  ","FRUSEMIDE TAB                 ",NULL,NULL
"4037  ","FRUSEMIDE TAB                 ",NULL,NULL
"4038  ","FULRICH POWDER                ",NULL,NULL
"4039  ","FUNG(KETO)200MG TAB           ",26-017,2026-05-31 00:00:00.000
"4040  ","FUNGDID-B CREAM               ",NULL,NULL
"4041  ","FUNGICYTE 150MG TAB           ",1579-01,2026-09-30 00:00:00.000
"4041  ","FUNGICYTE 150MG TAB           ",157901,2026-09-30 00:00:00.000
"4042  ","FUNGICYTE LOTTON              ",NULL,NULL
"4043  ","FUNGICYTE-150 TAB             ",20-61,2026-11-30 00:00:00.000
"4043  ","FUNGICYTE-150 TAB             ",20-62,2027-01-31 00:00:00.000
"4044  ","FUNGIGEN CREAM                ",NULL,NULL
"4045  ","FUNGIGO SCAB LOTION           ",NULL,NULL
"4046  ","FUNGIGO-IT 100 CAP            ",NULL,NULL
"4047  ","FUNGIGO-IT 200MG CAP          ",NULL,NULL
"4048  ","FUNGIGO-L CREAM               ",NULL,NULL
"4049  ","FUNGIPRO CREAM                ",NULL,NULL
"4050  ","FUNGITAB-150 TAB              ",NULL,NULL
"4051  ","FUNGITERB 1% CREAM            ",NULL,NULL
"4052  ","FUNGITERB-250MG TAB           ",NULL,NULL
"4053  ","FURABACT TAB                  ",NULL,NULL
"4054  ","FURALIFE TAB                  ",NULL,NULL
"4055  ","FURALIFE TAB                  ",NULL,NULL
"4056  ","FURANIDAZOLE TAB              ",NULL,NULL
"4057  ","FURAZOLDINE TAB               ",NULL,NULL
"4058  ","FURAZOLIDONE 10MG TAB         ",NULL,NULL
"4059  ","FURAZOLIDONE TAB              ",NULL,NULL
"4060  ","FURAZOLIDONE TAB              ",NULL,NULL
"4061  ","FURAZOLIDONE TAB              ",NULL,NULL
"4062  ","FURAZOLIDONE TAB              ",NULL,NULL
"4063  ","FURAZOLIDONE TAB              ",NULL,NULL
"4064  ","FURAZOLIDONE TAB              ",NULL,NULL
"4065  ","FURAZOLIDONE TAB              ",NULL,NULL
"4066  ","FURAZOLIDONE TAB              ",NULL,NULL
"4067  ","FURAZOLIDONE TAB              ",EN-214,2026-07-30 00:00:00.000
"4067  ","FURAZOLIDONE TAB              ",FN-214,2026-07-30 00:00:00.000
"4068  ","FURAZOLIDONE TAB I.P          ",NULL,NULL
"4069  ","FUSICOLE-B CREAM              ",NULL,NULL
"4070  ","FUSIVAC CREAM                 ",NULL,NULL
"4071  ","G MINT TAB                    ",NULL,NULL
"4072  ","G OMEZ CAP                    ",NULL,NULL
"4073  ","G-DINE CREAM                  ",NULL,NULL
"4074  ","G-MOL 650                     ",NULL,NULL
"4075  ","G-OMEP-20MG CAP               ",NULL,NULL
"4076  ","G-PRIDE M1 TAB                ",GPO-1005,2023-07-30 00:00:00.000
"4077  ","G-PRIDE M2 TAB                ",NULL,NULL
"4078  ","G-SCAB ACITVE LOTION          ",NULL,NULL
"4079  ","GABACARE-M TAB                ",NULL,NULL
"4080  ","GABAMAK TAB                   ",NULL,NULL
"4081  ","GABAMAK-P CAP                 ",NULL,NULL
"4082  ","GALCIPRO-500 TAB              ",NULL,NULL
"4083  ","GALCITROL CAP                 ",NULL,NULL
"4084  ","GALLANT SKIN BLADE            ",NULL,NULL
"4085  ","GALOFF-200MG TAB              ",NULL,NULL
"4086  ","GALOFF-OZ TAB                 ",NULL,NULL
"4087  ","GALTAC 150TAB                 ",NULL,NULL
"4088  ","GAMABEST 100ML                ",NULL,NULL
"4089  ","GAMJEE ROLL                   ",NULL,NULL
"4090  ","GAMJEE ROLL                   ",NULL,NULL
"4091  ","GASEX TAB                     ",NULL,NULL
"4092  ","GASOFRESH-20 CAP              ",NULL,NULL
"4093  ","GASOFRESH-20 CAP(15)          ",MS23015,2025-03-31 00:00:00.000
"4094  ","GASOFRESH-D CAP               ",NULL,NULL
"4095  ","GASTOPAN D                    ",NULL,NULL
"4096  ","GASTOPAN-40 TAB               ",NULL,NULL
"4097  ","GASTORAB D TAB                ",NULL,NULL
"4098  ","GASTROZYME TAB                ",NULL,NULL
"4099  ","GASTROZYME TAB                ",NULL,NULL
"4100  ","GAUZE SWAB (STERILE)          ",NULL,NULL
"4101  ","GAUZE SWAB 7.5*7.5*8          ",06,2025-05-31 00:00:00.000
"4102  ","GAUZE SWAB(MEDICA)            ",07,2026-06-30 00:00:00.000
"4103  ","GAUZESWAB-7.5*7.5*8           ",10,2023-10-30 00:00:00.000
"4104  ","GEBEDEX TAB                   ",NULL,NULL
"4105  ","GEBEDEX-L TAB                 ",NULL,NULL
"4106  ","GEFTAL SPAS TAB               ",NULL,NULL
"4107  ","GEFTAL-DR TAB                 ",NULL,NULL
"4108  ","GEL-05 OINT.                  ",NULL,NULL
"4109  ","GEL-MPS TAB                   ",NULL,NULL
"4110  ","GELACID MPS                   ",NULL,NULL
"4111  ","GELYTE O.R.S POWDER           ",NULL,NULL
"4112  ","GEMCARESTRONE-M CAP           ",NULL,NULL
"4113  ","GEMCIUM DS CAP                ",NULL,NULL
"4114  ","GEMCOCALZ CAP                 ",NULL,NULL
"4115  ","GEMDOZ CAP                    ",CF-0230404,2025-03-31 00:00:00.000
"4116  ","GEMEROSE CAP                  ",NULL,NULL
"4117  ","GEMFORD-SG CAP 15CAP          ",ID23-0259A,2025-03-31 00:00:00.000
"4118  ","GEMFORD-SG TAB                ",NULL,NULL
"4119  ","GEMFUL 15 CAP                 ",NULL,NULL
"4120  ","GEMFUL CAP                    ",NULL,NULL
"4121  ","GEMFUL D3 60K 4C              ",ALT23013,2025-06-30 00:00:00.000
"4121  ","GEMFUL D3 60K 4C              ",ALT24002,2026-03-31 00:00:00.000
"4122  ","GEMGLO DS SOFT GELS           ",NULL,NULL
"4123  ","GEMKAY CAP                    ",NULL,NULL
"4124  ","GEMKOOL CAP                   ",NULL,NULL
"4125  ","GEMLIFE CAP                   ",NULL,NULL
"4126  ","GEMMOLINE ACTIVE CAP          ",NULL,NULL
"4127  ","GEMNOVA CAP                   ",NULL,NULL
"4128  ","GEMPLEX-PRO TAB               ",NULL,NULL
"4129  ","GEMSOFT CAP                   ",NULL,NULL
"4130  ","GEMSOLINE D3 SCHET            ",ID-S019,2024-07-30 00:00:00.000
"4131  ","GEMSOLINE-K2-7 TAB            ",NULL,NULL
"4132  ","GEMWIN K2-7 CAP               ",NULL,NULL
"4133  ","GEMWLL D3 CAP                 ",NULL,NULL
"4134  ","GEN A-Z TAB                   ",NULL,NULL
"4135  ","GEN D3 SOFTGEL CAP            ",NULL,NULL
"4136  ","GENCALCI-ACTIVE SOFT CAP      ",NULL,NULL
"4137  ","GENCEE TAB                    ",NLT87723,2025-04-30 00:00:00.000
"4138  ","GENCID TAB                    ",NULL,NULL
"4139  ","GENCO GOLD Q10                ",NULL,NULL
"4140  ","GENEXA ONION HAIR OIL         ",5571,2024-02-28 00:00:00.000
"4141  ",GENEXA ONION SHAMPOO WITH COND,6399,2024-07-30 00:00:00.000
"4142  ","GENFALL LOCK TAB              ",NULL,NULL
"4143  ","GENFER-XT TAB                 ",NULL,NULL
"4144  ","GENL PLUSE OXYMETER           ",NULL,NULL
"4145  ","GENMOX CV 625 TAB(6TAB)       ",SH232036,2025-11-30 00:00:00.000
"4146  ","GENPROT D/F POWDER            ",NULL,NULL
"4147  ","GENQUINE 250 TAB              ",NULL,NULL
"4148  ","GENTHER PLUS TAB              ",NULL,NULL
"4149  ","GENTIAN VIOLET SOLUTION       ",NULL,NULL
"4150  ","GENTIAN VIOLET USP            ",NULL,NULL
"4151  ","GENTION VIOLET PAINT I.P      ",NULL,NULL
"4152  ","GENTION VIOLET SOLUTION       ",NULL,NULL
"4153  ","GENTION VIOLET SOLUTION 1%    ",NULL,NULL
"4154  ","GENWIN OD                     ",NULL,NULL
"4155  ","GENWIN-OD CAP                 ",NULL,NULL
"4156  ","GERBETA SOLU.5% 500ML         ",NULL,NULL
"4157  ","GERCICLOX-DC CAP              ",NULL,NULL
"4158  ","GERCICLOX-DC CAP              ",NULL,NULL
"4159  ","GERCIP-500                    ",NULL,NULL
"4160  ","GERFEX(CEPHALEXIN)-500MG.CAP  ",NULL,NULL
"4161  ","GERFEX(CEPHLEXIN)-250DT TAB   ",NULL,NULL
"4162  ","GERMBETA OINT.                ",NULL,NULL
"4163  ","GERMBETA OINT.                ",NULL,NULL
"4164  ",GERMIMOON ANTISEPTIC LIQ.100ML,1042,2024-12-31 00:00:00.000
"4165  ","GERMIMOON SOAP                ",NULL,NULL
"4166  ","GERMOX CLAV 625 TAB           ",NULL,NULL
"4167  ","GERMOX-125MG TAB              ",NULL,NULL
"4168  ","GERSULIDE PLUS TAB            ",NULL,NULL
"4169  ","GERSULIDE TAB                 ",NULL,NULL
"4170  ","GERTAC 300 TAB                ",NULL,NULL
"4171  ","GERTAC-150 TAB                ",NULL,NULL
"4172  ","GESTO-KARE                    ",NULL,NULL
"4173  ","GFT ANJLI ESY CHPY PLS        ",.,NULL
"4174  ","GFT ANJLI SRVNG SET WTH STND  ",.,NULL
"4175  ","GFT BLANKET                   ",.,NULL
"4176  ","GFT EURO CASSEROLE            ",.,NULL
"4177  ","GFT FLD UMBERLA               ",.,NULL
"4178  ","GFT JONY SMART TIFFIN         ",.,NULL
"4179  ","GFT KITCHEN CONTAINER         ",.,NULL
"4180  ","GFT KTCH REME GM702 MX GRNDR  ",.,NULL
"4181  ","GFT LPT BG SLIVER             ",.,NULL
"4182  ","GFT MAHRAJA STEAM IRON        ",NULL,NULL
"4183  ","GFT NOVA TRIMMER              ",.,NULL
"4184  ","GFT PRSR CKR 3LTR             ",NULL,NULL
"4185  ","GFT RAINCOAT SET              ",.,NULL
"4186  ","GFT SAFARI TURF STROLLY BAG   ",**,NULL
"4187  ","GFT SALES MAN BAG             ",NULL,NULL
"4188  ","GFT SILVER 10GM               ",.,NULL
"4189  ","GFT SILVER 15GM               ",.,NULL
"4190  ","GFT SQUAR BASKET              ",.,NULL
"4191  ","GFT STATIONARY ORGANIZER      ",.,NULL
"4192  ","GFT TROLLY BAG                ",NULL,NULL
"4193  ","GFT WATER FIGHTER             ",.,NULL
"4194  ","GFT YOGA MAT                  ",.,NULL
"4195  ","GFT.4 BURNER GAS STOVE        ",2168U00039,NULL
"4196  ",GFT.BAJAJ ICX NEO INDUCTION CO,.,NULL
"4197  ","GFT.BD SHT NEW                ",.,NULL
"4198  ","GFT.BLANET                    ",.,NULL
"4198  ","GFT.BLANET                    ",PROMO,NULL
"4199  ","GFT.BLUETOOTH EAR BUDS        ",.,NULL
"4200  ","GFT.BOAT AIRPODPES (E)        ",.,NULL
"4201  ",GFT.ESBEDA LADIES HAND ABG SET,2158U0007,NULL
"4202  ","GFT.FNGR PDPN                 ",.,NULL
"4203  ","GFT.HAVERSACK BAG             ",.,NULL
"4204  ","GFT.INSULATED JUG SET         ",JUG SET,NULL
"4205  ","GFT.KTCH REME GM702 MX GRNDER ",.,NULL
"4206  ","GFT.LPT BG BROWN              ",.,NULL
"4207  ","GFT.OMEE CUPS                 ",.,NULL
"4208  ","GFT.OSWAL SHALL`S             ",.,NULL
"4209  ","GFT.PEN SET OP 100            ",NULL,NULL
"4210  ","GFT.PRESSURECOOKER 5L & 3L    ",205BU00027,2030-11-30 00:00:00.000
"4211  ","GFT.PRESTIGE MIXER GRINDER    ",.,NULL
"4212  ","GFT.STOOL TIME MITON          ",.,NULL
"4213  ","GFT.SVNG KT PRK AVNU          ",.,NULL
"4214  ","GFT.TRTO PARTY SPKR MIC       ",.,NULL
"4215  ","GFT.USHA TABLE FAN            ",.,2025-04-30 00:00:00.000
"4216  ","GFT.WPLZR                     ",.,NULL
"4217  ","GFT.ZL RNCT JS701 XL          ",.,NULL
"4218  ",GIFT.ZERBONICS THUNDER BLUTHOO,.,NULL
"4219  ","GINGAMINT TAB                 ",NULL,NULL
"4220  ","GLASS SYRINGE 2ML*            ",NULL,NULL
"4221  ","GLASS SYRINGE 5ML*            ",NULL,NULL
"4222  ","GLI ME PG 1                   ",NULL,NULL
"4223  ","GLI ME PG 2                   ",NULL,NULL
"4224  ","GLI-ME SR1                    ",NULL,NULL
"4225  ","GLI-ME SR1 TAB                ",NHD22562A,2024-11-30 00:00:00.000
"4225  ","GLI-ME SR1 TAB                ",NHD23351A,2025-07-30 00:00:00.000
"4225  ","GLI-ME SR1 TAB                ",NHD23352A,2025-07-30 00:00:00.000
"4225  ","GLI-ME SR1 TAB                ",NHD23520A,2025-11-30 00:00:00.000
"4225  ","GLI-ME SR1 TAB                ",NHD24102A,2026-01-31 00:00:00.000
"4225  ","GLI-ME SR1 TAB                ",NHD24120A,2026-02-28 00:00:00.000
"4225  ","GLI-ME SR1 TAB                ",NHD2412OA,2026-08-30 00:00:00.000
"4226  ","GLI-ME SR2 TAB                ",NULL,NULL
"4227  ","GLI-ME SR2 TAB                ",NHD24020A,2025-12-31 00:00:00.000
"4227  ","GLI-ME SR2 TAB                ",NHD24083A,2026-01-31 00:00:00.000
"4228  ","GLIMECHECK 1 TAB              ",T221678,2024-09-30 00:00:00.000
"4229  ","GLIMECHECK M1 TAB             ",VDT-22666,2024-06-30 00:00:00.000
"4230  ","GLIMECHECK M2 TAB             ",MOT22182,2024-06-30 00:00:00.000
"4231  ","GLIMIP-MP1 TAB                ",NULL,NULL
"4232  ","GLIMIP-MP2 TAB                ",NULL,NULL
"4233  ","GLIMITH-MP2 TAB               ",NULL,NULL
"4234  ","GLIMPY MP1 SR TAB             ",NULL,NULL
"4235  ","GLIMPY MP2 SR TAB             ",NULL,NULL
"4236  ","GLIZ-M                        ",NULL,NULL
"4237  ","GLOBET-GM                     ",NULL,NULL
"4238  ","GLOBICO-Z SR CAP              ",NULL,NULL
"4239  ","GLOCITRAL CAP                 ",GL231204,2025-11-30 00:00:00.000
"4240  ","GLOCUS FACE WASH              ",NULL,NULL
"4241  ","GLORY(CLINDAMICIN)            ",NULL,NULL
"4242  ","GLOWBERT Z CAP                ",DE23028,2025-09-30 00:00:00.000
"4242  ","GLOWBERT Z CAP                ",DW23028,2025-08-30 00:00:00.000
"4243  ","GLOWLOOK CREAM                ",NULL,NULL
"4244  ","GLOWRAB-DSR CAP               ",NULL,NULL
"4245  ","GLUCO ONE STRIP               ",NULL,NULL
"4246  ","GLUCOBAY 25MG TAB             ",NULL,NULL
"4247  ","GLUCOMETAR MORPEN             ",NULL,NULL
"4248  ","GLUCONEED CLUCOSE-C 100GM     ",NULL,NULL
"4249  ","GLUCONEED GLUCOSE D 100GM     ",NULL,NULL
"4250  ","GLUCONEED GLUCOSE-C 200GM     ",NULL,NULL
"4251  ","GLUCONEED GLUCOSE-D 200GM     ",MD012314,2024-06-30 00:00:00.000
"4252  ","GLUMETER STREEP               ",NULL,NULL
"4253  ","GLUMOL (OVAL)PARA TAB         ",NULL,NULL
"4254  ","GLUMOL(R)PARA.TAB             ",NULL,NULL
"4255  ","GLUMOL-C(PARA+CPM)TAB         ",NULL,NULL
"4256  ","GLY SYRINGE PLASTIC           ",NULL,NULL
"4257  ","GLYCERIN                      ",NULL,NULL
"4258  ","GLYCERIN 400GM                ",NULL,NULL
"4259  ","GLYCERIN BORAX                ",NULL,NULL
"4260  ","GLYCERIN BORAX 400GM          ",NULL,NULL
"4261  ","GLYCERIN BOREX                ",NULL,NULL
"4262  ","GLYCERIN BOREX                ",NULL,NULL
"4263  ","GLYCERIN BOREX I.P            ",NULL,NULL
"4264  ","GLYCERIN I.P                  ",NULL,NULL
"4265  ","GLYCERIN I.P.                 ",115,2026-09-30 00:00:00.000
"4265  ","GLYCERIN I.P.                 ",116,2027-01-31 00:00:00.000
"4266  ","GLYCERIN PURE 400GM           ",NULL,NULL
"4267  ","GLYCERINE I.P.                ",NULL,NULL
"4268  ","GLYCERINE PURE                ",NULL,NULL
"4269  ","GLYCERINE SYRINGE METAL(MSI)  ",NULL,NULL
"4270  ","GLYCIMET 500 SR TAB           ",NULL,NULL
"4271  ","GLYCIMET PG1 TAB              ",NULL,NULL
"4272  ","GLYCIMET PG2 TAB              ",NULL,NULL
"4273  ","GO-COLD TAB.                  ",NULL,NULL
"4274  ","GOKSHURADI GUGGUL             ",NULL,NULL
"4275  ","GOOD LIFE VAPORISER           ",NULL,NULL
"4276  ","GPMETRO 200MG TAB             ",GPTI-618,2025-08-30 00:00:00.000
"4277  ","GRETACAL TAB                  ",NULL,NULL
"4278  ","GRISEOFULIVIN I.P.125MG       ",NULL,NULL
"4279  ","GRISOLAB-250                  ",NULL,NULL
"4280  ","GRISORID-250 TAB              ",NULL,NULL
"4281  ","GUD HEIGHT CAP                ",NULL,NULL
"4282  ","GUFIDROX-500MG TAB            ",NULL,NULL
"4283  ","GULPHAVIT CAP                 ",NULL,NULL
"4284  ","GYMM POWDER                   ",NULL,NULL
"4285  ","GYPSONA 15CM*2.7MT            ",23N081,2028-07-30 00:00:00.000
"4286  ","GYROLONE 250MG TAB            ",NULL,NULL
"4287  ","GYROLONE 250MG TAB 10`        ",NULL,NULL
"4288  ","GYROLONE 500MG TAB            ",NULL,NULL
"4289  ","GYROLONE 500MG TAB 10`        ",NULL,NULL
"4290  ","H.B.PLUS                      ",NULL,NULL
"4291  ","H.B.PLUS CAP                  ",NULL,NULL
"4292  ","H.B.PLUS CAP                  ",NULL,NULL
"4293  ","H.I.V RAPID TEST CARD         ",NULL,NULL
"4294  ","HAIR TONE TAB                 ",NULL,NULL
"4295  ","HAIR-ADD PLUS TAB             ",NULL,NULL
"4296  ","HAIR-O-TIN KIT TAB            ",AK11509,2024-04-30 00:00:00.000
"4297  ","HAIR-O-TIN SOLUTION           ",NULL,NULL
"4298  ","HAIRFUL SOLUTION              ",NULL,NULL
"4299  ","HAIRFUL TAB                   ",NULL,NULL
"4300  ","HAIRFUL TAB                   ",NULL,NULL
"4301  ","HAIRSHINE KTZ                 ",NULL,NULL
"4302  ","HAIRSHINE OIL                 ",NULL,NULL
"4303  ","HALCET L TAB                  ",NULL,NULL
"4304  ","HALCET-10 TAB                 ",NULL,NULL
"4305  ","HALDI CHANDAN CREAM           ",NULL,NULL
"4306  ","HALMET 200 TAB                ",NULL,NULL
"4307  ","HALNAC-50 TAB                 ",NULL,NULL
"4308  ","HALNAC-P TAB                  ",NULL,NULL
"4309  ","HALOBETA TAB                  ",NULL,NULL
"4310  ","HALOCARE F CREAM              ",NULL,NULL
"4311  ","HALOCOLD PLUS TAB             ",NULL,NULL
"4312  ","HALOCPM TAB                   ",NULL,NULL
"4313  ","HALOFEM-20 (FAMO)TAB          ",NULL,NULL
"4314  ","HALOLAX (BISACODIL)TAB        ",NULL,NULL
"4315  ","HALONIM (NISE)TAB             ",AE22001,2025-07-30 00:00:00.000
"4316  ","HALONIM P 325 TAB             ",NULL,NULL
"4317  ","HALOPARA 500 TAB (O)          ",NULL,NULL
"4318  ","HALOPARA 500 TAB (R)          ",AD23004,2026-01-31 00:00:00.000
"4319  ","HALOPARA-650 TAB              ",NULL,NULL
"4320  ","HALOPARA-KID TAB              ",NULL,NULL
"4321  ","HALOPHYLLIN TAB               ",NULL,NULL
"4322  ","HALOPRED-5 TAB                ",NULL,NULL
"4323  ","HALOQUIN 250 TAB              ",NULL,NULL
"4324  ","HALOQUIN TAB                  ",NULL,NULL
"4325  ","HALOSPA 325 (DICY +PARA)TAB   ",BW22001,2025-09-30 00:00:00.000
"4326  ","HAMMER                        ",NULL,NULL
"4327  ","HAMOLET PLUS TAB              ",NULL,NULL
"4328  ","HAND NAPKIN                   ",NULL,NULL
"4329  ","HAND RUB WITH PUMP            ",NULL,NULL
"4330  ","HAND SANITIZER (SINIC)        ",NULL,NULL
"4331  ","HAND SANITIZER MOTHER         ",NULL,NULL
"4332  ","HAND SANITZER (SINCI)         ",NULL,NULL
"4333  ","HAND SANITZIER                ",NULL,NULL
"4334  ","HANDE TAB                     ",NULL,NULL
"4335  ","HANDIZER 100ML                ",NULL,NULL
"4336  ","HANDY DIGITAL THARMOMETER     ",TMP-02,NULL
"4337  ","HANDYNEB NEBULIZER            ",NULL,NULL
"4338  ","HANDYNEB NEBULIZER(MRK)       ",NULL,NULL
"4339  ","HAPPY HANDS                   ",NULL,NULL
"4340  ","HARBOLAX TAB                  ",NULL,NULL
"4341  ","HARI PANNI TAB                ",NULL,NULL
"4342  ","HARIFUL SOUTION               ",NULL,NULL
"4343  ","HAZYME TAB                    ",NULL,NULL
"4344  ","HB TROY CAP                   ",NULL,NULL
"4345  ","HEALTHCAL TAB                 ",NULL,NULL
"4346  ","HEALTHCAL-D3 SACHET           ",OP23438,2025-09-30 00:00:00.000
"4347  ","HEALTHRICH                    ",NULL,NULL
"4348  ","HEALTHRICH CAP                ",NULL,NULL
"4349  ","HEALTHRICH CAP                ",NULL,NULL
"4350  ","HEALTHRICH CAP                ",NULL,NULL
"4351  ","HEALTHRICH CAP                ",NULL,NULL
"4352  ","HEALTHRICH CAP                ",NULL,NULL
"4353  ","HEARING AID-CYBER SONIC       ",NULL,NULL
"4354  ","HEART FITZ CAP                ",NULL,NULL
"4355  ","HEAT.PAD REGULAR              ",NULL,NULL
"4356  ","HEAT.PAD REGULAR              ",NULL,NULL
"4357  ","HELKOSS-150 TAB               ",NULL,NULL
"4358  ","HEMOLIDE(NISE+PARA) TAB       ",AT-24015,2025-12-31 00:00:00.000
"4358  ","HEMOLIDE(NISE+PARA) TAB       ",AT-24016,2025-12-31 00:00:00.000
"4358  ","HEMOLIDE(NISE+PARA) TAB       ",AT-24166,2026-07-30 00:00:00.000
"4358  ","HEMOLIDE(NISE+PARA) TAB       ",AT-24167,2026-04-30 00:00:00.000
"4358  ","HEMOLIDE(NISE+PARA) TAB       ",AT23405,2025-10-30 00:00:00.000
"4359  ","HENIRAMINE MALEATE 250MG      ",NULL,NULL
"4360  ","HERBOLAX TAB                  ",NULL,NULL
"4361  ","HEXA (DEXA) TAB               ",AB22001,2024-08-30 00:00:00.000
"4362  ","HEXACLOX CAP                  ",NULL,NULL
"4363  ","HEXAMENTIN 625MG TAB          ",NULL,NULL
"4364  ","HEXAMENTIN-625 TAB            ",NULL,NULL
"4365  ","HEXAMOX 250 CAP               ",NULL,NULL
"4366  ","HEXAMOX-250 DT TAB            ",NULL,NULL
"4367  ","HEXAMOX-500 CAP               ",NULL,NULL
"4368  ","HEXAPOD-200 TAB               ",NULL,NULL
"4369  ","HEXICARE`S ENERGY POWDER      ",SHEP-001,2024-06-30 00:00:00.000
"4370  ","HEXICEF-LB TAB                ",NULL,NULL
"4371  ",HIBACT OZ(OFLO+ORNIDA)(HIREN)T,NULL,NULL
"4372  ","HIMOL 650MG TAB               ",AT-24106,2026-03-31 00:00:00.000
"4373  ","HIMOL-500MG TAB               ",24174,2026-05-31 00:00:00.000
"4373  ","HIMOL-500MG TAB               ",AT-24068(O,2028-01-31 00:00:00.000
"4373  ","HIMOL-500MG TAB               ",AT-24074,2028-02-28 00:00:00.000
"4373  ","HIMOL-500MG TAB               ",AT-24095,2026-02-28 00:00:00.000
"4373  ","HIMOL-500MG TAB               ",AT-24120,2026-03-31 00:00:00.000
"4373  ","HIMOL-500MG TAB               ",AT-24121,2026-03-31 00:00:00.000
"4373  ","HIMOL-500MG TAB               ",AT-24174(R,2026-05-31 00:00:00.000
"4373  ","HIMOL-500MG TAB               ",AT-24189,2026-05-31 00:00:00.000
"4373  ","HIMOL-500MG TAB               ",AT-24195,2026-05-31 00:00:00.000
"4374  ","HIMOL-D                       ",NULL,NULL
"4375  ","HIMOL-D TAB                   ",AT-24038,2026-01-31 00:00:00.000
"4375  ","HIMOL-D TAB                   ",AT-24054,2026-01-31 00:00:00.000
"4376  ","HIMOLIDE (NISE+PARA)          ",NULL,NULL
"4377  ","HIMOLINE TAB                  ",AT-24043,2026-01-31 00:00:00.000
"4378  ","HIMPLASTA                     ",NULL,NULL
"4379  ","HINAC PLUS TAB                ",NULL,NULL
"4380  ","HINIKAM KNEE JOINT TAB        ",NULL,NULL
"4381  ","HINIKAM PUNJDERM CREAM        ",NULL,NULL
"4382  ","HINIKAM`S NTLICE MS SOAP      ",DSO-3011,2025-05-31 00:00:00.000
"4383  ","HINZIN-10 TAB                 ",ABTBA048,2025-12-31 00:00:00.000
"4384  ","HINZIN-25 TAB                 ",BRNBTG274,2025-07-30 00:00:00.000
"4385  ","HIPEN CLAV 625 TAB            ",NULL,NULL
"4386  ","HIPEN-125MG TAB               ",NULL,NULL
"4387  ","HISTAC(RANITIDINE)150MG.TAB   ",NULL,NULL
"4388  ","HISTACET TAB                  ",NULL,NULL
"4389  ","HISTASCET COLD NF             ",NULL,NULL
"4390  ","HISTOKIR TAB(LEVOCETRIZINE)   ",NULL,NULL
"4391  ","HITECH NEEDLE NO.22           ",NULL,NULL
"4392  ","HITECH NEEDLE NO.23G          ",241601A,2028-12-31 00:00:00.000
"4393  ","HITECH NEEDLE NO.24           ",NULL,NULL
"4394  ","HITECH NEEDLE NO.26 1.5       ",NULL,NULL
"4395  ","HOLDAY TAB                    ",NULL,NULL
"4396  ","HOSTACYCLINE CAP              ",NULL,NULL
"4397  ","HOT WATER BAG                 ",NULL,NULL
"4398  ","HOT WATER BAG                 ",NULL,NULL
"4399  ","HOT WATER BAG                 ",NULL,NULL
"4400  ","HOTBAG(HOS)DUCKLINE           ",NULL,NULL
"4401  ","HYDEROGEN PEROXIDE SOLU.I.P   ",NULL,NULL
"4402  ","HYDROGE PEROXIDE              ",NULL,NULL
"4403  ","HYDROGEN PEROXIDE             ",NULL,NULL
"4404  ","HYDROGEN PEROXIDE             ",36,2028-09-30 00:00:00.000
"4405  ","HYDROGEN PEROXIDE             ",01,NULL
"4405  ","HYDROGEN PEROXIDE             ",03,NULL
"4405  ","HYDROGEN PEROXIDE             ",05,2025-07-30 00:00:00.000
"4405  ","HYDROGEN PEROXIDE             ",10,2026-12-31 00:00:00.000
"4405  ","HYDROGEN PEROXIDE             ",12,NULL
"4406  ","HYDROGEN PEROXIDE 450ML.      ",NULL,NULL
"4407  ","HYDROGEN PEROXIDE I.P         ",NULL,NULL
"4408  ","HYDROGEN PEROXIDE I.P         ",NULL,NULL
"4409  ","HYDROGEN PEROXIDE I.P         ",NULL,NULL
"4410  ","HYDROGEN PEROXIDE SOLUTION    ",NULL,NULL
"4411  ","HYDROGEN PEROXIDE SOLUTION    ",NULL,NULL
"4412  ","HYDROGEN PEROXIDE(20 VOLUME)  ",NULL,NULL
"4413  ","HYDROGEN PEROXIDE.            ",NULL,NULL
"4414  ","HYDROGEN SOLUTION I.P.        ",NULL,NULL
"4415  ","HYGDROGEN SOLUTION*           ",NULL,NULL
"4416  ","HYPERNORM-40                  ",NULL,NULL
"4417  ","HYPERNORM-H                   ",NULL,NULL
"4418  ","HYPROT POWDER(HIGH PRITEIN)   ",NULL,NULL
"4419  ","HYTRAX-10MG TAB               ",367-07,2026-10-30 00:00:00.000
"4420  ","I-GEN DROP                    ",NULL,NULL
"4421  ","I-R THERMOMETER               ",NULL,NULL
"4422  ","I.V SET-PROTOS                ",NULL,NULL
"4423  ","I.V.A.E-P (500ML)             ",NULL,NULL
"4424  ","I.V.ABAMOL (PARA)             ",A5425012,2025-08-30 00:00:00.000
"4424  ","I.V.ABAMOL (PARA)             ",A5435011,2025-07-30 00:00:00.000
"4424  ","I.V.ABAMOL (PARA)             ",A5435014,2025-09-30 00:00:00.000
"4425  ","I.V.ABSOLETE M                ",NULL,NULL
"4426  ","I.V.AKUMENTIS NS 100ML        ",NULL,NULL
"4427  ","I.V.CANNULA (NEOCAN 24)       ",NULL,NULL
"4428  ","I.V.CANNULA 20G               ",NULL,NULL
"4429  ","I.V.CANNULA 22 NO(KETHIN)     ",NULL,NULL
"4430  ","I.V.CANNULA NO.20             ",NULL,NULL
"4431  ","I.V.CANNULA NO.20             ",NULL,NULL
"4432  ","I.V.CANNULA NO.20G(B.D)       ",NULL,NULL
"4433  ","I.V.CANNULA NO.22             ",NULL,NULL
"4434  ","I.V.CANNULA NO.22             ",NULL,NULL
"4435  ","I.V.CANNULA NO.22G            ",NULL,NULL
"4436  ","I.V.CANNULA NO.24             ",NULL,NULL
"4437  ","I.V.CANNULA NO.24G            ",NULL,NULL
"4438  ","I.V.CANNULLA 24 G             ",NULL,NULL
"4439  ","I.V.CANNULLA G 20             ",NULL,NULL
"4440  ","I.V.CANNULLA NO.22G           ",NULL,NULL
"4441  ","I.V.CANNUULA 22G              ",NULL,NULL
"4442  ","I.V.CANULA NO.22              ",NULL,NULL
"4443  ","I.V.CANULA NO.24              ",NULL,NULL
"4444  ","I.V.CANULLA INTRA CATH 22G    ",NULL,NULL
"4445  ","I.V.CANULLA NEOFLON 24G       ",NULL,NULL
"4446  ","I.V.CANULLA NO.24             ",NULL,NULL
"4447  ","I.V.CANULLA NO.24             ",G230810711,2028-07-30 00:00:00.000
"4448  ","I.V.CANULLA VENEPORT G 22     ",NULL,NULL
"4449  ","I.V.CATHETER(CANULA) NO.24    ",NULL,NULL
"4450  ","I.V.CBMOL 100ML               ",NULL,NULL
"4451  ","I.V.CIPBACT                   ",NULL,NULL
"4452  ","I.V.CIPMOL(PARA)              ",NULL,NULL
"4453  ","I.V.CIPRO                     ",NULL,NULL
"4454  ","I.V.CIPRO                     ",S1124001,2026-10-30 00:00:00.000
"4455  ","I.V.CIPRO                     ",NULL,NULL
"4456  ","I.V.CIPROFLOXACIN             ",A2132011,2026-11-30 00:00:00.000
"4456  ","I.V.CIPROFLOXACIN             ",A2142002,2027-02-28 00:00:00.000
"4457  ","I.V.CIPROFLOXACIN             ",NULL,NULL
"4458  ","I.V.CIPROFLOXACIN             ",NULL,NULL
"4459  ","I.V.CIPROFLOXACIN             ",NULL,NULL
"4460  ","I.V.CIPROFLOXACIN IP          ",NULL,NULL
"4461  ","I.V.CIPROFLOXACINE-CIPROX     ",NULL,NULL
"4462  ","I.V.CIPROFLOXINE              ",NULL,NULL
"4463  ","I.V.CIPROJAB                  ",NULL,NULL
"4464  ","I.V.CIPROKEM                  ",NULL,NULL
"4465  ","I.V.CIPROSYN                  ",NULL,NULL
"4466  ","I.V.CIPROSYN                  ",WTE23073,2026-03-31 00:00:00.000
"4467  ","I.V.CIPROSYN                  ",WTEC3139,2026-08-30 00:00:00.000
"4468  ","I.V.CIPROTAS                  ",NULL,NULL
"4469  ","I.V.CIPROVA                   ",NULL,NULL
"4470  ","I.V.CIPROZEST                 ",NULL,NULL
"4471  ","I.V.CIPTAB                    ",NULL,NULL
"4472  ","I.V.D-25                      ",NULL,NULL
"4473  ","I.V.D-25%                     ",NULL,NULL
"4474  ","I.V.D-5%                      ",NULL,NULL
"4475  ","I.V.D-5%(250ML)               ",SO223AO15,2026-10-30 00:00:00.000
"4476  ","I.V.D.N.S                     ",NULL,NULL
"4477  ","I.V.D.N.S                     ",OD2420004,2026-12-31 00:00:00.000
"4478  ","I.V.D.N.S                     ",NULL,NULL
"4479  ","I.V.D.N.S                     ",NULL,NULL
"4480  ","I.V.D.N.S                     ",NULL,NULL
"4481  ","I.V.D.N.S                     ",NULL,NULL
"4482  ","I.V.D.N.S                     ",NULL,NULL
"4483  ","I.V.D.N.S                     ",P230906138,2025-08-30 00:00:00.000
"4484  ","I.V.D.N.S.                    ",NULL,NULL
"4485  ","I.V.D.N.S.                    ",NULL,NULL
"4486  ","I.V.D.N.S.                    ",NULL,NULL
"4487  ","I.V.D25%                      ",NULL,NULL
"4488  ","I.V.D5                        ",NULL,NULL
"4489  ","I.V.D5                        ",NULL,NULL
"4490  ","I.V.D5                        ",NULL,NULL
"4491  ","I.V.D5 (OTSUKA)               ",NULL,NULL
"4492  ","I.V.D5 1000ML                 ",NULL,NULL
"4493  ","I.V.D5%                       ",NULL,NULL
"4494  ","I.V.DEXTORES 5%               ",NULL,NULL
"4495  ","I.V.DEXTORESE 5%              ",NULL,NULL
"4496  ","I.V.DEXTORSE 25%              ",NULL,NULL
"4497  ","I.V.DEXTORSE 25%              ",NULL,NULL
"4498  ","I.V.DEXTORSE 25%              ",NULL,NULL
"4499  ","I.V.DEXTORSE 25%              ",NULL,NULL
"4500  ","I.V.DEXTORSE 5%               ",NULL,NULL
"4501  ","I.V.DEXTORSE 5%               ",NULL,NULL
"4502  ","I.V.DEXTORSE 5%               ",NULL,NULL
"4503  ","I.V.DEXTORSE 5%               ",NULL,NULL
"4504  ","I.V.DEXTRO 5%                 ",NULL,NULL
"4505  ","I.V.DEXTROSE                  ",NULL,NULL
"4506  ","I.V.DEXTROSE 25%              ",NULL,NULL
"4507  ","I.V.DEXTROSE 25%              ",NULL,NULL
"4508  ","I.V.DEXTROSE 25%              ",NULL,NULL
"4509  ","I.V.DEXTROSE 25%              ",NULL,NULL
"4510  ","I.V.DEXTROSE 5%               ",A3534014,2026-08-30 00:00:00.000
"4510  ","I.V.DEXTROSE 5%               ",A3534017,2026-10-30 00:00:00.000
"4510  ","I.V.DEXTROSE 5%               ",A3541008,2027-01-31 00:00:00.000
"4510  ","I.V.DEXTROSE 5%               ",A3541012,2027-02-28 00:00:00.000
"4510  ","I.V.DEXTROSE 5%               ",A3543002,2027-01-31 00:00:00.000
"4510  ","I.V.DEXTROSE 5%               ",A3543008,2027-04-30 00:00:00.000
"4511  ","I.V.DEXTROSE 5%               ",NULL,NULL
"4512  ","I.V.DEXTROSE 5%               ",NULL,NULL
"4513  ","I.V.DEXTROSE 5%(1000ML)       ",NULL,NULL
"4514  ","I.V.DEXTROSE-10%              ",NULL,NULL
"4515  ","I.V.DEXTROSE-5%               ",P231001059,2025-09-30 00:00:00.000
"4515  ","I.V.DEXTROSE-5%               ",P231001060,2025-09-30 00:00:00.000
"4516  ","I.V.DNS                       ",A3634019,2026-05-31 00:00:00.000
"4516  ","I.V.DNS                       ",A3641049,2027-02-28 00:00:00.000
"4516  ","I.V.DNS                       ",A3641058,2027-03-31 00:00:00.000
"4516  ","I.V.DNS                       ",A3643002,2026-12-30 00:00:00.000
"4516  ","I.V.DNS                       ",A3643021,2027-04-30 00:00:00.000
"4516  ","I.V.DNS                       ",A3644003,2026-12-31 00:00:00.000
"4516  ","I.V.DNS                       ",A3644007,2027-01-31 00:00:00.000
"4517  ","I.V.DNS                       ",NULL,NULL
"4518  ","I.V.DNS                       ",NULL,NULL
"4519  ","I.V.DNS                       ",NULL,NULL
"4520  ","I.V.DNS                       ",NULL,NULL
"4521  ","I.V.DNS                       ",NULL,NULL
"4522  ","I.V.DNS                       ",NULL,NULL
"4523  ","I.V.DNS                       ",NULL,NULL
"4524  ","I.V.DNS                       ",S0323AD49,2026-10-30 00:00:00.000
"4525  ","I.V.DNS                       ",NULL,NULL
"4526  ","I.V.DNS                       ",NULL,NULL
"4527  ","I.V.DNS (1000ML)              ",NULL,NULL
"4528  ","I.V.DNS (CLS) 1000ML          ",NULL,NULL
"4529  ","I.V.DNS 250ML                 ",NULL,NULL
"4530  ","I.V.DNS 500ML                 ",NULL,NULL
"4531  ","I.V.DNS(OTUSKA)               ",NULL,NULL
"4532  ","I.V.DNS.                      ",NULL,NULL
"4533  ","I.V.E.P.(500ML)               ",NULL,NULL
"4534  ","I.V.EUROLINE(NS 100)          ",NULL,NULL
"4535  ","I.V.FLAGIL                    ",NULL,NULL
"4536  ","I.V.FLAGYL                    ",NULL,NULL
"4537  ","I.V.FLOXARIS                  ",NULL,NULL
"4538  ","I.V.FLOXIBACT (OFLOX)         ",NULL,NULL
"4539  ","I.V.FLOXIP                    ",NULL,NULL
"4540  ","I.V.FORLYTE-P                 ",NULL,NULL
"4541  ","I.V.FRESOGYL                  ",NULL,NULL
"4542  ","I.V.GERCIP                    ",NULL,NULL
"4543  ","I.V.IFIMOL                    ",NULL,NULL
"4544  ","I.V.INTAGYL 100ML             ",NULL,NULL
"4545  ","I.V.IVOYLTE-P                 ",NULL,NULL
"4546  ","I.V.KIDROLYTE-P               ",NULL,NULL
"4547  ","I.V.LEVOTACK                  ",A2832001,2024-12-31 00:00:00.000
"4548  ","I.V.MERIMOL                   ",WTE23194,2025-11-30 00:00:00.000
"4549  ","I.V.METRO                     ",A2042009,2025-12-30 00:00:00.000
"4549  ","I.V.METRO                     ",A2042022,2027-03-31 00:00:00.000
"4549  ","I.V.METRO                     ",A2042028,2027-04-30 00:00:00.000
"4550  ","I.V.METRO                     ",NULL,NULL
"4551  ","I.V.METRO                     ",NULL,NULL
"4552  ","I.V.METRO                     ",NULL,NULL
"4553  ","I.V.METRO                     ",NULL,NULL
"4554  ","I.V.METRO 100ML               ",NULL,NULL
"4555  ","I.V.METRO(UNIMEZOLE)          ",NULL,NULL
"4556  ","I.V.METROGEE                  ",NULL,NULL
"4557  ","I.V.METROMAX                  ",NULL,NULL
"4558  ","I.V.METRONIDAZOLE             ",NULL,NULL
"4559  ","I.V.METRONIDAZOLE             ",NULL,NULL
"4560  ","I.V.METRONIDAZOLE             ",NULL,NULL
"4561  ","I.V.METRONIDAZOLE             ",NULL,NULL
"4562  ","I.V.METRONIDAZOLE             ",NULL,NULL
"4563  ","I.V.METRONIDAZOLE             ",NULL,NULL
"4564  ","I.V.METRONIDAZOLE             ",NULL,NULL
"4565  ","I.V.METRONIDAZOLE             ",NULL,NULL
"4566  ","I.V.METRONIDAZOLE             ",NULL,NULL
"4567  ","I.V.METRONIDAZOLE             ",NULL,NULL
"4568  ","I.V.METRONIDAZOLE             ",TET23015,2026-08-30 00:00:00.000
"4569  ","I.V.METRONIDAZOLE(LUPIGYL)    ",NULL,NULL
"4570  ","I.V.METROZEST                 ",NULL,NULL
"4571  ","I.V.N.S 100ML                 ",NULL,NULL
"4572  ","I.V.N.S(100ML)                ",NULL,NULL
"4573  ","I.V.N.S.(100ML)               ",NULL,NULL
"4574  ","I.V.N.S.(100ML)               ",NULL,NULL
"4575  ","I.V.NECPANTO                  ",NULL,NULL
"4576  ","I.V.NEOCAN NO.24              ",NULL,NULL
"4577  ","I.V.NEOFLON(POLY)*            ",NULL,NULL
"4578  ","I.V.NEWLINE (NS)              ",NULL,NULL
"4579  ","I.V.NICOFLOX                  ",NULL,NULL
"4580  ","I.V.NIRLYTE-P                 ",NULL,NULL
"4581  ","I.V.NORAMALSALINE             ",NULL,NULL
"4582  ","I.V.NORMALSALINE              ",A3733326,2026-11-30 00:00:00.000
"4582  ","I.V.NORMALSALINE              ",A3741059,2027-03-31 00:00:00.000
"4582  ","I.V.NORMALSALINE              ",A3743035,2027-01-31 00:00:00.000
"4582  ","I.V.NORMALSALINE              ",A3744016,2027-03-31 00:00:00.000
"4582  ","I.V.NORMALSALINE              ",A3744017,2027-03-31 00:00:00.000
"4582  ","I.V.NORMALSALINE              ",A743006,2026-12-31 00:00:00.000
"4583  ","I.V.NORMALSALINE              ",A2444039,2027-04-30 00:00:00.000
"4583  ","I.V.NORMALSALINE              ",DD23010119,2026-08-30 00:00:00.000
"4584  ","I.V.NORMALSALINE              ",NULL,NULL
"4585  ","I.V.NORMALSALINE              ",NULL,NULL
"4586  ","I.V.NORMALSALINE              ",NULL,NULL
"4587  ","I.V.NORMALSALINE              ",NULL,NULL
"4588  ","I.V.NORMALSALINE              ",NULL,NULL
"4589  ","I.V.NORMALSALINE              ",NULL,NULL
"4590  ","I.V.NORMALSALINE              ",NULL,NULL
"4591  ","I.V.NORMALSALINE              ",NULL,NULL
"4592  ","I.V.NORMALSALINE              ",NULL,NULL
"4593  ","I.V.NORMALSALINE              ",P231003271,2025-09-30 00:00:00.000
"4594  ","I.V.NORMALSALINE 100ML        ",NULL,NULL
"4595  ","I.V.NORMALSALINE 500ML        ",NULL,NULL
"4596  ","I.V.NORMALSALINE 500ML        ",NULL,NULL
"4597  ","I.V.NORMALSALINE(OTUSKA)      ",S06240109,2027-04-30 00:00:00.000
"4598  ","I.V.NORMALSLINE               ",NULL,NULL
"4599  ","I.V.NS                        ",NULL,NULL
"4600  ","I.V.NS                        ",NULL,NULL
"4601  ","I.V.NS                        ",TL0315L3,2026-10-30 00:00:00.000
"4602  ","I.V.NS (ABBOTT)               ",NULL,NULL
"4603  ","I.V.NS (ALKEM)                ",NULL,NULL
"4604  ","I.V.NS 100ML                  ",NULL,NULL
"4605  ","I.V.NS 100ML                  ",NULL,NULL
"4606  ","I.V.NS 100ML                  ",NULL,NULL
"4607  ","I.V.NS 100ML                  ",NULL,NULL
"4608  ","I.V.NS 100ML                  ",NULL,NULL
"4609  ","I.V.NS 100ML                  ",NULL,NULL
"4610  ","I.V.NS 100ML                  ",NULL,NULL
"4611  ","I.V.NS 100ML                  ",NULL,NULL
"4612  ","I.V.NS 100ML                  ",NULL,NULL
"4613  ","I.V.NS 100ML                  ",NULL,NULL
"4614  ","I.V.NS 100ML                  ",P240231054,2027-01-31 00:00:00.000
"4614  ","I.V.NS 100ML                  ",P240331079,2027-02-28 00:00:00.000
"4615  ","I.V.NS 250ML                  ",NULL,NULL
"4616  ","I.V.NS 250ML                  ",NULL,NULL
"4617  ","I.V.NS 250ML                  ",NULL,NULL
"4618  ","I.V.NS 250ML                  ",P230251002,2025-01-31 00:00:00.000
"4619  ","I.V.NS 500ML                  ",NULL,NULL
"4620  ","I.V.NS 500ML`                 ",NULL,NULL
"4621  ","I.V.NS SODIUM CHLORIDE 0.9    ",A244012,2027-01-31 00:00:00.000
"4621  ","I.V.NS SODIUM CHLORIDE 0.9    ",A244039,2027-04-30 00:00:00.000
"4621  ","I.V.NS SODIUM CHLORIDE 0.9    ",A2444006,2026-12-31 00:00:00.000
"4621  ","I.V.NS SODIUM CHLORIDE 0.9    ",A2444047,2027-04-30 00:00:00.000
"4622  ","I.V.NS(500ML)                 ",NULL,NULL
"4623  ","I.V.NS-500ML                  ",NULL,NULL
"4624  ","I.V.NS.100ML                  ",NULL,NULL
"4625  ","I.V.OFFRATE (OFLOX)           ",NULL,NULL
"4626  ","I.V.OFLOCHEM                  ",NULL,NULL
"4627  ","I.V.OFLOKEM                   ",NULL,NULL
"4628  ","I.V.OFLONAT-OZ                ",NULL,NULL
"4629  ","I.V.OFLOTAS                   ",NULL,NULL
"4630  ","I.V.OFLOTAS                   ",NULL,NULL
"4631  ","I.V.OFLOTAS-OZ                ",NULL,NULL
"4632  ","I.V.OFLOX(CURADEX)            ",NULL,NULL
"4633  ","I.V.OFLOX(ZO)                 ",NULL,NULL
"4634  ","I.V.OFLOXACIN                 ",NULL,NULL
"4635  ","I.V.OFLOXACIN                 ",NULL,NULL
"4636  ","I.V.OFLOXACIN                 ",NULL,NULL
"4637  ","I.V.OFLOXACIN                 ",NULL,NULL
"4638  ","I.V.OFLOXACIN                 ",NULL,NULL
"4639  ","I.V.OFLOXACINE                ",NULL,NULL
"4640  ","I.V.OFLOXACINE                ",NULL,NULL
"4641  ","I.V.OFLOXACINE*               ",NULL,NULL
"4642  ","I.V.OFLOZAP(OFLOXACIN)        ",NULL,NULL
"4643  ","I.V.OFLOZEST                  ",NULL,NULL
"4644  ","I.V.OFLUP                     ",NULL,NULL
"4645  ","I.V.ONOFF (OFLOX)             ",NULL,NULL
"4646  ","I.V.ORAFLOX                   ",MI23501,2025-03-31 00:00:00.000
"4647  ","I.V.PANACT                    ",NULL,NULL
"4648  ","I.V.PANTOPRAZ                 ",NULL,NULL
"4649  ","I.V.PANTRELIFE 40MG           ",GIO13305,2025-04-30 00:00:00.000
"4650  ","I.V.QMAX (OFLOX)              ",NULL,NULL
"4651  ","I.V.R.L                       ",A3834095,2026-08-30 00:00:00.000
"4652  ","I.V.R.L                       ",NULL,NULL
"4653  ","I.V.R.L                       ",NULL,NULL
"4654  ","I.V.R.L                       ",NULL,NULL
"4655  ","I.V.R.L                       ",P230605128,2025-05-31 00:00:00.000
"4656  ","I.V.RINGEL LACTATE I.V        ",NULL,NULL
"4657  ","I.V.RINGER LACTATE            ",A3833117,2026-11-30 00:00:00.000
"4657  ","I.V.RINGER LACTATE            ",A3833122,2026-11-30 00:00:00.000
"4657  ","I.V.RINGER LACTATE            ",A3834135,2026-10-30 00:00:00.000
"4657  ","I.V.RINGER LACTATE            ",A3834145,2026-11-30 00:00:00.000
"4657  ","I.V.RINGER LACTATE            ",A3841024,2027-03-31 00:00:00.000
"4657  ","I.V.RINGER LACTATE            ",A3843004,2026-12-31 00:00:00.000
"4657  ","I.V.RINGER LACTATE            ",A3843020,2027-01-31 00:00:00.000
"4657  ","I.V.RINGER LACTATE            ",A3843042,2027-01-31 00:00:00.000
"4657  ","I.V.RINGER LACTATE            ",A3843049,2027-01-31 00:00:00.000
"4657  ","I.V.RINGER LACTATE            ",A3849042,2026-01-30 00:00:00.000
"4658  ","I.V.RINGER LACTATE            ",NULL,NULL
"4659  ","I.V.RINGER LACTATE            ",NULL,NULL
"4660  ","I.V.RINGER LACTATE            ",NULL,NULL
"4661  ","I.V.RINGER LACTATE            ",NULL,NULL
"4662  ","I.V.RINGER LACTATE            ",NULL,NULL
"4663  ","I.V.RINGER LOCTATE            ",NULL,NULL
"4664  ","I.V.RINGERS LACTATE 500ML     ",NULL,NULL
"4665  ","I.V.RL 250ML                  ",NULL,NULL
"4666  ","I.V.RL 500ML                  ",NULL,NULL
"4667  ","I.V.RL 500ML                  ",NULL,NULL
"4668  ","I.V.SET MICRO DIP             ",G220820720,2027-07-30 00:00:00.000
"4669  ","I.V.SIOFLOX                   ",NULL,NULL
"4670  ","I.V.STERILE WATER FOR         ",NULL,NULL
"4671  ","I.V.THREE WAY                 ",NULL,NULL
"4672  ","I.V.THREE WAY CANNECTOR       ",NULL,NULL
"4673  ","I.V.THREE WAY STOP COCK       ",NULL,NULL
"4674  ","I.V.THREE WAY STOP COCK       ",NULL,NULL
"4675  ","I.V.THREEWAY STOPCOCK         ",NULL,NULL
"4676  ","I.V.THREWAY EXXACTA           ",NULL,NULL
"4677  ","I.V.TRIDOSS PARA              ",NULL,NULL
"4678  ","I.V.UNIMEZOLE                 ",NULL,NULL
"4679  ","I.V.VANEPORT G 20             ",G21122399,2026-05-31 00:00:00.000
"4680  ","I.V.WOFLOX                    ",NULL,NULL
"4681  ","I.V.WOFLOX                    ",NULL,NULL
"4682  ","I.V.WOFLOX-OZ                 ",NULL,NULL
"4683  ","I.V.WOMETRO                   ",NULL,NULL
"4684  ","I.V.WOMETRO                   ",NULL,NULL
"4685  ","I.V.ZENPARA 100ML             ",NULL,NULL
"4686  ","IBU 200MG TAB                 ",EC4002DM,2027-04-30 00:00:00.000
"4687  ","IBU 200MG(ORTHOFEN)TAB        ",NULL,NULL
"4688  ","IBU 400MG TAB                 ",NULL,NULL
"4689  ","IBU PAR TAB                   ",NULL,NULL
"4690  ","IBU+PARA TAB                  ",NULL,NULL
"4691  ","IBUDEX 15TAB(IBU+PARA)        ",NULL,NULL
"4692  ","IBUFEN 200MG.TAB              ",NULL,NULL
"4693  ","IBULAB                        ",NULL,NULL
"4694  ","IBULAB-FORTE                  ",NULL,NULL
"4695  ","IBUMOL-SF(IBU+PARA)           ",NULL,NULL
"4696  ","IBUPAR FORTE(IBU+PARA)        ",NULL,NULL
"4697  ","IBUPAR PLUS TAB               ",NULL,NULL
"4698  ","IBUPARA                       ",NULL,NULL
"4699  ","IBUPEN PLUS TAB               ",NULL,NULL
"4700  ","IBUPROFEN & PARA.TAB          ",NULL,NULL
"4701  ","IBUPROFEN 200 S/C TAB         ",146,2025-08-30 00:00:00.000
"4701  ","IBUPROFEN 200 S/C TAB         ",148,2026-01-31 00:00:00.000
"4701  ","IBUPROFEN 200 S/C TAB         ",150,2026-03-31 00:00:00.000
"4702  ","IBUPROFEN 200 TAB             ",NULL,NULL
"4703  ","IBUPROFEN 200MG               ",NULL,NULL
"4704  ","IBUPROFEN 200MG TAB           ",NULL,NULL
"4705  ","IBUPROFEN 200MG TAB           ",NULL,NULL
"4706  ","IBUPROFEN 200MG TAB           ",NULL,NULL
"4707  ","IBUPROFEN 200MG TAB           ",NULL,NULL
"4708  ","IBUPROFEN 200MG TAB           ",NULL,NULL
"4709  ","IBUPROFEN 200MG TAB           ",NULL,NULL
"4710  ","IBUPROFEN 200MG TAB           ",NULL,NULL
"4711  ","IBUPROFEN 200MG TAB           ",NULL,NULL
"4712  ","IBUPROFEN 200MG TAB           ",NULL,NULL
"4713  ","IBUPROFEN 200MG TAB           ",NULL,NULL
"4714  ","IBUPROFEN 200MG TAB           ",NULL,NULL
"4715  ","IBUPROFEN 200MG TAB           ",NULL,NULL
"4716  ","IBUPROFEN 200MG TAB           ",NULL,NULL
"4717  ","IBUPROFEN 200MG TAB           ",NULL,NULL
"4718  ","IBUPROFEN 200MG TAB S/C       ",148,2026-01-31 00:00:00.000
"4719  ","IBUPROFEN 200MG TAB(O)        ",NULL,NULL
"4720  ","IBUPROFEN 200MG TAB(RD)       ",NULL,NULL
"4721  ","IBUPROFEN 200MG.              ",NULL,NULL
"4722  ","IBUPROFEN 200MG.TAB           ",NULL,NULL
"4723  ","IBUPROFEN 200MG.TAB           ",NULL,NULL
"4724  ","IBUPROFEN 200MG.TAB           ",NULL,NULL
"4725  ","IBUPROFEN 200MG.TAB           ",EC3002EB,2026-06-30 00:00:00.000
"4725  ","IBUPROFEN 200MG.TAB           ",EC3004EB,2026-08-30 00:00:00.000
"4725  ","IBUPROFEN 200MG.TAB           ",ECC4002DM,2027-04-30 00:00:00.000
"4726  ","IBUPROFEN 400 MG F/C TAB      ",NULL,NULL
"4727  ","IBUPROFEN 400MG               ",NULL,NULL
"4728  ","IBUPROFEN 400MG TAB           ",NULL,NULL
"4729  ","IBUPROFEN 400MG TAB           ",NULL,NULL
"4730  ","IBUPROFEN 400MG TAB           ",NULL,NULL
"4731  ","IBUPROFEN 400MG TAB           ",NULL,NULL
"4732  ","IBUPROFEN 400MG TAB           ",NULL,NULL
"4733  ","IBUPROFEN 400MG TAB           ",NULL,NULL
"4734  ","IBUPROFEN 400MG TAB           ",NULL,NULL
"4735  ","IBUPROFEN 400MG TAB           ",ED3001EB,2026-08-30 00:00:00.000
"4736  ","IBUPROFEN 400MG TAB           ",NULL,NULL
"4737  ","IBUPROFEN 400MG.TAB           ",NULL,NULL
"4738  ","IBUPROFEN 400MG.TAB           ",NULL,NULL
"4739  ","IBUPROFEN 400MG.TAB           ",NULL,NULL
"4740  ","IBUPROFEN 400MG.TAB           ",NULL,NULL
"4741  ","IBUPROFEN 400MG.TAB*          ",NULL,NULL
"4742  ","IBUPROFEN F/C 200MG TAB       ",NULL,NULL
"4743  ","IBUPROFEN TAB                 ",NULL,NULL
"4744  ","IBUPROFEN TAB 200MG           ",NULL,NULL
"4745  ","IBUPROFEN TAB 400MG           ",NULL,NULL
"4746  ","IBUPROFEN TAB 400MG TAB       ",NULL,NULL
"4747  ","IBUPROFEN TAB I.P.200         ",NULL,NULL
"4748  ","IBUPROFEN-200MG. I.P*         ",NULL,NULL
"4749  ","IBUPROFEN-400MG TAB           ",NULL,NULL
"4750  ","IBUPROFEN-400MG TAB           ",NULL,NULL
"4751  ","IBUPROFENE 400MG TAB          ",NULL,NULL
"4752  ","IBUPROGEN 400MG TAB           ",AT-23210,2025-06-30 00:00:00.000
"4753  ","ICEPROT                       ",NULL,NULL
"4754  ","ICIN EYE DROP 5ML             ",NULL,NULL
"4755  ","ICIP-TZ TAB                   ",NULL,NULL
"4756  ","IDEAL WARNER CREPE 10CM       ",NULL,NULL
"4757  ","IDEAL WARNER CREPE 8CM        ",NULL,NULL
"4758  ","IFER XT TAB                   ",NULL,NULL
"4759  ","IKON PREG CARD                ",NULL,NULL
"4760  ","IKOPAR TAB 10`S               ",NULL,NULL
"4761  ","IMIXIM -LB                    ",NULL,NULL
"4762  ","IMROTAB-12 TAB                ",NULL,NULL
"4763  ","IMUNCEE TAB                   ",NULL,NULL
"4764  ","IN.CEFTRIWEL 1GM              ",NULL,NULL
"4765  ","INALGESIC MR  TAB             ",UDCT01,2024-04-30 00:00:00.000
"4766  ","INCET TAB                     ",ITU0726,2024-06-30 00:00:00.000
"4766  ","INCET TAB                     ",TIB240101,2026-12-31 00:00:00.000
"4767  ","INCET TAB (20 TAB)            ",TIB240101,2026-12-31 00:00:00.000
"4768  ","INDCLOX-LB CAP                ",NULL,NULL
"4769  ","INDEXA TAB                    ",NULL,NULL
"4770  ","INDOL (LOPRA)                 ",NULL,NULL
"4771  ","INDOMET CAP                   ",NULL,NULL
"4772  ","INDOMETASONE CAP              ",NULL,NULL
"4773  ","INDOMETHACIN 25MG TAB         ",NULL,NULL
"4774  ","INDOMETHACIN CAP              ",NULL,NULL
"4775  ","INDOMETHACINE CAP             ",C 395,2026-04-30 00:00:00.000
"4775  ","INDOMETHACINE CAP             ",C241,2025-04-30 00:00:00.000
"4776  ","INDOSHINE CAP                 ",NULL,NULL
"4777  ","INFANT FEEDINE TUBE NO.8*     ",NULL,NULL
"4778  ","INFECTO OINTMENT              ",NULL,NULL
"4779  ","INFLAM FORTE TAB              ",18-252,2026-10-30 00:00:00.000
"4780  ","INFLAMEK (IBU+PARA)TAB        ",NULL,NULL
"4781  ","INFRARED THERMOMETER AICARE   ",NULL,NULL
"4782  ","INFUSION MICRO DRIPSET        ",NULL,NULL
"4783  ","INFUSION SET                  ",NULL,NULL
"4784  ","INFUSION SET                  ",NULL,NULL
"4785  ","INFUSION SET                  ",MBL-270,2026-02-28 00:00:00.000
"4785  ","INFUSION SET                  ",MBL-278,2026-09-30 00:00:00.000
"4786  ","INFUSION SET                  ",HL-029,2027-03-30 00:00:00.000
"4786  ","INFUSION SET                  ",HT-88,2028-03-31 00:00:00.000
"4786  ","INFUSION SET                  ",IV-087,2026-12-31 00:00:00.000
"4787  ","INFUSION SET                  ",NULL,NULL
"4788  ","INFUSION SET                  ",TS445,2026-02-28 00:00:00.000
"4789  ","INFUSION SET                  ",NULL,NULL
"4790  ","INFUSION SET                  ",IV-087,2026-12-31 00:00:00.000
"4791  ","INFUSION SET                  ",NULL,NULL
"4792  ","INFUSION SET                  ",230604,2026-03-31 00:00:00.000
"4793  ","INFUSION SET                  ",NULL,NULL
"4794  ","INFUSION SET                  ",NULL,NULL
"4795  ","INFUSION SET                  ",HL-029,2027-03-30 00:00:00.000
"4795  ","INFUSION SET                  ",JMSI-05,2027-01-31 00:00:00.000
"4795  ","INFUSION SET                  ",JNSI-05,2027-01-31 00:00:00.000
"4795  ","INFUSION SET                  ",JNSI05,2027-01-31 00:00:00.000
"4796  ","INFUSION SET                  ",NULL,NULL
"4797  ","INFUSION SET                  ",NULL,NULL
"4798  ","INFUSION SET                  ",NULL,NULL
"4799  ","INFUSION SET                  ",23F24M8101,2026-05-31 00:00:00.000
"4799  ","INFUSION SET                  ",23G29M8101,2026-06-30 00:00:00.000
"4799  ","INFUSION SET                  ",23G29MB810,2025-06-30 00:00:00.000
"4799  ","INFUSION SET                  ",23M15M5101,2026-10-31 00:00:00.000
"4799  ","INFUSION SET                  ",23N27M8101,2026-05-31 00:00:00.000
"4799  ","INFUSION SET                  ",24A02M8101,2026-12-31 00:00:00.000
"4799  ","INFUSION SET                  ",24B14MB101,2027-01-31 00:00:00.000
"4800  ","INFUSION SET                  ",NULL,NULL
"4801  ","INFUSION SET                  ",NULL,NULL
"4802  ","INFUSION SET                  ",NULL,NULL
"4803  ","INFUSION SET                  ",NULL,NULL
"4804  ","INFUSION SET                  ",NULL,NULL
"4805  ","INFUSION SET                  ",22K310,2025-10-30 00:00:00.000
"4806  ","INFUSION SET                  ",NULL,NULL
"4807  ","INFUSION SET                  ",NULL,NULL
"4808  ","INFUSION SET                  ",SC-23220,2026-05-30 00:00:00.000
"4808  ","INFUSION SET                  ",SC-23274,2026-07-30 00:00:00.000
"4809  ","INFUSION SET                  ",NULL,NULL
"4810  ","INFUSION SET                  ",NULL,NULL
"4811  ","INFUSION SET                  ",NULL,NULL
"4812  ","INFUSION SET (BILSTER)        ",NULL,NULL
"4813  ","INFUSION SET (CADI V)         ",NULL,NULL
"4814  ","INFUSION SET (CONCEPT)        ",23D01,2026-03-31 00:00:00.000
"4815  ","INFUSION SET (ECO)            ",NULL,NULL
"4816  ","INFUSION SET (MEDIDRIP)       ",NULL,NULL
"4817  ","INFUSION SET CADI             ",NULL,NULL
"4818  ","INFUSION SET ECO-ONE          ",23D01,2026-03-31 00:00:00.000
"4819  ","INFUSION SET ROMSON           ",G23J020794,2028-09-30 00:00:00.000
"4819  ","INFUSION SET ROMSON           ",G23L020900,2028-11-30 00:00:00.000
"4819  ","INFUSION SET ROMSON           ",G24A020877,2028-12-31 00:00:00.000
"4820  ","INFUSION SET S&S              ",SC-22014,2024-12-31 00:00:00.000
"4820  ","INFUSION SET S&S              ",SC-23045,2026-01-31 00:00:00.000
"4820  ","INFUSION SET S&S              ",SC-23274,2026-07-30 00:00:00.000
"4821  ","INFUSION SET VETKOR-E         ",NULL,NULL
"4822  ","INFUSION SET VETKOR-R         ",NULL,NULL
"4823  ","INFUSION SET(GREEN)           ",NULL,NULL
"4824  ","INFUSION SET(MAGAW)           ",NULL,NULL
"4825  ","INFUSION SET(SAFTI-NV)        ",NULL,NULL
"4826  ","INFUSION SET-PROTOS           ",NULL,NULL
"4827  ","INFUSION SETS                 ",NULL,NULL
"4828  ","INHALIN CAP                   ",NULL,NULL
"4829  ","INJ. AVIL`RC`                 ",NULL,NULL
"4830  ","INJ. CEFONE-SB 1.5MG.         ",NULL,NULL
"4831  ","INJ. CYCLOPAM                 ",NULL,NULL
"4832  ","INJ. DEXAMETHASONE            ",NULL,NULL
"4833  ","INJ. DICLO(FENAK)             ",NULL,NULL
"4834  ","INJ. H-CALVIT                 ",NULL,NULL
"4835  ","INJ. HELIFOL                  ",NULL,NULL
"4836  ","INJ. TETANUS TOXOID           ",NULL,NULL
"4837  ","INJ. VENPAR-75                ",NULL,NULL
"4838  ","INJ. VENVIT*                  ",NULL,NULL
"4839  ","INJ. WOCAINE 2%               ",NULL,NULL
"4840  ","INJ.3-D(DICLO)                ",NULL,NULL
"4841  ","INJ.3D FLAM                   ",DF23007LFR,2025-09-30 00:00:00.000
"4841  ","INJ.3D FLAM                   ",DF23007LR,2025-09-30 00:00:00.000
"4842  ","INJ.AARDEX (DEXA)2ML          ",NULL,NULL
"4843  ","INJ.AARXONE-SB                ",NULL,NULL
"4844  ","INJ.ACTILOC (RANTAC)          ",NULL,NULL
"4845  ","INJ.ACTIVA 3ML                ",NULL,NULL
"4846  ","INJ.ACTIVA(DICLO 1ML)         ",NULL,NULL
"4847  ","INJ.AEKNIL                    ",NULL,NULL
"4848  ","INJ.AEKNIL (PARA 150)         ",NULL,NULL
"4849  ","INJ.AFDCAIN 2%                ",NULL,NULL
"4850  ","INJ.AFDCORT-T                 ",V3TA094,2025-09-30 00:00:00.000
"4850  ","INJ.AFDCORT-T                 ",V3TA09A,2025-09-30 00:00:00.000
"4851  ","INJ.AGIGENTA                  ",NULL,NULL
"4852  ","INJ.ALBEFENAC 1ML             ",D22AM314,2024-10-30 00:00:00.000
"4853  ","INJ.ALBEFENAC 3ML             ",D24AM091,2026-02-28 00:00:00.000
"4854  ","INJ.ALBEMETH PLUS             ",NULL,NULL
"4855  ","INJ.ALBISONE 100ML            ",NULL,NULL
"4856  ","INJ.ALDIGESIC                 ",NULL,NULL
"4857  ","INJ.ALFAKIM                   ",NULL,NULL
"4858  ","INJ.ALKEM DEXA                ",NULL,NULL
"4859  ","INJ.ALKEM GENTA               ",NULL,NULL
"4860  ","INJ.ALKOMIDE(META)            ",NULL,NULL
"4861  ","INJ.AMCIN 500MG               ",AH22003,2024-08-30 00:00:00.000
"4861  ","INJ.AMCIN 500MG               ",LV21001,2023-04-30 00:00:00.000
"4862  ","INJ.AMEE-500                  ",NULL,NULL
"4863  ","INJ.AMIJEET 500MG             ",NULL,NULL
"4864  ","INJ.AMIKA-500                 ",NULL,NULL
"4865  ","INJ.AMIKAA-500                ",NULL,NULL
"4866  ","INJ.AMIKABLAST-500            ",NULL,NULL
"4867  ","INJ.AMIKACIN                  ",NULL,NULL
"4868  ","INJ.AMIKACIN                  ",NULL,NULL
"4869  ","INJ.AMIKACIN 500MG            ",NULL,NULL
"4870  ","INJ.AMIKACIN SULPHATE         ",NULL,NULL
"4871  ","INJ.AMIKACIN SULPHATE I.P.    ",NULL,NULL
"4872  ","INJ.AMIKOR-500MG              ",NULL,NULL
"4873  ","INJ.AMILAB                    ",NULL,NULL
"4874  ","INJ.AMINOMYCIN (GENTAMICIN)   ",NULL,NULL
"4875  ","INJ.AMINOPHYLLIN              ",NULL,NULL
"4876  ","INJ.AMINOPHYLLINE             ",NULL,NULL
"4877  ","INJ.AMITAS 500MG              ",NULL,NULL
"4878  ","INJ.AMITAS-500                ",NULL,NULL
"4879  ","INJ.AMITOP-500                ",NULL,NULL
"4880  ","INJ.AMIZ 500MG                ",NULL,NULL
"4881  ","INJ.AMPIKWIK                  ",NULL,NULL
"4882  ","INJ.AMPWIN 500MG              ",NULL,NULL
"4883  ","INJ.ANAQUIN                   ",NULL,NULL
"4884  ","INJ.ANGEDEX                   ",NULL,NULL
"4885  ","INJ.ANGEDEX                   ",NULL,NULL
"4886  ","INJ.ANGEVIT                   ",NULL,NULL
"4887  ","INJ.ANMIKAL-500               ",NULL,NULL
"4888  ","INJ.ANTEC (RANI)              ",NULL,NULL
"4889  ","INJ.ANTEK                     ",NULL,NULL
"4890  ","INJ.ANTEK                     ",NULL,NULL
"4891  ","INJ.APR DICYCLOMINE           ",NULL,NULL
"4892  ","INJ.AQUAGESIC                 ",NULL,NULL
"4893  ","INJ.ARICENT (AVIL)            ",NULL,NULL
"4894  ","INJ.AROFEN                    ",NULL,NULL
"4895  ","INJ.AROFEN                    ",NULL,NULL
"4896  ","INJ.AROFEN                    ",NULL,NULL
"4897  ","INJ.AROFEN 3ML                ",NULL,NULL
"4898  ","INJ.AROFEN 3ML                ",NULL,NULL
"4899  ","INJ.ARTELYN 60MG              ",NULL,NULL
"4900  ","INJ.ARTEMAK PL 2ML            ",NULL,NULL
"4901  ","INJ.ARTEMAK-AB                ",NULL,NULL
"4902  ","INJ.ARTEROSS I.V              ",NULL,NULL
"4903  ","INJ.ARTEZEM                   ",NULL,NULL
"4904  ","INJ.ARTIFIT                   ",NULL,NULL
"4905  ","INJ.ARTILIFE                  ",NULL,NULL
"4906  ","INJ.ASHMET (METRO)            ",12337,2025-11-30 00:00:00.000
"4906  ","INJ.ASHMET (METRO)            ",A2337,2025-11-30 00:00:00.000
"4907  ","INJ.ASPRO AQ 1ML              ",NULL,NULL
"4908  ","INJ.ATROPIN SULPHATE          ",NULL,NULL
"4909  ","INJ.AUGMED  1.2GM             ",NULL,NULL
"4910  ","INJ.AUTONEC                   ",NULL,NULL
"4911  ","INJ.AUTONEC                   ",NULL,NULL
"4912  ","INJ.AVIL `RC`                 ",2124074,2027-01-31 00:00:00.000
"4913  ","INJ.AVIL AMPOULES             ",NULL,NULL
"4914  ","INJ.AVILIN                    ",NULL,NULL
"4915  ","INJ.AXONE                     ",NULL,NULL
"4916  ","INJ.AXONE SB                  ",NULL,NULL
"4917  ","INJ.AYCIN 500MG               ",NULL,NULL
"4918  ","INJ.AYCIN 500MG.(AMIKACIN)    ",NULL,NULL
"4919  ","INJ.B-COBAL                   ",NULL,NULL
"4920  ","INJ.B-THER                    ",NULL,NULL
"4921  ","INJ.B-VIT 12                  ",NULL,NULL
"4922  ","INJ.B.C.(PHARMALEX)           ",NULL,NULL
"4923  ","INJ.B.V.I(M.V.I)              ",NULL,NULL
"4924  ","INJ.BECOFOL                   ",2376,2025-08-30 00:00:00.000
"4925  ","INJ.BECOMED                   ",NULL,NULL
"4926  ","INJ.BECOMPLEX(MBPLEX)         ",22-23,2024-09-30 00:00:00.000
"4927  ","INJ.BECOPANE                  ",NULL,NULL
"4928  ","INJ.BECOPEX-R                 ",NULL,NULL
"4929  ","INJ.BEPLEX                    ",NULL,NULL
"4930  ","INJ.BETAZEN(BLS)              ",NULL,NULL
"4931  ","INJ.BETNESOL                  ",NULL,NULL
"4932  ","INJ.BETNI                     ",NULL,NULL
"4933  ","INJ.BETT 0.5ML AMP            ",NULL,NULL
"4934  ","INJ.BIOCAINE 2% 30ML          ",NULL,NULL
"4935  ","INJ.BIOCENT(B.C)              ",LT-33,2024-12-31 00:00:00.000
"4935  ","INJ.BIOCENT(B.C)              ",LT2VB03,2025-04-30 00:00:00.000
"4936  ","INJ.BIOPLEX FORTE             ",NULL,NULL
"4937  ","INJ.BIOTYPH 2.5ML             ",NULL,NULL
"4938  ","INJ.BISCOPIN                  ",NULL,NULL
"4939  ","INJ.BISCOTAS                  ",NULL,NULL
"4940  ","INJ.BRALSPAS (DICYCLO)        ",NULL,NULL
"4941  ","INJ.BROMOL                    ",NULL,NULL
"4942  ","INJ.BUSCOGAST                 ",NULL,NULL
"4943  ","INJ.BUSCOPAN                  ",NULL,NULL
"4944  ","INJ.BVEEEPLEX                 ",NULL,NULL
"4945  ","INJ.C-ONE 1000MG              ",NULL,NULL
"4946  ","INJ.C.NOVA SB                 ",NULL,NULL
"4947  ","INJ.C.P.HIST(CPM)             ",NULL,NULL
"4948  ","INJ.C.P.M                     ",NULL,NULL
"4949  ","INJ.C.P.M                     ",NULL,NULL
"4950  ","INJ.C.P.M                     ",NULL,NULL
"4951  ","INJ.C.Q (CHLOROQUINE)         ",NULL,NULL
"4952  ","INJ.CADABOLIC 50MG            ",NULL,NULL
"4953  ","INJ.CADCORT                   ",GBR0479,2025-06-30 00:00:00.000
"4954  ","INJ.CADFOL-S (IRONSUCROSS)    ",NULL,NULL
"4955  ","INJ.CADICEFT 1GM              ",F300516,2025-05-31 00:00:00.000
"4956  ","INJ.CADICEFT-SB               ",NULL,NULL
"4957  ","INJ.CADIQUIN                  ",NULL,NULL
"4958  ","INJ.CAFZONE (WFI)             ",CI001401C,2025-12-31 00:00:00.000
"4959  ","INJ.CAL D3                    ",NULL,NULL
"4960  ","INJ.CALBERT 6L                ",D22AM384,2024-11-30 00:00:00.000
"4961  ","INJ.CALBLIS-12                ",NULL,NULL
"4962  ","INJ.CALCIUM CLUCONATE         ",NULL,NULL
"4963  ","INJ.CALCIUM CLUCONATE I.P     ",NULL,NULL
"4964  ","INJ.CALCIUM CLUCONATE I.P     ",CG-878,2026-02-28 00:00:00.000
"4965  ","INJ.CALCIUM CULCONATE I.P     ",NULL,NULL
"4966  ","INJ.CALCIUM GLUCONATE         ",NULL,NULL
"4967  ","INJ.CALCIUM GLUCONATE         ",NULL,NULL
"4968  ","INJ.CALCIUM GLUCONATE         ",NULL,NULL
"4969  ","INJ.CALCIUM GLUCONATE I.P     ",NULL,NULL
"4970  ","INJ.CALCIUM GLUCONATE.I.P     ",NULL,NULL
"4971  ","INJ.CALCIUM GLYCONATE         ",CG-868,2025-08-30 00:00:00.000
"4971  ","INJ.CALCIUM GLYCONATE         ",CG-875,2025-12-31 00:00:00.000
"4971  ","INJ.CALCIUM GLYCONATE         ",CG-878,2026-02-28 00:00:00.000
"4971  ","INJ.CALCIUM GLYCONATE         ",CG/867,2025-07-30 00:00:00.000
"4972  ","INJ.CALVEE-G 10ML             ",NULL,NULL
"4973  ","INJ.CALVIT                    ",NULL,NULL
"4974  ","INJ.CB-PLEX                   ",NULL,NULL
"4975  ","INJ.CEEQUIN 30ML              ",ICQE303,2025-04-30 00:00:00.000
"4976  ","INJ.CEFAPRO 1GM               ",NULL,NULL
"4977  ","INJ.CEFKOPERAZONE-SB 1GM      ",NULL,NULL
"4978  ","INJ.CEFLOVID SB 1.5GM         ",NULL,NULL
"4979  ","INJ.CEFOMARK-SB               ",NULL,NULL
"4980  ","INJ.CEFONE 1.0 MG.            ",NULL,NULL
"4981  ","INJ.CEFONE 1000MG             ",NULL,NULL
"4982  ","INJ.CEFONE SB 1.5GM           ",NULL,NULL
"4983  ","INJ.CEFONE-SB 1.5MG           ",NULL,NULL
"4984  ","INJ.CEFONE-SB 750MG.          ",NULL,NULL
"4985  ","INJ.CEFPRAZ-S 1.5 GMS         ",NULL,NULL
"4986  ","INJ.CEFROS-S 1.5              ",NULL,NULL
"4987  ","INJ.CEFTAPLAY-1000            ",NULL,NULL
"4988  ","INJ.CEFTRIWEL 1GM             ",NULL,NULL
"4989  ","INJ.CEFX-O 1000               ",NULL,NULL
"4990  ","INJ.CEFZONE (WFI)             ",NULL,NULL
"4991  ","INJ.CEFZONE-S                 ",NULL,NULL
"4992  ","INJ.CELECORT                  ",NULL,NULL
"4993  ","INJ.CFEICURE 1.5GMS           ",NULL,NULL
"4994  ","INJ.CHINSUNATE                ",NULL,NULL
"4995  ","INJ.CHLOR-MB (CPM)            ",NULL,NULL
"4996  ","INJ.CHLOROQUIN                ",NULL,NULL
"4997  ","INJ.CHLOROQUINE 30ML 5%       ",NULL,NULL
"4998  ","INJ.CHLOROQUINE PHOSPHATE     ",NULL,NULL
"4999  ","INJ.CHLOROQUINE PHOSPHATE     ",NULL,NULL
"5000  ","INJ.CHLOROQUINE(CONQUIN)      ",NULL,NULL
"5001  ","INJ.CHLORPHENIRAMINE MALEATE  ",NULL,NULL
"5002  ","INJ.CHLORPHENIRAMINE MALEATE  ",NULL,NULL
"5003  ","INJ.CHLORPHENIRAMINE MALEATE  ",NULL,NULL
"5004  ","INJ.CHLORPHENIRAMINE MALEATE  ",NULL,NULL
"5005  ","INJ.CHLORPHENIRAMINE MALEATE* ",NULL,NULL
"5006  ","INJ.CHLORPHENIRMINE           ",NULL,NULL
"5007  ","INJ.CHLORQUINE PHOSP.         ",NULL,NULL
"5008  ","INJ.CHLORQUINE PHOSPHATE      ",NULL,NULL
"5009  ","INJ.CL CPM                    ",CP-23009,2025-10-30 00:00:00.000
"5010  ","INJ.CLAVMENTIN 1.2GM          ",NULL,NULL
"5011  ","INJ.CMINE                     ",NULL,NULL
"5012  ","INJ.COMBIKIT 12               ",A2312439,2025-06-30 00:00:00.000
"5012  ","INJ.COMBIKIT 12               ",A2412554,2026-01-31 00:00:00.000
"5013  ","INJ.COMBIVIT(B.C)             ",NULL,NULL
"5014  ","INJ.CONCORT-40                ",NULL,NULL
"5015  ","INJ.CONPLEX                   ",BC-23013,2025-05-30 00:00:00.000
"5015  ","INJ.CONPLEX                   ",P23L053,2025-04-30 00:00:00.000
"5016  ","INJ.CONTIFRENCH               ",G3HS05A,2025-10-30 00:00:00.000
"5017  ","INJ.CORTILUP(HYDROCOTISONE)   ",NULL,NULL
"5018  ","INJ.CPDER(CPM)                ",NULL,NULL
"5019  ","INJ.CPM                       ",P22L240,2024-10-30 00:00:00.000
"5020  ","INJ.CPM                       ",NULL,NULL
"5021  ","INJ.CPM                       ",LT2CP01,2025-11-30 00:00:00.000
"5022  ","INJ.CPM                       ",NULL,NULL
"5023  ","INJ.CPM                       ",NULL,NULL
"5024  ","INJ.CVEEQUIN                  ",NULL,NULL
"5025  ","INJ.CYANKOP                   ",NULL,NULL
"5026  ","INJ.CYANO PLUS                ",NULL,NULL
"5027  ","INJ.CYANO-500MG               ",NULL,NULL
"5028  ","INJ.CYANOCENT                 ",NULL,NULL
"5029  ","INJ.CYANOCOBALAMIN            ",NULL,NULL
"5030  ","INJ.CYANOCOBALAMIN            ",NULL,NULL
"5031  ","INJ.CYANOCOBALAMIN            ",NULL,NULL
"5032  ","INJ.CYANOKING                 ",NULL,NULL
"5033  ","INJ.CYANOMEX                  ",NULL,NULL
"5034  ","INJ.CYCLOLIN-M(DICYCLO)       ",NULL,NULL
"5035  ","INJ.CYCLOPAM                  ",NULL,NULL
"5036  ","INJ.CYNACOBALAMIN             ",NULL,NULL
"5037  ","INJ.CYNO(CYANOCOBALAMIN)      ",NULL,NULL
"5038  ","INJ.CYNOCOBALMINE             ",NULL,NULL
"5039  ","INJ.CYNODER                   ",NULL,NULL
"5040  ","INJ.CYNOLIFE                  ",EL-22,2025-01-31 00:00:00.000
"5041  ","INJ.CYNOVEE                   ",NULL,NULL
"5042  ","INJ.CYNOVIT                   ",NULL,NULL
"5043  ","INJ.CYPICOBALAMIN             ",NULL,NULL
"5044  ","INJ.D.CAL                     ",NULL,NULL
"5045  ","INJ.D.D.CO-100                ",NULL,NULL
"5046  ","INJ.D.D.CO-50                 ",NULL,NULL
"5047  ",INJ.DALCINEX 4ML(CLINDAMYCINE),NULL,NULL
"5048  ","INJ.DAVIBACTUM 1.5GM          ",NULL,NULL
"5049  ","INJ.DAVIBACTUM 1GM            ",NULL,NULL
"5050  ","INJ.DD 25                     ",NULL,NULL
"5051  ","INJ.DD CO 100                 ",NULL,NULL
"5052  ","INJ.DD CO 50                  ",NULL,NULL
"5053  ","INJ.DD MORE 25                ",NULL,NULL
"5054  ","INJ.DD MUST 100               ",23NI0610,2025-05-31 00:00:00.000
"5055  ","INJ.DD-MORE-100               ",NULL,NULL
"5056  ","INJ.DDMUST 50                 ",NULL,NULL
"5057  ","INJ.DEAMETHASONE              ",NULL,NULL
"5058  ","INJ.DEBEBOLIN 25MG            ",NULL,NULL
"5059  ","INJ.DEC-TOUCH 50              ",NULL,NULL
"5060  ","INJ.DECA EUROBOLIN 50         ",NULL,NULL
"5061  ","INJ.DECA-INTABOIN-50          ",NULL,NULL
"5062  ","INJ.DECAMYCIN                 ",NULL,NULL
"5063  ","INJ.DECAMYCIN                 ",NULL,NULL
"5064  ","INJ.DECANANDROBOL 50MG        ",NULL,NULL
"5065  ","INJ.DECARIN-100               ",NULL,NULL
"5066  ","INJ.DECATROLIN-50             ",NULL,NULL
"5067  ","INJ.DECAZONE                  ",NULL,NULL
"5068  ","INJ.DECAZONE                  ",NULL,NULL
"5069  ","INJ.DECIFEN 3ML               ",AGDN-42,2025-08-30 00:00:00.000
"5070  ","INJ.DECONAN 50                ",NULL,NULL
"5071  ","INJ.DEDEBOLIN 25              ",NULL,NULL
"5072  ","INJ.DEEXALIFE                 ",NULL,NULL
"5073  ","INJ.DELIN                     ",NULL,NULL
"5074  ","INJ.DERICOL                   ",NULL,NULL
"5075  ","INJ.DERIPHYLLIN AMP           ",N301422,2027-10-30 00:00:00.000
"5076  ","INJ.DERITARD 2ML              ",NULL,NULL
"5077  ","INJ.DEXA                      ",NULL,NULL
"5078  ","INJ.DEXA 20ML.                ",NULL,NULL
"5079  ","INJ.DEXA(ANGEDEX)             ",NULL,NULL
"5080  ","INJ.DEXA(MERIDECA)            ",NULL,NULL
"5081  ","INJ.DEXA(MERIDECA)(WOKD)      ",NULL,NULL
"5082  ","INJ.DEXA.                     ",NULL,NULL
"5083  ","INJ.DEXACEPT                  ",NULL,NULL
"5084  ","INJ.DEXACIP                   ",NULL,NULL
"5085  ","INJ.DEXACLAN 30ML             ",NULL,NULL
"5086  ","INJ.DEXACON                   ",NULL,NULL
"5087  ","INJ.DEXACOR                   ",NULL,NULL
"5088  ","INJ.DEXACOR-2ML               ",NULL,NULL
"5089  ","INJ.DEXADER                   ",HLI299B,2026-01-31 00:00:00.000
"5089  ","INJ.DEXADER                   ",HM1035,2025-09-30 00:00:00.000
"5090  ","INJ.DEXADRAN                  ",NULL,NULL
"5091  ","INJ.DEXADRAN                  ",NULL,NULL
"5092  ","INJ.DEXAFEB                   ",1031,2025-12-31 00:00:00.000
"5093  ","INJ.DEXAGEE                   ",NULL,NULL
"5094  ","INJ.DEXAGEE                   ",NULL,NULL
"5095  ","INJ.DEXAGEE                   ",NULL,NULL
"5096  ","INJ.DEXAGEE                   ",NULL,NULL
"5097  ","INJ.DEXAKOP                   ",NULL,NULL
"5098  ","INJ.DEXALAB                   ",NULL,NULL
"5099  ","INJ.DEXALAB                   ",NULL,NULL
"5100  ","INJ.DEXALIFE                  ",NULL,NULL
"5101  ","INJ.DEXALIFE                  ",NULL,NULL
"5102  ","INJ.DEXAMETHASONE             ",NULL,NULL
"5103  ","INJ.DEXAMETHASONE             ",NULL,NULL
"5104  ","INJ.DEXAMETHASONE             ",NULL,NULL
"5105  ","INJ.DEXAMETHASONE             ",NULL,NULL
"5106  ","INJ.DEXAMETHASONE             ",NULL,NULL
"5107  ","INJ.DEXAMETHASONE             ",NULL,NULL
"5108  ","INJ.DEXAMETHASONE             ",NULL,NULL
"5109  ","INJ.DEXAMETHASONE SOD,.       ",NULL,NULL
"5110  ","INJ.DEXAMETHASONE(DECAM)      ",NULL,NULL
"5111  ","INJ.DEXAMETHASONE(WEXOL)      ",NULL,NULL
"5112  ","INJ.DEXAN                     ",NULL,NULL
"5113  ","INJ.DEXARID                   ",NULL,NULL
"5114  ","INJ.DEXASOL                   ",NULL,NULL
"5115  ","INJ.DEXASONE 20ML             ",NULL,NULL
"5116  ","INJ.DEXASPAN                  ",NULL,NULL
"5117  ","INJ.DEXASWIFT                 ",NULL,NULL
"5118  ","INJ.DEXAVEE                   ",NULL,NULL
"5119  ","INJ.DEXJOHN                   ",NULL,NULL
"5120  ","INJ.DEXON                     ",NULL,NULL
"5121  ","INJ.DEXOT                     ",NULL,NULL
"5122  ","INJ.DEXRA 2ML                 ",NULL,NULL
"5123  ","INJ.DIAZEPAM                  ",NULL,NULL
"5124  ","INJ.DIAZEPAM I.P              ",NULL,NULL
"5125  ","INJ.DICLO                     ",NULL,NULL
"5126  ","INJ.DICLO 12%                 ",NULL,NULL
"5127  ","INJ.DICLO AMP                 ",NULL,NULL
"5128  ","INJ.DICLO AQUA                ",NULL,NULL
"5129  ","INJ.DICLO(AGIFLAM)            ",NULL,NULL
"5130  ","INJ.DICLO(AROFEN)             ",NULL,NULL
"5131  ","INJ.DICLO(KOFEN)              ",NULL,NULL
"5132  ","INJ.DICLO(VALFEN)             ",NULL,NULL
"5133  ","INJ.DICLOFAM PF               ",NULL,NULL
"5134  ","INJ.DICLOFAN AQ               ",NULL,NULL
"5135  ","INJ.DICLOFENAC                ",NULL,NULL
"5136  ","INJ.DICLOFENAC                ",NULL,NULL
"5137  ","INJ.DICLOFENAC                ",NULL,NULL
"5138  ","INJ.DICLOFENAC 3ML            ",NULL,NULL
"5139  ","INJ.DICLOFENAC(FENAK)         ",NULL,NULL
"5140  ","INJ.DICLOKEM 3ML              ",NULL,NULL
"5141  ","INJ.DICLOSTAR                 ",NULL,NULL
"5142  ","INJ.DICLOTAS                  ",NULL,NULL
"5143  ","INJ.DICLOTAS                  ",NULL,NULL
"5144  ","INJ.DICLOZEN                  ",NULL,NULL
"5145  ","INJ.DICLY                     ",NULL,NULL
"5146  ","INJ.DICMED                    ",NULL,NULL
"5147  ","INJ.DICOLIV                   ",NULL,NULL
"5148  ","INJ.DICYCLOMINE               ",NULL,NULL
"5149  ","INJ.DICYCLOMINE               ",NULL,NULL
"5150  ","INJ.DICYCLOMINE HCL           ",NULL,NULL
"5151  ","INJ.DICYCLOMINE HCL U.S.P     ",CL010124,2025-06-30 00:00:00.000
"5151  ","INJ.DICYCLOMINE HCL U.S.P     ",CLO010923,2025-02-28 00:00:00.000
"5152  ","INJ.DIKLOFLAME                ",NULL,NULL
"5153  ","INJ.DIKLOTAS                  ",NULL,NULL
"5154  ","INJ.DJPLEX(B.C)               ",NULL,NULL
"5155  ","INJ.DOLOKOP(PIROXYCAM)        ",NULL,NULL
"5156  ","INJ.DOTMOL(PARA-75)           ",NULL,NULL
"5157  ","INJ.DURADEC 100MG             ",NULL,NULL
"5158  ","INJ.DURADEC 50MG              ",NULL,NULL
"5159  ","INJ.DURADEC-25MG.             ",NULL,NULL
"5160  ","INJ.DXN (DEXA)                ",NULL,NULL
"5161  ","INJ.DYNAPAR AQ                ",NULL,NULL
"5162  ","INJ.DYNAPAR AQ                ",NULL,NULL
"5163  ","INJ.DYPEN-AQ                  ",NULL,NULL
"5164  ","INJ.EASYFIVE PRE FILLED SYRIN ",NULL,NULL
"5165  ","INJ.EASYFOUR PRE FILLED SY    ",NULL,NULL
"5166  ","INJ.EFECTAL                   ",NULL,NULL
"5167  ","INJ.EL-ZIRKOVITA-12           ",IEZ-11097,2026-04-30 00:00:00.000
"5168  ","INJ.ELBION                    ",23GPI101,2025-07-30 00:00:00.000
"5168  ","INJ.ELBION                    ",BEE-01,2026-01-31 00:00:00.000
"5169  ","INJ.ELDERVIT.12               ",NULL,NULL
"5170  ","INJ.EMATOL (TRAMADOL)         ",NULL,NULL
"5171  ","INJ.EMATOL 2ML.               ",NULL,NULL
"5172  ","INJ.EMCEF (ONDEM)             ",NULL,NULL
"5173  ","INJ.EMENORM(META)             ",NULL,NULL
"5174  ","INJ.EMERAN(ONDEM)             ",NULL,NULL
"5175  ","INJ.EMSYL 2ML                 ",NULL,NULL
"5176  ","INJ.EMVIL(AVIL)               ",HL2PM-01,2025-08-30 00:00:00.000
"5176  ","INJ.EMVIL(AVIL)               ",HL2PM-02,2025-12-31 00:00:00.000
"5177  ","INJ.ENDOMULTI AMP             ",NULL,NULL
"5178  ","INJ.ENDOPLEX(VITA.B.COM)      ",NULL,NULL
"5179  ","INJ.ENDPLEX(VITA B.COM)*      ",NULL,NULL
"5180  ","INJ.ENFLAM-AQ                 ",NULL,NULL
"5181  ","INJ.ETHAMSYLATE               ",NULL,NULL
"5182  ","INJ.EUDEXA                    ",NULL,NULL
"5183  ","INJ.EVERAN AQ                 ",NULL,NULL
"5184  ","INJ.EVERAN PLUS               ",EL-14,2024-05-30 00:00:00.000
"5185  ","INJ.FABRIMOL-75(PARA)         ",NULL,NULL
"5186  ","INJ.FABRIMOL-75(PARA)         ",NULL,NULL
"5187  ","INJ.FABRIMOL-75(PARA)*        ",NULL,NULL
"5188  ","INJ.FALARCIN                  ",NULL,NULL
"5189  ","INJ.FALCIART                  ",NULL,NULL
"5190  ","INJ.FALCICURE 150             ",A2401-09B,2025-12-31 00:00:00.000
"5191  ","INJ.FALCIMETHER               ",NULL,NULL
"5192  ","INJ.FALCIMETHER(HOSPITAL)     ",NULL,NULL
"5193  ","INJ.FALCINOVA                 ",NULL,NULL
"5194  ","INJ.FALCITHER                 ",NULL,NULL
"5195  ","INJ.FEBRINIL                  ",NULL,NULL
"5196  ","INJ.FENAC(DICLO.SOD)*         ",NULL,NULL
"5197  ","INJ.FENAK                     ",NULL,NULL
"5198  ","INJ.FENAK(DICLO)              ",NULL,NULL
"5199  ","INJ.FENCO (DICLO)             ",NULL,NULL
"5200  ","INJ.FRUSIZEX                  ",NULL,NULL
"5201  ","INJ.GASLOC(RANTIDI)           ",NULL,NULL
"5202  ","INJ.GEAGERN 2ML AMP           ",NULL,NULL
"5203  ","INJ.GEFNEC.(DICLO)            ",NULL,NULL
"5204  ","INJ.GEMWELL D3                ",NULL,NULL
"5205  ","INJ.GENBIOTIC-80(GENTAMICIN)  ",NULL,NULL
"5206  ","INJ.GENEVAC-B(HEPATITIS B)    ",NULL,NULL
"5207  ","INJ.GENKA                     ",NULL,NULL
"5208  ","INJ.GENTA                     ",NULL,NULL
"5209  ","INJ.GENTA                     ",NULL,NULL
"5210  ","INJ.GENTA                     ",NULL,NULL
"5211  ","INJ.GENTA (GENDOT)            ",NULL,NULL
"5212  ","INJ.GENTA(AMINIMYCIN)         ",NULL,NULL
"5213  ","INJ.GENTA(MAGENTA)            ",NULL,NULL
"5214  ","INJ.GENTA(MAGENTA)            ",NULL,NULL
"5215  ","INJ.GENTA(RANBIUOTIC)         ",NULL,NULL
"5216  ","INJ.GENTA(S-GENTA)            ",NULL,NULL
"5217  ","INJ.GENTABAND                 ",NULL,NULL
"5218  ","INJ.GENTACENT                 ",NULL,NULL
"5219  ","INJ.GENTACIP(CIPLA)           ",NULL,NULL
"5220  ","INJ.GENTACON                  ",NULL,NULL
"5221  ","INJ.GENTACOR                  ",NULL,NULL
"5222  ","INJ.GENTADER                  ",HLI116A,2025-12-31 00:00:00.000
"5222  ","INJ.GENTADER                  ",HLI287B,2026-01-31 00:00:00.000
"5222  ","INJ.GENTADER                  ",HLI424D,2026-03-31 00:00:00.000
"5223  ","INJ.GENTAMAX                  ",NULL,NULL
"5224  ","INJ.GENTAMCYINE(WEMYCINE)     ",NULL,NULL
"5225  ","INJ.GENTAMICIN                ",NULL,NULL
"5226  ","INJ.GENTAMICIN                ",NULL,NULL
"5227  ","INJ.GENTAMICIN 20ML           ",NULL,NULL
"5228  ","INJ.GENTAMICIN IP.20ML*       ",NULL,NULL
"5229  ","INJ.GENTAMICIN(GERMENTA)      ",NULL,NULL
"5230  ","INJ.GENTAMICIN(RANIBIOTOC)    ",NULL,NULL
"5231  ","INJ.GENTAMICIN(UNIGENTA)      ",NULL,NULL
"5232  ","INJ.GENTAMYCIN                ",NULL,NULL
"5233  ","INJ.GENTAMYCIN                ",MB23GQ-01,2026-02-28 00:00:00.000
"5233  ","INJ.GENTAMYCIN                ",MB2GQ-01,2026-02-28 00:00:00.000
"5233  ","INJ.GENTAMYCIN                ",MB2GQ-02,2026-02-28 00:00:00.000
"5234  ","INJ.GENTAMYCIN                ",NULL,NULL
"5235  ","INJ.GENTAMYCINE               ",NULL,NULL
"5236  ","INJ.GENTAS                    ",NULL,NULL
"5237  ","INJ.GENTAS                    ",NULL,NULL
"5238  ","INJ.GENTASWIFT                ",NULL,NULL
"5239  ","INJ.GENTATOP                  ",NULL,NULL
"5240  ","INJ.GENTAVEE                  ",NULL,NULL
"5241  ","INJ.GENTAVEE-80 (NEW)         ",NULL,NULL
"5242  ","INJ.GENTLEY                   ",NULL,NULL
"5243  ","INJ.GENTON                    ",NULL,NULL
"5244  ","INJ.GENTONA                   ",NULL,NULL
"5245  ","INJ.GENVAC-B                  ",NULL,NULL
"5246  ","INJ.GERAGEN                   ",NULL,NULL
"5247  ","INJ.GERAGEN 2ML AMP           ",NULL,NULL
"5248  ","INJ.GERMENTA                  ",NULL,NULL
"5249  ","INJ.GERMENTA                  ",NULL,NULL
"5250  ","INJ.GERNOCAINE-2%             ",NULL,NULL
"5251  ","INJ.GERTAC                    ",NULL,NULL
"5252  ","INJ.GLOWBERT 5ML              ",NULL,NULL
"5253  ","INJ.GLOWGENTA                 ",NULL,NULL
"5254  ","INJ.GOPIBION                  ",NULL,NULL
"5255  ","INJ.H-B12(CYNO)               ",HL2CH-01,2025-08-30 00:00:00.000
"5255  ","INJ.H-B12(CYNO)               ",SCY-09,2025-08-30 00:00:00.000
"5256  ","INJ.H-CAL-12                  ",NULL,NULL
"5257  ","INJ.H-CAL-D                   ",NULL,NULL
"5258  ","INJ.H-CALVIT                  ",NULL,NULL
"5259  ","INJ.H-CALVIT                  ",HL2CVD-01,2025-12-31 00:00:00.000
"5259  ","INJ.H-CALVIT                  ",JL-05,2025-06-30 00:00:00.000
"5260  ","INJ.H-CPM                     ",HL-13,2025-05-31 00:00:00.000
"5260  ","INJ.H-CPM                     ",HL2CP-01,2026-01-31 00:00:00.000
"5261  ","INJ.H-CROM                    ",NULL,NULL
"5262  ","INJ.H-DEXAMETHASONE           ",HL2DF-01,2025-11-30 00:00:00.000
"5262  ","INJ.H-DEXAMETHASONE           ",HL2DF-03,2026-02-28 00:00:00.000
"5263  ","INJ.H-DICYCLOMINE             ",HL-03,2025-02-28 00:00:00.000
"5264  ","INJ.H-M.V.I(MULITIVITAMIN)    ",NULL,NULL
"5265  ","INJ.H-MOL 150MG               ",NULL,NULL
"5266  ","INJ.H-MOL 75                  ",HL-10,2025-06-30 00:00:00.000
"5266  ","INJ.H-MOL 75                  ",HL2PC-CH,2025-12-31 00:00:00.000
"5267  ","INJ.H-MOL-150                 ",NULL,NULL
"5268  ","INJ.H-MOL-75                  ",NULL,NULL
"5269  ","INJ.H-MVI                     ",HL2MV-01,2025-06-30 00:00:00.000
"5270  ","INJ.H-PLEX(VITA B-COM)        ",ZR-104,2025-03-31 00:00:00.000
"5271  ","INJ.H-TRON (ONDEM)            ",HL-12,2025-06-30 00:00:00.000
"5271  ","INJ.H-TRON (ONDEM)            ",HL20D-01,2025-11-30 00:00:00.000
"5272  ","INJ.H.B12(CYNO)               ",SVP-LIP,2026-02-28 00:00:00.000
"5273  ","INJ.H.CAL.D                   ",NULL,NULL
"5274  ","INJ.H.DIN(RAN)                ",HL-10,2025-05-31 00:00:00.000
"5274  ","INJ.H.DIN(RAN)                ",HL2RT-01,2026-02-28 00:00:00.000
"5275  ","INJ.HELIBION                  ",NULL,NULL
"5276  ","INJ.HELPLEX-12                ",NULL,NULL
"5277  ","INJ.HI-12(CYNO)               ",NULL,NULL
"5278  ","INJ.HIPEN-CLAV                ",NULL,NULL
"5279  ","INJ.HUM.ACTRAPID 40U          ",NULL,NULL
"5280  ","INJ.HUM.INSULETARD            ",NULL,NULL
"5281  ","INJ.HYCORLIN 100MG            ",NULL,NULL
"5282  ","INJ.HYCORT 100MG              ",NULL,NULL
"5283  ","INJ.HYOCIMAX                  ",NULL,NULL
"5284  ","INJ.HYTORIX                   ",NULL,NULL
"5285  ","INJ.INCRIVIT(B.C)             ",NULL,NULL
"5286  ","INJ.INDIRAB 0.5ML             ",NULL,NULL
"5287  ","INJ.INTACORLIN                ",NULL,NULL
"5288  ","INJ.INTACORLIN 100MG 12%      ",NULL,NULL
"5289  ","INJ.INTAGESIC                 ",NULL,NULL
"5290  ","INJ.IROFOL 5ML                ",NULL,NULL
"5291  ","INJ.IRONEE-S                  ",NULL,NULL
"5292  ","INJ.K-MOL 75MG                ",NULL,NULL
"5293  ","INJ.KAMI 500MG(AMIKACIN)      ",NULL,NULL
"5294  ","INJ.KANAMAC-750               ",NULL,NULL
"5295  ","INJ.KAPOCIN 750               ",NULL,NULL
"5296  ","INJ.KAYCORT 40MG              ",NULL,NULL
"5297  ","INJ.KETOCORT                  ",NULL,NULL
"5298  ","INJ.KLAVIT(B.C)               ",NULL,NULL
"5299  ","INJ.L VIT 12                  ",NULL,NULL
"5300  ","INJ.LABMINE(CPM)              ",NULL,NULL
"5301  ","INJ.LABOCORT                  ",NULL,NULL
"5302  ","INJ.LANIDOL 150               ",HLLI-001,2024-12-31 00:00:00.000
"5302  ","INJ.LANIDOL 150               ",NLLI-003,2025-02-28 00:00:00.000
"5302  ","INJ.LANIDOL 150               ",NLLI004,2025-02-28 00:00:00.000
"5302  ","INJ.LANIDOL 150               ",QLL1001,2025-12-31 00:00:00.000
"5302  ","INJ.LANIDOL 150               ",QLLI001,2025-12-31 00:00:00.000
"5303  ","INJ.LANTAC                    ",NULL,NULL
"5304  ","INJ.LEGENTA                   ",NULL,NULL
"5305  ","INJ.LIGNOCAD ADR              ",NULL,NULL
"5306  ","INJ.LIGNOCAIN                 ",NULL,NULL
"5307  ","INJ.LIGNOCAIN+ADERNALINE      ",NULL,NULL
"5308  ","INJ.LIGNOCAINE 2%             ",NULL,NULL
"5309  ","INJ.LIGNOCAINE 2% HCL         ",SM23003,2025-02-28 00:00:00.000
"5309  ","INJ.LIGNOCAINE 2% HCL         ",SM23018,2025-11-30 00:00:00.000
"5310  ","INJ.LIGNOCAINE I.P            ",NULL,NULL
"5311  ","INJ.LIGOCAIN ADR              ",NULL,NULL
"5312  ","INJ.LIGONEX 2%                ",NULL,NULL
"5313  ","INJ.LINCOLN`S MVI(AMPOULES)   ",NULL,NULL
"5314  ","INJ.LINOCIN Z ADERNALIN       ",NULL,NULL
"5315  ","INJ.LOKON                     ",NULL,NULL
"5316  ","INJ.LORAQUINE(LARIQO)         ",NULL,NULL
"5317  ","INJ.LTBION                    ",NULL,NULL
"5318  ","INJ.LUPAMIK-500               ",NULL,NULL
"5319  ","INJ.LUPIPARA                  ",NULL,NULL
"5320  ","INJ.M CAIN                    ",NULL,NULL
"5321  ","INJ.M-CIN 100(AMIKACIN)AMPULE ",NULL,NULL
"5322  ","INJ.M.M.R.TRESIVAC SERUM      ",NULL,NULL
"5323  ","INJ.M.V.I                     ",NULL,NULL
"5324  ","INJ.M.V.I.                    ",NULL,NULL
"5325  ","INJ.M.V.I.                    ",NULL,NULL
"5326  ","INJ.M.V.I.(PARVIT)            ",NULL,NULL
"5327  ","INJ.M.VAC                     ",NULL,NULL
"5328  ","INJ.MAGENTA                   ",NULL,NULL
"5329  ","INJ.MAGENTA                   ",NULL,NULL
"5330  ","INJ.MAGENTA 10ML              ",NULL,NULL
"5331  ","INJ.MAGENTA 2ML AMP           ",NULL,NULL
"5332  ","INJ.MAGENTA 30ML              ",NULL,NULL
"5333  ","INJ.MALAGO                    ",NULL,NULL
"5334  ","INJ.MALAGO 18%                ",NULL,NULL
"5335  ","INJ.MALAQUIN                  ",NULL,NULL
"5336  ","INJ.MALQUINE                  ",NULL,NULL
"5337  ","INJ.MALSWIFT                  ",NULL,NULL
"5338  ","INJ.MAXEE(AMIKA)500MG         ",NULL,NULL
"5339  ","INJ.MEASLES VACCINE 1DOSE     ",NULL,NULL
"5340  ","INJ.MECOFOL PLUS NF           ",NULL,NULL
"5341  ","INJ.MECOFORD PLUS             ",NULL,NULL
"5342  ","INJ.MEDESTRON                 ",NULL,NULL
"5343  ","INJ.MEDIVIT-12                ",NULL,NULL
"5344  ","INJ.MEE 500 (AMIKA)           ",NULL,NULL
"5345  ","INJ.MEGANERV                  ",MEO23003SR,2025-03-31 00:00:00.000
"5346  ","INJ.MEGANERV PLUS             ",NULL,NULL
"5347  ","INJ.MEP.MERROPHENEM 1GM       ",NULL,NULL
"5348  ","INJ.MEPLEX-M(B COMPLEX)       ",NULL,NULL
"5349  ","INJ.MERCIN FORTE-150          ",MF0106023,2024-11-30 00:00:00.000
"5350  ","INJ.MERCIN(PARA)-75           ",ME010224,2025-07-30 00:00:00.000
"5350  ","INJ.MERCIN(PARA)-75           ",ME010524,2025-10-30 00:00:00.000
"5350  ","INJ.MERCIN(PARA)-75           ",ME020524,2025-10-30 00:00:00.000
"5350  ","INJ.MERCIN(PARA)-75           ",ME041123,2025-04-30 00:00:00.000
"5351  ","INJ.MERIDECA 2ML              ",NULL,NULL
"5352  ","INJ.MERIDECA(DEXA)            ",WET24012,2026-01-30 00:00:00.000
"5352  ","INJ.MERIDECA(DEXA)            ",WLI24012,2026-01-31 00:00:00.000
"5352  ","INJ.MERIDECA(DEXA)            ",WLT24012,2026-01-31 00:00:00.000
"5352  ","INJ.MERIDECA(DEXA)            ",WMI23159,2025-11-30 00:00:00.000
"5353  ","INJ.MERIPHYLLIN               ",NULL,NULL
"5354  ","INJ.MERMOL                    ",NULL,NULL
"5355  ","INJ.METHYFLORD PLUS           ",NULL,NULL
"5356  ","INJ.METOCHLOPRAMIDE I.P       ",MT010223,2024-07-30 00:00:00.000
"5357  ","INJ.METOCLOPRAMIDE            ",NULL,NULL
"5358  ","INJ.METOCLOPRAMIDE            ",NULL,NULL
"5359  ","INJ.METRONIDAZOLE             ",NULL,NULL
"5360  ","INJ.MEXAZONE                  ",NULL,NULL
"5361  ","INJ.MEXAZONE SB (1.5)         ",NULL,NULL
"5362  ","INJ.MIKACIN-M50               ",NULL,NULL
"5363  ","INJ.MIKADIL-500(AMIKACIN)     ",NULL,NULL
"5364  ","INJ.MIKAMIC(AMIKACIN"")        ",NULL,NULL
"5365  ","INJ.MIKASCOT-500              ",NULL,NULL
"5366  ","INJ.MIKE 500                  ",NULL,NULL
"5367  ","INJ.MODPAN                    ",NULL,NULL
"5368  ","INJ.MONFRENCH 1GM             ",PDI23046,2025-10-30 00:00:00.000
"5369  ","INJ.MONOBIOTIC 1GM            ",NULL,NULL
"5370  ","INJ.MONOBIOTIC-S 1.5GM        ",NULL,NULL
"5371  ","INJ.MONOFRENCH-S 1.5GM        ",PDI23021,2025-09-30 00:00:00.000
"5371  ","INJ.MONOFRENCH-S 1.5GM        ",PDI24002,2025-12-31 00:00:00.000
"5372  ","INJ.MONOGEE                   ",NULL,NULL
"5373  ","INJ.MONOGEE-SB                ",NULL,NULL
"5374  ","INJ.MONOLOC (RANI)            ",NULL,NULL
"5375  ","INJ.MONOLOC 12%               ",NULL,NULL
"5376  ","INJ.MONOSCOT 1GM              ",NULL,NULL
"5377  ","INJ.MONOSCOT 250MG            ",NULL,NULL
"5378  ","INJ.MONOSCOT 500              ",NULL,NULL
"5379  ","INJ.MOONZONE-1GM              ",23DE561,2025-04-30 00:00:00.000
"5380  ","INJ.MOXINTA CLAV-1200MG       ",NULL,NULL
"5381  ","INJ.MULITICENT                ",NULL,NULL
"5382  ","INJ.MULTIBION                 ",NULL,NULL
"5383  ","INJ.MULTILAR                  ",NULL,NULL
"5384  ","INJ.MULTIMIN                  ",NULL,NULL
"5385  ","INJ.MULTIREGAIN-R             ",NULL,NULL
"5386  ","INJ.MULTIVEE 10ML             ",NULL,NULL
"5387  ","INJ.MULTIVETA                 ",NULL,NULL
"5388  ","INJ.MULTIVIN 10ML             ",NULL,NULL
"5389  ","INJ.MULTPARVIT                ",NULL,NULL
"5390  ","INJ.MVI                       ",NULL,NULL
"5391  ","INJ.MVI KOP                   ",NULL,NULL
"5392  ","INJ.MYCOTRUST                 ",MA23J34,2025-03-31 00:00:00.000
"5393  ","INJ.MYNTAC                    ",NULL,NULL
"5394  ","INJ.NABOVID 50                ",NULL,NULL
"5395  ","INJ.NECFOLIC-12               ",NULL,NULL
"5396  ","INJ.NECXON 1GM                ",C102311,2025-10-30 00:00:00.000
"5397  ","INJ.NECXON-S                  ",NULL,NULL
"5398  ","INJ.NEUROLAB                  ",NULL,NULL
"5399  ","INJ.NIRGENT                   ",NULL,NULL
"5400  ","INJ.NIRIXONE(CEFTRIAXONE)     ",NULL,NULL
"5401  ","INJ.NKACIN(AMIKACIN)          ",NULL,NULL
"5402  ","INJ.NOSOCEF 1GM               ",NULL,NULL
"5403  ","INJ.NOSOCEF 1GM               ",NULL,NULL
"5404  ","INJ.NOSOCEF 1GM               ",MST23032,2025-07-30 00:00:00.000
"5405  ","INJ.NOSOCET S 1.5GM           ",NULL,NULL
"5406  ","INJ.NOVACORT VAIL             ",NULL,NULL
"5407  ","INJ.NOVAMENTIN 1.2            ",NULL,NULL
"5408  ","INJ.NOVICOM                   ",NULL,NULL
"5409  ","INJ.NOVOMIX 50 FLEXPEN        ",NULL,NULL
"5410  ","INJ.NT SPAS                   ",NULL,NULL
"5411  ","INJ.NUCIP IV                  ",NULL,NULL
"5412  ","INJ.OBROCHROME(STAD)          ",NULL,NULL
"5413  ","INJ.OMEE RAN 2ML              ",NULL,NULL
"5414  ","INJ.OMINIL(ONDEN)             ",NULL,NULL
"5415  ","INJ.ONCO                      ",NULL,NULL
"5416  ","INJ.ONCOR (AMP)               ",NULL,NULL
"5417  ","INJ.ONCOR(ONDEM)              ",NULL,NULL
"5418  ","INJ.ONDANSETRON               ",NULL,NULL
"5419  ","INJ.ONDANSETRON               ",OT23002LR,2025-09-30 00:00:00.000
"5420  ","INJ.ONDANSETRON               ",NULL,NULL
"5421  ","INJ.ONDANSETRON               ",NULL,NULL
"5422  ","INJ.ONDANSETRON               ",NULL,NULL
"5423  ","INJ.ONDANSETRON 2ML           ",NULL,NULL
"5424  ","INJ.ONDANSETRON(ONCOR)        ",NULL,NULL
"5425  ","INJ.ONDASETRON                ",NULL,NULL
"5426  ","INJ.ONDELANA                  ",NULL,NULL
"5427  ","INJ.ONDENSETRON               ",NULL,NULL
"5428  ","INJ.ONDEST                    ",NULL,NULL
"5429  ","INJ.ONDESTRON                 ",NULL,NULL
"5430  ","INJ.ONDET                     ",NULL,NULL
"5431  ","INJ.ONDET 10ML                ",NULL,NULL
"5432  ","INJ.ONDET(H-TRON)             ",NULL,NULL
"5433  ","INJ.ONDET(ONDANSETRON)        ",NULL,NULL
"5434  ","INJ.ONDI                      ",NULL,NULL
"5435  ","INJ.ONDICOL                   ",NULL,NULL
"5436  ","INJ.ONDIOZET                  ",NULL,NULL
"5437  ","INJ.ONDITRON                  ",NULL,NULL
"5438  ","INJ.ONDIVID                   ",NULL,NULL
"5439  ","INJ.ONDOMIC (ONDEM)           ",NULL,NULL
"5440  ","INJ.ONDON                     ",NULL,NULL
"5441  ","INJ.ONDRON (ONDEM)            ",NULL,NULL
"5442  ","INJ.ONLIGAN                   ",NULL,NULL
"5443  ","INJ.ONSED                     ",NULL,NULL
"5444  ","INJ.ONVIN 4MG                 ",NULL,NULL
"5445  ","INJ.ONVIN(ONDEN)              ",NULL,NULL
"5446  ","INJ.OPTINEURON FORTE          ",LDZ23181,2025-01-30 00:00:00.000
"5447  ","INJ.ORAL POLIO WITH V.V.M.    ",NULL,NULL
"5448  ","INJ.ORPET (ONDEM)             ",NULL,NULL
"5449  ","INJ.OTRON(ONDONSETRON)        ",NULL,NULL
"5450  ","INJ.OTROY(ONDANSETRON)        ",NULL,NULL
"5451  ","INJ.OXY-H                     ",NULL,NULL
"5452  ","INJ.OXYLAB                    ",NULL,NULL
"5453  ","INJ.OXYMED(B.C)               ",MB2VB-02,2025-03-30 00:00:00.000
"5454  ","INJ.OXYTERACYCLINE            ",NULL,NULL
"5455  ","INJ.OXYTETRA                  ",WSW23011,2025-10-30 00:00:00.000
"5456  ","INJ.OXYTETRA                  ",NULL,NULL
"5457  ","INJ.OXYTETRACYCLINE(METROXY)  ",NULL,NULL
"5458  ","INJ.OXYTETRACYLINE            ",MB2VB-02,2025-03-30 00:00:00.000
"5458  ","INJ.OXYTETRACYLINE            ",WSW22014,2024-08-30 00:00:00.000
"5458  ","INJ.OXYTETRACYLINE            ",WSW22019,2024-09-30 00:00:00.000
"5459  ","INJ.OXYTETRACYLLIN            ",NULL,NULL
"5460  ","INJ.OXYTOMAK I.P.             ",NULL,NULL
"5461  ","INJ.PANCARE 40MG              ",NULL,NULL
"5462  ","INJ.PANCIKOT                  ",ADT-10392,2025-01-31 00:00:00.000
"5463  ","INJ.PANLON 40MG               ",NULL,NULL
"5464  ","INJ.PANRON                    ",NULL,NULL
"5465  ","INJ.PANTADER                  ",NULL,NULL
"5466  ","INJ.PANTAROZ                  ",MD23D010,2025-03-31 00:00:00.000
"5467  ","INJ.PANTIMO-40MG              ",NULL,NULL
"5468  ","INJ.PANTO APP                 ",PNDA4B13A,2026-01-31 00:00:00.000
"5469  ","INJ.PANTOBERT I.V             ",NULL,NULL
"5470  ","INJ.PANTODEX 40               ",NULL,NULL
"5471  ","INJ.PANTOLET-40               ",NULL,NULL
"5472  ","INJ.PANTOLID                  ",NULL,NULL
"5473  ","INJ.PANTOMED                  ",NULL,NULL
"5474  ","INJ.PANTOMEX                  ",NULL,NULL
"5475  ","INJ.PANTOPAAM                 ",NULL,NULL
"5476  ","INJ.PANTOPIL 40MG             ",NULL,NULL
"5477  ","INJ.PANTORID 40               ",NULL,NULL
"5478  ","INJ.PANTOTAS                  ",NULL,NULL
"5479  ","INJ.PANTOZEE                  ",NULL,NULL
"5480  ","INJ.PANTOZEN-40               ",NULL,NULL
"5481  ","INJ.PARACETAMO (PARADER)      ",NULL,NULL
"5482  ",INJ.PARACETAMOL (FEBRIMOL)75MG,NULL,NULL
"5483  ","INJ.PARACETAMOL 150           ",NULL,NULL
"5484  ","INJ.PARACETAMOL 150MG         ",NULL,NULL
"5485  ","INJ.PARACETAMOL 150MG.        ",NULL,NULL
"5486  ","INJ.PARACETAMOL 75MG          ",NULL,NULL
"5487  ","INJ.PARACETAMOL 75MG          ",NULL,NULL
"5488  ","INJ.PARACETAMOL 75MG.         ",NULL,NULL
"5489  ","INJ.PARACETAMOL FORTE         ",NULL,NULL
"5490  ","INJ.PARACETAMOL(PARCENT)      ",NULL,NULL
"5491  ","INJ.PARALO-150MG              ",NULL,NULL
"5492  ","INJ.PARALO-75                 ",NULL,NULL
"5493  ","INJ.PARANECK 150MG            ",NULL,NULL
"5494  ","INJ.PARAVID                   ",D22AM340,2024-10-30 00:00:00.000
"5495  ","INJ.PARON                     ",NULL,NULL
"5496  ","INJ.PARON(PANTO)              ",NULL,NULL
"5497  ","INJ.PASMOL 150MG              ",NULL,NULL
"5498  ","INJ.PATROVA 40                ",NULL,NULL
"5499  ","INJ.PAZOLAB                   ",NULL,NULL
"5500  ","INJ.PCM                       ",NULL,NULL
"5501  ","INJ.PCM 100ML                 ",NULL,NULL
"5502  ","INJ.PCM 150MG                 ",NULL,NULL
"5503  ","INJ.PEDA HIB                  ",NULL,NULL
"5504  ","INJ.PENTAFRENCH               ",CHDG3073,2025-06-30 00:00:00.000
"5504  ","INJ.PENTAFRENCH               ",MD23K08,2025-10-30 00:00:00.000
"5505  ","INJ.PENTALOC I.V              ",NULL,NULL
"5506  ","INJ.PENTAMOON-40              ",23GE32E,2025-04-30 00:00:00.000
"5507  ","INJ.PENTAVAC SD MONO IP       ",NULL,NULL
"5508  ","INJ.PENTIZA-STAR(PANTO)40MG   ",NULL,NULL
"5509  ","INJ.PENTOWOK                  ",NULL,NULL
"5510  ","INJ.PEPDAC                    ",NULL,NULL
"5511  ","INJ.PEPLOC                    ",NULL,NULL
"5512  ","INJ.PEPLOC""(RANI)             ",GFP0407,2025-09-30 00:00:00.000
"5513  ","INJ.PERINORM                  ",NULL,NULL
"5514  ","INJ.PHARMACAL                 ",NULL,NULL
"5515  ","INJ.PHARMAPLEX                ",NULL,NULL
"5516  ","INJ.PHENAC(DICLO)             ",NULL,NULL
"5517  ","INJ.PHENERMINE MALEATE I.P.30 ",NULL,NULL
"5518  ","INJ.PHENIRAMINE               ",NULL,NULL
"5519  ","INJ.PHENIRAMINE MALEATE       ",NULL,NULL
"5520  ","INJ.PHENIRAMINE MALEATE       ",NULL,NULL
"5521  ",INJ.PHENIRAMINE MALEATE(CPMINE,NULL,NULL
"5522  ","INJ.PIP PYPRAZ 4.5            ",NULL,NULL
"5523  ","INJ.PLEXOVIT(D.J)*            ",NULL,NULL
"5524  ","INJ.POLIBION                  ",NULL,NULL
"5525  ","INJ.POLYBION                  ",NULL,NULL
"5526  ","INJ.POLYBION*                 ",NULL,NULL
"5527  ","INJ.POLYREGAIN                ",NULL,NULL
"5528  ","INJ.POLYWIN                   ",NULL,NULL
"5529  ","INJ.PROCHLORPERAZIN           ",NULL,NULL
"5530  ","INJ.PROCHLORPERAZINE MESYLAT  ",NULL,NULL
"5531  ","INJ.PROCIN                    ",TP-38,2024-09-30 00:00:00.000
"5532  ","INJ.PRODEN (ONDEM)            ",NULL,NULL
"5533  ","INJ.PRODEXA                   ",NULL,NULL
"5534  ","INJ.PROLOC                    ",TP-13,2024-06-30 00:00:00.000
"5535  ","INJ.PROLUTION DEPOT 250MG     ",NULL,NULL
"5536  ","INJ.PRONDEN (ONDEM)           ",NULL,NULL
"5537  ","INJ.PROZINE                   ",NULL,NULL
"5538  ","INJ.PUNTO(PANTAPROZOLE)       ",NULL,NULL
"5539  ","INJ.QDON                      ",NULL,NULL
"5540  ","INJ.QUCET 2ML                 ",NULL,NULL
"5541  ","INJ.QUINROSS                  ",NULL,NULL
"5542  ","INJ.RABIVAX SII               ",NULL,NULL
"5543  ","INJ.RANBIOTIC 20ML            ",NULL,NULL
"5544  ","INJ.RANCOR                    ",NULL,NULL
"5545  ","INJ.RANDIN                    ",NULL,NULL
"5546  ","INJ.RANDIN                    ",NULL,NULL
"5547  ","INJ.RANIAL                    ",D23AM257,2025-07-30 00:00:00.000
"5548  ","INJ.RANICARE                  ",NULL,NULL
"5549  ","INJ.RANICENT                  ",NULL,NULL
"5550  ","INJ.RANIDER                   ",SE176,2025-02-28 00:00:00.000
"5551  ","INJ.RANIJI                    ",NULL,NULL
"5552  ","INJ.RANILOC                   ",NULL,NULL
"5553  ","INJ.RANILOC                   ",NULL,NULL
"5554  ","INJ.RANIMAC                   ",NULL,NULL
"5555  ","INJ.RANIMEX                   ",NULL,NULL
"5556  ","INJ.RANINEC                   ",NULL,NULL
"5557  ","INJ.RANIPEP                   ",NULL,NULL
"5558  ","INJ.RANIPHAR AMP              ",NULL,NULL
"5559  ","INJ.RANISOR                   ",NRSI-001,2024-12-31 00:00:00.000
"5560  ","INJ.RANITAS                   ",NULL,NULL
"5561  ","INJ.RANITDINE                 ",NULL,NULL
"5562  ","INJ.RANITIDINE                ",NULL,NULL
"5563  ","INJ.RANITIDINE                ",NULL,NULL
"5564  ","INJ.RANITIDINE                ",NULL,NULL
"5565  ","INJ.RANITIDINE                ",NULL,NULL
"5566  ","INJ.RANITIDINE                ",NULL,NULL
"5567  ","INJ.RANITIDINE I.P.           ",NULL,NULL
"5568  ","INJ.RANITIDINE I.P.           ",NULL,NULL
"5569  ","INJ.RANITIDINE(SUVITIDIN)     ",NULL,NULL
"5570  ","INJ.RANITINDINE(RENTIN)       ",NULL,NULL
"5571  ","INJ.RANTIDINE                 ",NULL,NULL
"5572  ","INJ.RANTIDINE                 ",NULL,NULL
"5573  ","INJ.RANZEC                    ",NULL,NULL
"5574  ","INJ.RAPISLOV(ALPHA BETA)      ",NULL,NULL
"5575  ","INJ.RBEETHER                  ",NULL,NULL
"5576  ","INJ.RECOBAL PLUS              ",NULL,NULL
"5577  ","INJ.REETAC                    ",NULL,NULL
"5578  ","INJ.REGENTA                   ",NULL,NULL
"5579  ","INJ.REGLINORM (META)          ",NULL,NULL
"5580  ","INJ.RESIMAL                   ",NULL,NULL
"5581  ","INJ.REVAC-B                   ",NULL,NULL
"5582  ","INJ.REVAC-B 1ML 20MCG.(ADULT) ",NULL,NULL
"5583  ","INJ.REVIL                     ",NULL,NULL
"5584  ","INJ.RIDECER                   ",NULL,NULL
"5585  ","INJ.ROQUIN                    ",NULL,NULL
"5586  ","INJ.SGCORT                    ",NULL,NULL
"5587  ","INJ.SIGMA-CALVIT              ",NULL,NULL
"5588  ","INJ.SIOAMIKA 500              ",NULL,NULL
"5589  ","INJ.SIODEXA 2ML               ",NULL,NULL
"5590  ","INJ.SIOSLONE 2ML              ",NULL,NULL
"5591  ","INJ.SPASMOMED PLUS            ",MA23H61,2025-07-30 00:00:00.000
"5592  ","INJ.STAMCORT                  ",NULL,NULL
"5593  ","INJ.STANCORT                  ",NULL,NULL
"5594  ","INJ.STERILE WATER FOR MMR     ",NULL,NULL
"5595  ","INJ.SUGEMYCIN(GENTA)          ",NULL,NULL
"5596  ","INJ.SULPHARPRIM TAB           ",NULL,NULL
"5597  ",INJ.SUMERPROMIDE(METACLOPRAMID,NULL,NULL
"5598  ","INJ.SUVITAPLEX(B.C)           ",NULL,NULL
"5599  ","INJ.SUVITRON                  ",NULL,NULL
"5600  ","INJ.T.T(TETVAC)               ",23TTTA023,2026-11-30 00:00:00.000
"5601  ","INJ.T.T.0.5ML                 ",NULL,NULL
"5602  ","INJ.T.T.0.5ML                 ",2312C,2026-03-30 00:00:00.000
"5602  ","INJ.T.T.0.5ML                 ",2316B,2026-04-30 00:00:00.000
"5602  ","INJ.T.T.0.5ML                 ",2323C,2026-07-30 00:00:00.000
"5603  ","INJ.T.T.BETT                  ",A0161823,2026-10-30 00:00:00.000
"5604  ","INJ.TACOCEFF-1GM              ",NULL,NULL
"5605  ","INJ.TE TE                     ",NULL,NULL
"5606  ","INJ.TEMPNIL (PARA 75MG)       ",NULL,NULL
"5607  ","INJ.TETANUS TOXOID            ",2303V,2025-12-31 00:00:00.000
"5607  ","INJ.TETANUS TOXOID            ",2308V,2026-03-30 00:00:00.000
"5607  ","INJ.TETANUS TOXOID            ",2328V,2026-08-30 00:00:00.000
"5607  ","INJ.TETANUS TOXOID            ",2329V,2026-08-30 00:00:00.000
"5608  ","INJ.TETANUS TOXOID            ",NULL,NULL
"5609  ","INJ.TETANUS TOXOID 0.5ML AMP  ",NULL,NULL
"5610  ","INJ.TETANUS VACCINE           ",NULL,NULL
"5611  ","INJ.TETANUS VACCINE           ",NULL,NULL
"5612  ","INJ.TETANUS VACCINE           ",NULL,NULL
"5613  ","INJ.TETANUS VACCINE(ADSORBED) ",NULL,NULL
"5614  ",INJ.TETANUS VACCINE(ADSOREBD)I,2312C,2026-03-31 00:00:00.000
"5614  ",INJ.TETANUS VACCINE(ADSOREBD)I,2316B,2026-04-30 00:00:00.000
"5614  ",INJ.TETANUS VACCINE(ADSOREBD)I,2319C,2026-06-30 00:00:00.000
"5614  ",INJ.TETANUS VACCINE(ADSOREBD)I,2323C,2026-07-30 00:00:00.000
"5615  ","INJ.TOPOM(PAN.)               ",NULL,NULL
"5616  ","INJ.TOXZONE                   ",NULL,NULL
"5617  ","INJ.TRAMATAS                  ",NULL,NULL
"5618  ","INJ.TRAMATAS 2ML              ",NULL,NULL
"5619  ","INJ.TRAMEF 50MG               ",NULL,NULL
"5620  ","INJ.TRAMICORT                 ",NULL,NULL
"5621  ","INJ.TRAMZEE                   ",NULL,NULL
"5622  ","INJ.TRIPLE ANTIGEN            ",NULL,NULL
"5623  ","INJ.TRIPLE ANTIGEN 5ML VIAL   ",NULL,NULL
"5624  ","INJ.TRON(ONDEM)               ",NULL,NULL
"5625  ","INJ.TRON(ONDET)               ",NULL,NULL
"5626  ","INJ.TROXONE                   ",NULL,NULL
"5627  ","INJ.TROYTHER (A-B)            ",NULL,NULL
"5628  ","INJ.TYPHOID VACCINE FIVE      ",NULL,NULL
"5629  ","INJ.ULCIRID(RANTAC)           ",NULL,NULL
"5630  ","INJ.ULCIRIN                   ",NULL,NULL
"5631  ","INJ.ULCIRIN                   ",NULL,NULL
"5632  ","INJ.ULTRAPAIN                 ",NULL,NULL
"5633  ","INJ.UNICAIN 2%                ",NULL,NULL
"5634  ","INJ.UNIGENTA                  ",NULL,NULL
"5635  ","INJ.UNIMIKA 500               ",NULL,NULL
"5636  ","INJ.VALFEN                    ",NULL,NULL
"5637  ","INJ.VALFEN                    ",NULL,NULL
"5638  ","INJ.VALFEN 30ML               ",NULL,NULL
"5639  ","INJ.VALFEN 30ML               ",NULL,NULL
"5640  ","INJ.VALFEN 30ML               ",NULL,NULL
"5641  ","INJ.VANTIVIT-P                ",NULL,NULL
"5642  ","INJ.VAR VARNEM 1GM            ",NULL,NULL
"5643  ","INJ.VAXIRAB                   ",NULL,NULL
"5644  ","INJ.VAXIRAB                   ",NULL,NULL
"5645  ","INJ.VBCOM(VITAMIN B)          ",NULL,NULL
"5646  ","INJ.VEEFENAC AQ(SNAPOFF AMP)  ",NULL,NULL
"5647  ","INJ.VEEMINE                   ",NULL,NULL
"5648  ","INJ.VELFEN                    ",NULL,NULL
"5649  ","INJ.VENVIT(B.C)               ",NULL,NULL
"5650  ","INJ.VETABION                  ",P24L296,2025-12-30 00:00:00.000
"5651  ","INJ.VETABION*                 ",NULL,NULL
"5652  ","INJ.VETACON                   ",E24L296,2025-12-31 00:00:00.000
"5652  ","INJ.VETACON                   ",P23L242,2025-09-30 00:00:00.000
"5652  ","INJ.VETACON                   ",P24L296,2025-12-30 00:00:00.000
"5653  ","INJ.VISKOPRO AMP              ",NULL,NULL
"5654  ","INJ.VITA 12(B.12)             ",NULL,NULL
"5655  ","INJ.VITABPLEX                 ",NULL,NULL
"5656  ","INJ.VITCOFOL                  ",NULL,NULL
"5657  ","INJ.VITIBION                  ",NULL,NULL
"5658  ","INJ.VOLICOR                   ",NULL,NULL
"5659  ","INJ.VOLICOR 30ML              ",NULL,NULL
"5660  ","INJ.VOLICOR AQ                ",NULL,NULL
"5661  ","INJ.VOMIFRENCH 2ML            ",NULL,NULL
"5662  ","INJ.VOMIGO                    ",NULL,NULL
"5663  ","INJ.VOMINO                    ",NULL,NULL
"5664  ","INJ.VOMINO 2MG.               ",NULL,NULL
"5665  ","INJ.VOMISHUT                  ",NULL,NULL
"5666  ","INJ.VOVCAD(DICLO)             ",NULL,NULL
"5667  ","INJ.VOVESPAN (DICLO)          ",NULL,NULL
"5668  ","INJ.WATER FOR                 ",NULL,NULL
"5669  ","INJ.WATER FOR                 ",NULL,NULL
"5670  ","INJ.WATER FOR                 ",NULL,NULL
"5671  ","INJ.WATER FOR                 ",NULL,NULL
"5672  ","INJ.WATER FOR  5ML            ",NULL,NULL
"5673  ","INJ.WATER FOR 10ML            ",NULL,NULL
"5674  ","INJ.WATER FOR 10ML            ",NULL,NULL
"5675  ","INJ.WATER FOR 5ML             ",NULL,NULL
"5676  ","INJ.WATER FOR 5ML             ",NULL,NULL
"5677  ","INJ.WATER FOR 5ML             ",NULL,NULL
"5678  ","INJ.WATER FOR STERILE         ",NULL,NULL
"5679  ","INJ.WATER FOR STERILE         ",NULL,NULL
"5680  ","INJ.WATER FOR ZYDUS           ",NULL,NULL
"5681  ","INJ.WEXOL 20ML                ",ML020324,2025-08-30 00:00:00.000
"5681  ","INJ.WEXOL 20ML                ",WL010224,2025-07-30 00:00:00.000
"5681  ","INJ.WEXOL 20ML                ",WL010424,2025-09-30 00:00:00.000
"5681  ","INJ.WEXOL 20ML                ",WL010524,2025-10-30 00:00:00.000
"5681  ","INJ.WEXOL 20ML                ",WL021223,2025-05-31 00:00:00.000
"5681  ","INJ.WEXOL 20ML                ",WLO10524,2025-10-30 00:00:00.000
"5681  ","INJ.WEXOL 20ML                ",WLO40524,2025-10-30 00:00:00.000
"5682  ","INJ.WFI 5ML                   ",WFA0104,2025-12-31 00:00:00.000
"5683  ","INJ.WINFILIN                  ",NULL,NULL
"5684  ","INJ.WOCAINE 2%                ",NULL,NULL
"5685  ","INJ.WODRONE D 50MG            ",NULL,NULL
"5686  ","INJ.WODRONE(NADROLONE DEC,.25M",NULL,NULL
"5687  ","INJ.WODRONE-D25               ",NULL,NULL
"5688  ","INJ.WOFER S                   ",NULL,NULL
"5689  ","INJ.WOSONE 100MG              ",NULL,NULL
"5690  ","INJ.X-CAIN ADR                ",NULL,NULL
"5691  ","INJ.X-VIT-12                  ",NULL,NULL
"5692  ","INJ.XANICEF-SB 1.5GM          ",NULL,NULL
"5693  ","INJ.XYLOCAINE 2 % ADRRENALINE ",NULL,NULL
"5694  ","INJ.XYLOCAINE 2%              ",KV23036A,2025-09-30 00:00:00.000
"5695  ","INJ.XYLOCAINE 2%              ",NULL,NULL
"5696  ","INJ.ZECOFOL                   ",NULL,NULL
"5697  ","INJ.ZEELOC                    ",NULL,NULL
"5698  ","INJ.ZEKACIN 500MG             ",NULL,NULL
"5699  ","INJ.ZEKACIN 500MG 12%         ",NULL,NULL
"5700  ","INJ.ZENCALVIT                 ",NULL,NULL
"5701  ","INJ.ZENIL(AVIL)               ",NULL,NULL
"5702  ","INJ.ZENITAC 2ML               ",NULL,NULL
"5703  ","INJ.ZENTIH (GENTA)            ",NULL,NULL
"5704  ","INJ.ZEXTROXONE                ",NULL,NULL
"5705  ","INJ.ZINCOAIN A                ",OZAI003,2026-02-28 00:00:00.000
"5706  ","INJ.ZINOCAINE                 ",NULL,NULL
"5707  ","INJ.ZOQUIN (CHLOROQUINE)      ",NULL,NULL
"5708  ","INJ.ZYDEXA                    ",NULL,NULL
"5709  ","INJ.ZYDEXA                    ",GS00065,2025-07-30 00:00:00.000
"5710  ","INJ.ZYDEXA PLUS 2ML           ",GSG0071,2025-10-30 00:00:00.000
"5711  ","INJ.ZYDICLO                   ",NULL,NULL
"5712  ","INJ.ZYDICLO                   ",NULL,NULL
"5713  ","INJ.ZYDICLO 1ML               ",NULL,NULL
"5714  ","INJ.ZYDICLO 3ML               ",NULL,NULL
"5715  ","INJ.ZYGENTA                   ",NULL,NULL
"5716  ","INJ.ZYNAC 1ML                 ",NULL,NULL
"5717  ","INJ.ZYNAC 3ML                 ",NNZI-014,2025-02-28 00:00:00.000
"5718  ","INJ.ZYSET (ONDEM)             ",GAF0704,2025-11-30 00:00:00.000
"5719  ","INJ.ZYSET 2ML                 ",GFP0554,2025-12-31 00:00:00.000
"5720  ","INJ.ZYTAK 2ML                 ",NULL,NULL
"5721  ","INMUCEE TAB                   ",NULL,NULL
"5722  ","INNOVA-MR                     ",NULL,NULL
"5723  ","INOR-400MG TAB                ",NULL,NULL
"5724  ","INOR-T TAB                    ",NULL,NULL
"5725  ","INSU-COLD TAB                 ",NULL,NULL
"5726  ","INSULID TAB (O)               ",NULL,NULL
"5727  ","INSULID TAB (R)               ",NULL,NULL
"5728  ","INSULID-MR TAB                ",NULL,NULL
"5729  ","INSULID-P TAB                 ",NULL,NULL
"5730  ","INTAC(RANITIDINE)             ",NULL,NULL
"5731  ","INTAC-D (RANTIDINE+DOM)       ",NULL,NULL
"5732  ","INTACAIN JELLY 2%             ",S014,2026-02-28 00:00:00.000
"5733  ","INTACAL-D TAB                 ",NULL,NULL
"5734  ","INTACLOX-D KID TAB            ",NULL,NULL
"5735  ","INTACOXIA-60 TAB              ",NULL,NULL
"5736  ","INTACOXIA-90                  ",EFT012405,2025-12-31 00:00:00.000
"5737  ","INTADERM OINT                 ",NULL,NULL
"5738  ","INTADIN OINT                  ",NULL,NULL
"5739  ","INTADINE M OINT               ",NULL,NULL
"5740  ","INTADINE O OINT               ",CLC57,2025-11-30 00:00:00.000
"5741  ","INTADINE O OINT 15GM          ",CLC57,2025-11-30 00:00:00.000
"5742  ","INTADINE SOLUTION             ",NULL,NULL
"5743  ","INTAGESIC MR TAB              ",NULL,NULL
"5744  ","INTAGRA-50                    ",NULL,NULL
"5745  ","INTALON SOLUTION              ",NULL,NULL
"5746  ","INTALYTE-L (APPLE)            ",NULL,NULL
"5747  ","INTALYTE-L(ORANGE)            ",NULL,NULL
"5748  ","INTAMETHER-L TAB              ",AL2213,2024-09-30 00:00:00.000
"5749  ","INTAMOX-D KID TAB             ",NULL,NULL
"5750  ","INTAPOD 200TAB                ",NULL,NULL
"5751  ","INTAPROT (CHO)POWDER          ",NULL,NULL
"5752  ","INTAPROT POWDER               ",NULL,NULL
"5753  ","INTAPROT(ICE CREAM)           ",NULL,NULL
"5754  ","INTAS LOTUS                   ",NULL,NULL
"5755  ","INTAS ORS(ORNAGE)             ",NULL,NULL
"5756  ","INTASPAS TAB                  ",NULL,NULL
"5757  ","INTASPORIN POWDER             ",INP049,2024-11-30 00:00:00.000
"5758  ","INTAZIN-L TAB                 ",NULL,NULL
"5759  ","IO-DOCHLORHYDROXY 250MG TAB   ",NULL,NULL
"5760  ","IODOCHLOR TAB                 ",NULL,NULL
"5761  ","IODOCHLORHYDROXQUINOLINE F    ",231223,2025-11-30 00:00:00.000
"5762  ","IODOCHLORHYDROXYQINOLIN TAB   ",PP/039,2026-03-31 00:00:00.000
"5762  ","IODOCHLORHYDROXYQINOLIN TAB   ",PP/293,2025-07-30 00:00:00.000
"5763  ","IODOCHLORHYDROXYQUINOLIN TAB  ",NULL,NULL
"5764  ","IODOCHLORHYDROXYQUINOLIN TAB  ",NULL,NULL
"5765  ","IODOCHLORHYDROXYQUINOLINE TAB ",NULL,NULL
"5766  ","IODOCHLORHYDROXYQUINOLINE TAB ",NULL,NULL
"5767  ","IODOCHLOROHYDROXYQUIN TAB     ",NULL,NULL
"5768  ","IODOHYDROXYQUINALINE TAB      ",NULL,NULL
"5769  ","IODOHYDROXYQUINALINE TAB      ",NULL,NULL
"5770  ","IPRAVENT RESPULES             ",NULL,NULL
"5771  ","IRAZ HAND SANITIZER           ",NULL,NULL
"5772  ","IRAZ SHAMPOO                  ",NULL,NULL
"5773  ","IROFOL-Z CAP                  ",CAF-22123,2024-04-30 00:00:00.000
"5774  ","IRONEE-Z                      ",NULL,NULL
"5775  ","IRONEED-Z CAP                 ",NULL,NULL
"5776  ","IRONFAST-Z CAP                ",NULL,NULL
"5777  ","ITCHCUTTER CREAM              ",NULL,NULL
"5778  ","ITCHDERM CREAM                ",NULL,NULL
"5779  ","ITRACARE 200 CAP              ",EPR-230901,2025-08-30 00:00:00.000
"5779  ","ITRACARE 200 CAP              ",EPR-240101,2025-12-31 00:00:00.000
"5780  ","ITRACARE SOAP                 ",NULL,NULL
"5781  ","ITRACARE-100 CAP              ",ICH-1021,2025-07-30 00:00:00.000
"5782  ","ITRACOR 200 CAP               ",NULL,NULL
"5783  ","ITRACOR DUST POWDER           ",NULL,NULL
"5784  ","ITRADERM 20GM                 ",NULL,NULL
"5785  ","ITRADILA 100 CAP              ",NULL,NULL
"5786  ","ITRADILA 100MG CAP(10)        ",NULL,NULL
"5787  ","ITRADILA 200MG TAB            ",NULL,NULL
"5788  ","ITRAFORD-100 CAP              ",NULL,NULL
"5789  ","ITRAFORD-200 CAP              ",NULL,NULL
"5790  ","ITRAGEE -100 CAP(10)          ",NULL,NULL
"5791  ","ITRAGEE 200MG CAP             ",NULL,NULL
"5792  ","ITRAGEE-100                   ",NULL,NULL
"5793  ","ITRAGEE-200 CAP               ",NULL,NULL
"5794  ","ITRAJOHN 200MG CAP            ",NULL,NULL
"5795  ","ITRAJOHN-100CAP               ",NULL,NULL
"5796  ","ITRAKOP 100MG CAP             ",NULL,NULL
"5797  ","ITRAKOP 200 CAP               ",NULL,NULL
"5798  ","ITRALBERT 100 CAP             ",NULL,NULL
"5799  ","ITRAMED-TF CREAM              ",NULL,NULL
"5800  ","ITRAMOON EAR DROP 5ML         ",23NG05B,2024-12-31 00:00:00.000
"5801  ","ITRAMOON NF CERAM             ",SC654,2025-02-28 00:00:00.000
"5802  ","ITRAMOON-100MG CAP            ",NULL,NULL
"5803  ","ITRAMOON-200 CAP              ",C2302005,2025-01-31 00:00:00.000
"5804  ","ITRANEC 200MG TAB             ",NULL,NULL
"5805  ","ITRANEC-100MG                 ",NULL,NULL
"5806  ","ITRASPORAX-200MG CAP          ",NULL,NULL
"5807  ","ITRASPOROX 100                ",NULL,NULL
"5808  ","ITRASPOROX-100MG CAP          ",NULL,NULL
"5809  ","ITRASPROX -200 MG CAP         ",NULL,NULL
"5810  ","ITRATCH-200 MG TAB            ",NULL,NULL
"5811  ","ITRATEK PLUS CREAM            ",NULL,NULL
"5812  ","ITRAVON-200 CAP               ",NULL,NULL
"5813  ","ITRAWOK 200MG CAP             ",NULL,NULL
"5814  ","ITRAZEE 200 CAP               ",NULL,NULL
"5815  ","ITRAZOL-100 CAP               ",NULL,NULL
"5816  ","ITRAZOL-200 CAP               ",CTM-22225,2024-07-30 00:00:00.000
"5817  ","ITRAZOLE-100 CAP              ",NULL,NULL
"5818  ","ITRIM 200                     ",NULL,NULL
"5819  ","ITROMED 100MG CAP             ",NULL,NULL
"5820  ","ITROMED-TF CREAM              ",NULL,NULL
"5821  ","IVAZOL TAB                    ",NULL,NULL
"5822  ","IVCOL-AB TAB                  ",NULL,NULL
"5823  ","IVERWAR-12 TAB                ",NULL,NULL
"5824  ","IZOLE-20MG CAP(OMEZ)          ",NULL,NULL
"5825  ","JAMUN KARELA GR               ",NULL,NULL
"5826  ","JAMUN KARELA POWDER           ",NULL,NULL
"5827  ","JAVIT (B.C)CAP                ",NULL,NULL
"5828  ","JEETPRIM TAB                  ",NULL,NULL
"5829  ","JEETPRIM TAB                  ",3883,2025-09-30 00:00:00.000
"5830  ","JIO POWDER                    ",V-833,2025-07-30 00:00:00.000
"5831  ","JIOVITAL STRONG CAP           ",NULL,NULL
"5832  ","JMS MEDI TAPE                 ",NULL,NULL
"5833  ","JMS MEDI TAPE                 ",NULL,NULL
"5834  ","JMS MEDI TAPE 1""              ",120231908,2026-10-30 00:00:00.000
"5834  ","JMS MEDI TAPE 1""              ",20231909,2026-12-31 00:00:00.000
"5834  ","JMS MEDI TAPE 1""              ",20240203,2027-02-28 00:00:00.000
"5834  ","JMS MEDI TAPE 1""              ",20240307,2027-03-31 00:00:00.000
"5834  ","JMS MEDI TAPE 1""              ",20240405,2027-03-31 00:00:00.000
"5834  ","JMS MEDI TAPE 1""              ",20240501,2027-04-30 00:00:00.000
"5834  ","JMS MEDI TAPE 1""              ",20240502,2027-04-30 00:00:00.000
"5834  ","JMS MEDI TAPE 1""              ",20240701,2027-05-31 00:00:00.000
"5835  ","JMS MEDI TAPE 1/2""            ",20231704,2026-10-30 00:00:00.000
"5835  ","JMS MEDI TAPE 1/2""            ",20240501,2027-04-30 00:00:00.000
"5835  ","JMS MEDI TAPE 1/2""            ",20240701,2027-05-31 00:00:00.000
"5836  ","JMS MEDI TAPE 2""              ",NULL,NULL
"5837  ","JMS MEDI TAPE 3""              ",20240102,2027-01-31 00:00:00.000
"5837  ","JMS MEDI TAPE 3""              ",VHL2401061,2027-01-31 00:00:00.000
"5838  ","JMS SCALP VEIN SET 23         ",NULL,NULL
"5839  ","JMS SCALP VEIN SET NO.21      ",NULL,NULL
"5840  ","JMS SCALP VEIN SET NO.22      ",NULL,NULL
"5841  ","JO-FODE-200MG TAB             ",NULL,NULL
"5842  ","JOINT HEAL TAB                ",NULL,NULL
"5843  ","JOINTGEE K2 7 CAP             ",NULL,NULL
"5844  ","JUCILYTE APPLE                ",NULL,NULL
"5845  ","JUSINERGY (APPLE)             ",NULL,NULL
"5846  ","JUSINERGY (ORANGE)            ",NULL,NULL
"5847  ","K DOC (KETO CREAM)            ",3162,2025-04-30 00:00:00.000
"5847  ","K DOC (KETO CREAM)            ",3803,2025-10-30 00:00:00.000
"5848  ","K-CEF 100 TAB                 ",NULL,NULL
"5849  ","K-CEF L-200 TAB               ",NULL,NULL
"5850  ","K-CET TAB                     ",NULL,NULL
"5851  ","K-CETLEVO TAB                 ",NULL,NULL
"5852  ","K-FOL TAB                     ",NULL,NULL
"5853  ","K-MOL 650 TAB                 ",NULL,NULL
"5854  ","K-STOP-C TAB                  ",NULL,NULL
"5855  ","K-XIME-O TAB                  ",NULL,NULL
"5856  ","KACTIEVE WASH(N)              ",NULL,NULL
"5857  ","KAFEX TAB                     ",VPT01,NULL
"5857  ","KAFEX TAB                     ",VPT03,2025-05-30 00:00:00.000
"5857  ","KAFEX TAB                     ",VPT79,2026-05-31 00:00:00.000
"5857  ","KAFEX TAB                     ",VPT90,2026-03-31 00:00:00.000
"5858  ","KAFNOL TAB                    ",23171,2026-06-30 00:00:00.000
"5859  ","KAFNOL TAB.                   ",NULL,NULL
"5860  ","KAL-PLUS TAB                  ",NULL,NULL
"5861  ","KALI MARHAM                   ",NULL,NULL
"5862  ","KAMCLOX(AMOX+DICL)            ",NULL,NULL
"5863  ","KARE DV TAB                   ",NULL,NULL
"5864  ","KAYCOF TAB                    ",NULL,NULL
"5865  ","KAYKOF-DL                     ",NULL,NULL
"5866  ","KAYKOFF COLD TAB              ",NULL,NULL
"5867  ","KAYLITE LOTION                ",NULL,NULL
"5868  ","KAYLITE NATURAL CREAM         ",NULL,NULL
"5869  ","KAYLITE SOAP                  ",NULL,NULL
"5870  ","KAYMOXMENTIN-625MG TAB        ",NULL,NULL
"5871  ","KAYMOXMENTIN-625MG TAB        ",NULL,NULL
"5872  ","KAYSLIDE PLUS DL TAB          ",NULL,NULL
"5873  ","KAYSLIDE PLUS TAB             ",NULL,NULL
"5874  ","KAYSPAS-PLUS                  ",NULL,NULL
"5875  ","KAYTEC TAB                    ",NULL,NULL
"5876  ","KAYVITAL CAP                  ",NULL,NULL
"5877  ","KAZOL B CREAM                 ",NULL,NULL
"5878  ","KECIDOX CAP (DOXY)            ",NULL,NULL
"5879  ","KESAR BABY MEDICATED SOAP     ",NULL,NULL
"5880  ","KESAR BALM                    ",NULL,NULL
"5881  ","KESH CLIDE CAP B/S            ",NULL,NULL
"5882  ","KESH CLIDE CAP LOOSE          ",NULL,NULL
"5883  ","KESH CLIDE RED OIL            ",NULL,NULL
"5884  ","KESH CLIDE SHAMPOO            ",NULL,NULL
"5885  ","KESH-CLIDE OIL                ",NULL,NULL
"5886  ","KESHCIDE OIL(NEW)             ",AHO-22010,2025-06-30 00:00:00.000
"5887  ","KESHCLIDE OIL(AUSMED)         ",AHO-23020,2027-01-31 00:00:00.000
"5887  ","KESHCLIDE OIL(AUSMED)         ",AHO2210,2025-06-30 00:00:00.000
"5888  ","KESHCON TAB                   ",NULL,NULL
"5889  ","KETEEN SHAMPOO                ",NULL,NULL
"5890  ","KETMAK SHAMPOO                ",NULL,NULL
"5891  ","KETO-Z SOAP                   ",NULL,NULL
"5892  ","KETOBERT 100ML                ",699,2024-12-31 00:00:00.000
"5893  ","KETOCARE 200 TAB              ",NULL,NULL
"5894  ","KETOCARE CREAM                ",NULL,NULL
"5895  ","KETOCARE LOTION               ",QKL-022,2025-07-30 00:00:00.000
"5896  ","KETOCARE PLUS SHAMPOO         ",NULL,NULL
"5897  ","KETOCARE PLUS SOAP            ",NULL,NULL
"5898  ","KETOCARE POWDER               ",NULL,NULL
"5899  ","KETOCARE SOAP                 ",NULL,NULL
"5900  ","KETOCARE-B CREAM              ",NULL,NULL
"5901  ","KETOCLEAN SHAMPOO             ",NULL,NULL
"5902  ","KETOCLIDE CREAM               ",NULL,NULL
"5903  ","KETOCLIDE SOAP                ",NULL,NULL
"5904  ","KETOCON SHAMPOO               ",NULL,NULL
"5905  ","KETODILA SHAMPOO              ",NULL,NULL
"5906  ","KETOFLY TAB                   ",NULL,NULL
"5907  ","KETOFORD-200 TAB              ",NULL,NULL
"5908  ","KETOKAIR SHAMPOO              ",NULL,NULL
"5909  ","KETOKEM SHAMPOO               ",NULL,NULL
"5910  ","KETOKOL SHAMPOO               ",NULL,NULL
"5911  ","KETOL 2% SHAMPOO              ",NULL,NULL
"5912  ","KETOL CREAM                   ",NULL,NULL
"5913  ","KETOL SOAP                    ",NULL,NULL
"5914  ","KETOLAY SOAP                  ",NULL,NULL
"5915  ","KETOLONG 200 TAB              ",NULL,NULL
"5916  ","KETOLOVE 200 TAB              ",AD001109,2025-02-28 00:00:00.000
"5917  ","KETOMARK SOAP                 ",E-07-004,2025-09-30 00:00:00.000
"5917  ","KETOMARK SOAP                 ",E07-004,2025-09-30 00:00:00.000
"5917  ","KETOMARK SOAP                 ",E09-028,2025-11-30 00:00:00.000
"5918  ","KETOMOON ADVACE HAIR OIL      ",A-699,2025-08-30 00:00:00.000
"5919  ","KETOMOON-K5 CREAM             ",S643,2025-08-30 00:00:00.000
"5920  ","KETOMOON-K5 CREAM (30GM)      ",854,2024-10-30 00:00:00.000
"5921  ","KETOMOON-SHAMPOO              ",EE066,2025-04-30 00:00:00.000
"5922  ","KETOMOON-SOAP 75GM            ",NULL,NULL
"5923  ","KETOMOR SOAP                  ",NULL,NULL
"5924  ","KETONA CT MEDICATED SOAP      ",NULL,NULL
"5925  ","KETOPRO SOAP                  ",NULL,NULL
"5926  ","KETORELIFE SHAMPOO            ",NULL,NULL
"5927  ","KETORELIFE-DT TAB             ",NULL,NULL
"5928  ","KETOSCALP CREAM               ",NULL,NULL
"5929  ","KETOSCALP SOAP                ",NULL,NULL
"5930  ","KETOSCOT SOAP                 ",SE07-853,2025-09-30 00:00:00.000
"5931  ","KETOTEK I.P.2%W/W SOAP        ",NULL,NULL
"5932  ","KETOVAG SHAMPOO 2%            ",NULL,NULL
"5933  ","KETOVAG SOAP                  ",NULL,NULL
"5934  ","KETOX (KETOCANAZOLE)          ",NULL,NULL
"5935  ","KETOX CREAM                   ",NULL,NULL
"5936  ","KETOZEN CREAM 15GM            ",NULL,NULL
"5937  ","KETOZEN DUSTING POWDER        ",PD008A,2024-03-31 00:00:00.000
"5938  ","KETOZEN SHAMPOO               ",NULL,NULL
"5939  ","KETOZEN SOAP                  ",DLKC-209,2026-12-31 00:00:00.000
"5939  ","KETOZEN SOAP                  ",DLKC0178,2025-08-30 00:00:00.000
"5940  ","KETOZEN SOAP(BIOZEN)          ",NULL,NULL
"5941  ","KHO-KHO TAB                   ",NULL,NULL
"5942  ","KIDMOL TAB                    ",NULL,NULL
"5943  ","KIDNEY TRAY 10""               ",NULL,NULL
"5944  ","KIDNEY TREY 10""               ",NULL,NULL
"5945  ","KIDNEY TREY 12""               ",NULL,NULL
"5946  ","KILINSPEC GEL                 ",NULL,NULL
"5947  ","KILLBURN CREAM                ",NULL,NULL
"5948  ","KITRAL 2% SHAMPO              ",NULL,NULL
"5949  ","KITRIPLEX TAB                 ",NULL,NULL
"5950  ","KLAMOTIN 625 MG TAB           ",NULL,NULL
"5951  ","KLB DETTOL ANTISEPTIC LIQ     ",NULL,NULL
"5952  ","KLB HANSA PLAST               ",.,NULL
"5953  ","KLB HANSA PLAST BAINDAID      ",NULL,NULL
"5954  ","KLIK CLAMP                    ",NULL,NULL
"5955  ","KLINSPEC 20GM GEL             ",NULL,NULL
"5956  ","KLOBAT GM                     ",23-17,2024-03-31 00:00:00.000
"5957  ","KNEE CAP LARGE                ",.,NULL
"5958  ","KNEE CAP MEDIUM               ",NULL,NULL
"5959  ","KNEE CAP SMALL                ",NULL,NULL
"5960  ","KNEE CAP VISSCO               ",L,NULL
"5960  ","KNEE CAP VISSCO               ",M,NULL
"5960  ","KNEE CAP VISSCO               ",XL,NULL
"5961  ","KNEE CAP-HINGES(L)*           ",BAT,2025-05-31 00:00:00.000
"5962  ","KNEE CAP-PITCO(M)             ",NULL,NULL
"5963  ","KNIFE 6 S                     ",NULL,NULL
"5964  ","KOFEE-N TAB                   ",NULL,NULL
"5965  ","KOFNOL TAB                    ",23600,2027-01-31 00:00:00.000
"5966  ","KOGUMENTIN-625 LB             ",NULL,NULL
"5967  ","KOJEX E CREAM                 ",NULL,NULL
"5968  ","KOJICARE-C CREAM              ",NULL,NULL
"5969  ","KOJICUS CREAM                 ",NULL,NULL
"5970  ","KOLD CARE TOTAL               ",NULL,NULL
"5971  ","KOLDINE PLUS 10%              ",NULL,NULL
"5972  ","KOLODINE 125GM OINTMENT       ",NULL,NULL
"5973  ","KOLODINE MO OINT              ",D342,2024-04-30 00:00:00.000
"5973  ","KOLODINE MO OINT              ",F434,2025-11-30 00:00:00.000
"5974  ","KOLODINE PLUS 10%             ",F498,2025-11-30 00:00:00.000
"5975  ","KONDOX TAB                    ",3974,2025-11-30 00:00:00.000
"5975  ","KONDOX TAB                    ",4102,2025-12-31 00:00:00.000
"5976  ","KONDOX-UN                     ",3068,2025-12-31 00:00:00.000
"5976  ","KONDOX-UN                     ",4128,2025-12-31 00:00:00.000
"5977  ","KONZYME TAB                   ",NULL,NULL
"5978  ","KOP (A-Z)TAB                  ",NULL,NULL
"5979  ","KOPLYTE ORS POWDER            ",NULL,NULL
"5980  ","KOS-Q TAB                     ",NULL,NULL
"5981  ","KP-CPM                        ",NULL,NULL
"5982  ","KRON TAB                      ",NULL,NULL
"5983  ","KTCH DHRA COOK WEL OIL DSPNS1 ",.,NULL
"5984  ","KTWO 200MG TAB                ",NULL,NULL
"5985  ","KTWO SHAMPOO 2%               ",NULL,NULL
"5986  ","KTWO SOAP                     ",DS-022,2025-01-31 00:00:00.000
"5987  ","KTWO.SHAMPOO                  ",NULL,NULL
"5988  ","KTZ SHAPOO                    ",NULL,NULL
"5989  ","KUFDOZ ACTIVE TAB             ",NULL,NULL
"5990  ","KUFFGO TAB                    ",CHT-2711,2025-09-30 00:00:00.000
"5991  ","KULGUT CAP                    ",NULL,NULL
"5992  ","KWICK AID TAPE 1""             ",NULL,NULL
"5993  ","KWICK AID TAPE 1/2""           ",NULL,NULL
"5994  ","KWITDERM CREAM                ",S773,2025-09-30 00:00:00.000
"5995  ","KWITDERM-KT CREAM             ",SC-250,2024-07-30 00:00:00.000
"5995  ","KWITDERM-KT CREAM             ",SC627,2025-01-31 00:00:00.000
"5996  ","L HIST MONT TAB               ",NULL,NULL
"5997  ","L-CETICO                      ",NULL,NULL
"5998  ","L-CETMOON TAB                 ",TM22051,2024-04-30 00:00:00.000
"5999  ","L-CETRIVER TAB                ",NULL,NULL
"6000  ","L-CITIZD TAB                  ",NULL,NULL
"6001  ","L-LODIZIN 5                   ",NULL,NULL
"6002  ","L.B.DROX 250MG TAB            ",NULL,NULL
"6003  ","LABMOX 125MG TAB              ",NULL,NULL
"6004  ","LABMOX 500 MG CAP             ",NULL,NULL
"6005  ","LABODINE LOTION               ",NULL,NULL
"6006  ","LABOGESIC MR TAB              ",NULL,NULL
"6007  ","LABSCAB LOTION                ",NLL-005,2025-11-30 00:00:00.000
"6008  ","LABSCAB LOTION                ",NULL,NULL
"6009  ","LABSCAB-P SOAP                ",NULL,NULL
"6010  ","LACTOEVE WASH(N)              ",NULL,NULL
"6011  ","LACTOMOX-500 CAP              ",NULL,NULL
"6012  ","LACTORID TAB                  ",NULL,NULL
"6013  ","LAMIFIL 250TAB                ",28-011,2025-12-31 00:00:00.000
"6014  ","LAMIFIL CREAM                 ",NULL,NULL
"6015  ","LANCET                        ",.,NULL
"6016  ","LANNY ELBOW CAP*              ",NULL,NULL
"6017  ","LANNY KNEECAP (L)             ",NULL,NULL
"6018  ","LANNY STOCKINETTE SMALL*      ",NULL,NULL
"6019  ","LANTAC 150 TAB                ",NULL,NULL
"6020  ","LAPTOP TAB                    ",NULL,NULL
"6021  ","LARICET TAB                   ",NULL,NULL
"6022  ","LASIX 40MG TAB                ",4P0313A,2026-12-31 00:00:00.000
"6023  ","LAXCLDE SCAHETS               ",NULL,NULL
"6024  ","LAXCLIDE GRANULES             ",NULL,NULL
"6025  ","LAXISAN TAB                   ",TM22245,2025-10-30 00:00:00.000
"6026  ","LAXODOC SOLUTION              ",NULL,NULL
"6027  ","LC GEL LOTION (LULICONAZOLE)  ",NULL,NULL
"6028  ","LE CETTZONE TAB               ",NULL,NULL
"6029  ","LEAVOCET 5 TAB                ",LF-01044,2025-11-30 00:00:00.000
"6029  ","LEAVOCET 5 TAB                ",LF-1038,2025-02-28 00:00:00.000
"6029  ","LEAVOCET 5 TAB                ",LF-1044,2025-11-30 00:00:00.000
"6029  ","LEAVOCET 5 TAB                ",LT-1043,2025-10-30 00:00:00.000
"6030  ","LEAVOCET CAP                  ",NULL,NULL
"6031  ","LEAVOCET-M                    ",LCM-1043,2025-11-30 00:00:00.000
"6032  ","LECET-5 TAB                   ",NULL,NULL
"6033  ","LEEMOL 650 TAB                ",NULL,NULL
"6034  ","LEEZOLE TAB                   ",NULL,NULL
"6035  ","LEFOX-500 TAB                 ",NULL,NULL
"6036  ","LEMON-C-50                    ",NULL,NULL
"6037  ","LEOCETRIZEN TAB               ",NULL,NULL
"6038  ","LEOCREP 6CM*4MT*              ",NULL,NULL
"6039  ","LEOCREP 8CM*4MT*              ",NULL,NULL
"6040  ","LEUKOPLAST 1""                 ",23A068,2027-03-30 00:00:00.000
"6040  ","LEUKOPLAST 1""                 ",23A136,2027-11-30 00:00:00.000
"6040  ","LEUKOPLAST 1""                 ",23A156,2027-07-30 00:00:00.000
"6040  ","LEUKOPLAST 1""                 ",23A158,2027-07-30 00:00:00.000
"6040  ","LEUKOPLAST 1""                 ",23A236,2027-11-30 00:00:00.000
"6040  ","LEUKOPLAST 1""                 ",24A060,2028-02-28 00:00:00.000
"6040  ","LEUKOPLAST 1""                 ",24A064,2028-02-28 00:00:00.000
"6041  ","LEUKOPLAST 2""                 ",19A220,2025-10-30 00:00:00.000
"6041  ","LEUKOPLAST 2""                 ",21A153,2025-07-30 00:00:00.000
"6041  ","LEUKOPLAST 2""                 ",23A144,2028-02-28 00:00:00.000
"6042  ","LEUKOPLAST 3""                 ",23A214,2027-10-30 00:00:00.000
"6042  ","LEUKOPLAST 3""                 ",23A222,2027-10-30 00:00:00.000
"6042  ","LEUKOPLAST 3""                 ",24A051,2028-02-28 00:00:00.000
"6042  ","LEUKOPLAST 3""                 ",24A072,2028-02-28 00:00:00.000
"6042  ","LEUKOPLAST 3""                 ",24A080,2028-03-31 00:00:00.000
"6043  ","LEUKOPLAST 4""                 ",23A136,2027-06-30 00:00:00.000
"6044  ","LEUKOPOR 1""                   ",NULL,NULL
"6045  ","LEUKOPOR 1/2""                 ",20CL001,2024-12-31 00:00:00.000
"6046  ","LEVANTRO-OZ TAB               ",NULL,NULL
"6047  ","LEVAQUILIN-500MG TAB          ",30-21,2027-03-31 00:00:00.000
"6048  ","LEVCET COLD TAB               ",NULL,NULL
"6049  ","LEVCET TAB                    ",NULL,NULL
"6050  ","LEVELFOX 500MG TAB            ",NULL,NULL
"6051  ","LEVIC TAB                     ",NULL,NULL
"6052  ","LEVITRIX COLD TAB             ",NULL,NULL
"6053  ","LEVOCEE                       ",NULL,NULL
"6054  ","LEVOCEE TAB                   ",NULL,NULL
"6055  ","LEVOCEE TAB                   ",NULL,NULL
"6056  ","LEVOCEE TAB                   ",NULL,NULL
"6057  ","LEVOCEE TAB 10                ",NULL,NULL
"6058  ","LEVOCEE TAB 10`               ",NULL,NULL
"6059  ","LEVOCEE TAB 10`S              ",NULL,NULL
"6060  ","LEVOCEE*                      ",NULL,NULL
"6061  ","LEVOCET F/C 5MG TAB           ",NULL,NULL
"6062  ","LEVOCETIRIZINE TAB            ",VLE-123,2027-04-30 00:00:00.000
"6062  ","LEVOCETIRIZINE TAB            ",VLZ-122,2026-09-30 00:00:00.000
"6063  ","LEVOCETIX TAB                 ",PT-32364,2025-07-30 00:00:00.000
"6064  ","LEVOLEE-500 TAB               ",NULL,NULL
"6065  ","LEVOLIDE TAB                  ",NULL,NULL
"6066  ","LEVOMATE OZ TAB               ",NULL,NULL
"6067  ","LEVOPAR-AM                    ",NULL,NULL
"6068  ","LEVOPEN 5 TAB                 ",NULL,NULL
"6069  ","LEVOSETRIDE COLD TAB          ",NULL,NULL
"6070  ","LEVOSETRIDE TAB 5MG           ",NULL,NULL
"6071  ","LEVOTAB-500 TAB               ",NULL,NULL
"6072  ","LEVOTAS 500                   ",NULL,NULL
"6073  ","LEVOTAS-250TAB                ",NULL,NULL
"6074  ","LEVOWIN 500MG TAB             ",NULL,NULL
"6075  ","LEVOWIN TAB                   ",NULL,NULL
"6076  ","LEVOWIN TAB                   ",NULL,NULL
"6077  ","LEVOWIN TAB                   ",NULL,NULL
"6078  ","LEVOWOK 250MG TAB             ",NULL,NULL
"6079  ","LEVOWOK 500MG TAB             ",NULL,NULL
"6080  ","LEVOZET TAB                   ",SP238502,2026-04-30 00:00:00.000
"6081  ","LEXILID TAB                   ",NULL,NULL
"6082  ","LEZEN TAB                     ",NULL,NULL
"6083  ","LIB-CITRI-IO(CETRIZINE)TAB    ",NULL,NULL
"6084  ","LIBRAMOL TAB(PARA)            ",NULL,NULL
"6085  ","LICENA SOAP                   ",NULL,NULL
"6086  ","LIDOFORD TAB                  ",NULL,NULL
"6087  ","LIDOMAX-600                   ",NULL,NULL
"6088  ","LIFE DHA PLUS SACHET          ",NULL,NULL
"6089  ","LIFELYTE ORS LIQUID           ",NULL,NULL
"6090  ","LIGHT`N SKIN SOAP (M.S)NEW    ",DSO-3025,2025-08-30 00:00:00.000
"6091  ","LIGOCAIN 2% JELLY             ",DE4A01,2026-12-31 00:00:00.000
"6092  ","LIKADINE OINTMENT 15GM.*      ",NULL,NULL
"6093  ","LIMDA SOAP (NEEM)             ",NULL,NULL
"6094  ","LIMOL-500MG TAB               ",NULL,NULL
"6095  ","LINADANE LOTION USP           ",NULL,NULL
"6096  ","LINCARE TAB                   ",NULL,NULL
"6097  ","LINDANE LOTION U.S.P          ",NULL,NULL
"6098  ","LINDANE LOTION U.S.P.         ",NULL,NULL
"6099  ","LINDANE LOTION USP            ",NULL,NULL
"6100  ","LINDANE LOTION USP            ",NULL,NULL
"6101  ","LINEN 3/0 FI THREAD           ",NULL,NULL
"6102  ","LINOFRENCH 600 TAB            ",NULL,NULL
"6103  ","LINOSTAR 600 TAB              ",NULL,NULL
"6104  ","LINZIN TAB                    ",NULL,NULL
"6105  ","LINZOTOP-600MG TAB            ",NULL,NULL
"6106  ","LIP SAFE OINT                 ",NULL,NULL
"6107  ","LIPVAS TAB IP 20MG            ",NULL,NULL
"6108  ","LIQUID PARAFFIN I.P..         ",NULL,NULL
"6109  ","LIQUID PARAFINE I.P.          ",NULL,NULL
"6110  ","LISTER B.P.BLADE              ",NULL,NULL
"6111  ","LISTER B.P.BLADE              ",.,2025-05-31 00:00:00.000
"6112  ","LISTER BLED.NO.22             ",NULL,NULL
"6113  ","LIV-AM TAB                    ",NULL,NULL
"6114  ","LIV-P-ZIME TAB                ",NULL,NULL
"6115  ","LIVFORD AM TAB                ",NULL,NULL
"6116  ","LIVOCETRIKOP TAB              ",NULL,NULL
"6117  ","LIVOMED-500 TAB               ",NULL,NULL
"6118  ","LIVONA 250 TAB                ",NULL,NULL
"6119  ","LIVOPLEX                      ",NULL,NULL
"6120  ","LIVOPLEX CAP                  ",NULL,NULL
"6121  ","LIVTRIN TAB                   ",NULL,NULL
"6122  ","LIVZEC-500 TAB                ",AT022722,2025-02-28 00:00:00.000
"6123  ","LIZONIUS (LINEZOLID)          ",T231034,2025-08-30 00:00:00.000
"6124  ","LOMIN-P TAB                   ",NULL,NULL
"6125  ","LOMODIUM(LOPERAMIDE)TAB       ",NULL,NULL
"6126  ","LONAC-50 (DICLO)TAB           ",NULL,NULL
"6127  ","LOP-2TAB(R)                   ",NULL,NULL
"6128  ","LOPA-2 TAB                    ",NULL,NULL
"6129  ","LOPAID CAP                    ",NULL,NULL
"6130  ","LOPERAMIDE                    ",NULL,NULL
"6131  ","LOPERAMIDE 2MG TAB            ",NULL,NULL
"6132  ","LOPERAMIDE 2MG TAB            ",NULL,NULL
"6133  ","LOPERAMIDE HCL 2MG.TAB        ",PP/125,2026-04-30 00:00:00.000
"6133  ","LOPERAMIDE HCL 2MG.TAB        ",PP/452,2025-09-30 00:00:00.000
"6133  ","LOPERAMIDE HCL 2MG.TAB        ",PP/831,2026-10-30 00:00:00.000
"6134  ","LOPERAMIDE HCL TAB            ",NULL,NULL
"6135  ","LOPERAMIDE HCL TAB            ",221207,2025-11-30 00:00:00.000
"6136  ","LOPERAMIDE HCL TAB I.P        ",NULL,NULL
"6137  ","LOPERAMIDE HYD                ",NULL,NULL
"6138  ","LOPERAMIDE HYD.TAB U.S.P.     ",NULL,NULL
"6139  ","LOPERAMIDE TAB                ",NULL,NULL
"6140  ","LOPERAMIDE TAB                ",NULL,NULL
"6141  ","LOPERAMIDE TAB                ",NULL,NULL
"6142  ","LOPERAMIDE TAB                ",NULL,NULL
"6143  ","LOPERAMIDE TAB                ",NULL,NULL
"6144  ","LOPERAMIDE TAB                ",NULL,NULL
"6145  ","LOPERAMIDE TAB                ","L,-115",2026-06-30 00:00:00.000
"6146  ","LOPERAMIDE TAB                ",NULL,NULL
"6147  ","LOPERAMIDE TAB                ",NULL,NULL
"6148  ","LOPERAMIDE TAB                ",FN2004BO,2024-06-30 00:00:00.000
"6149  ","LOPERAMIDE TAB 2MG            ",NULL,NULL
"6150  ","LOPERAMIDE TAB U.S.P.         ",NULL,NULL
"6151  ","LOPERAMIDE TAB(LYKA)          ",NULL,NULL
"6152  ","LOPERANUDE TAB                ",NULL,NULL
"6153  ","LOPERMIDE(LIPERO)2MG TAB      ",NULL,NULL
"6154  ","LOPIDE CAP                    ",NULL,NULL
"6155  ","LOPIDE TAB 10`S               ",NULL,NULL
"6156  ","LOPMAK                        ",NULL,NULL
"6157  ","LOPRAMIDE TAB                 ",NULL,NULL
"6158  ","LORA-2(LOPERMIDE)             ",4141,2025-12-31 00:00:00.000
"6159  ","LORDIZIN 10MG TAB             ",NULL,NULL
"6160  ","LORFLAM-BP(LORNOXICAM & PARA) ",NULL,NULL
"6161  ","LORMAK                        ",NULL,NULL
"6162  ","LORNI PLUS TAB                ",NULL,NULL
"6163  ","LOROMYCIN 250MG TAB           ",NULL,NULL
"6164  ","LOROMYCIN 500MG TAB           ",NULL,NULL
"6165  ","LOROQUIN-250MG.TAB            ",NULL,NULL
"6166  ","LOROQUINE-500 TAB             ",NULL,NULL
"6167  ","LOVOLKEM 250MG TAB            ",NULL,NULL
"6168  ","LOVOLKEM 500MG TAB            ",NULL,NULL
"6169  ","LULICAN CREAM                 ",NULL,NULL
"6170  ","LULICARD CREAM                ",NULL,NULL
"6171  ","LULICARE CREAM                ",QO-23044,2025-07-30 00:00:00.000
"6172  ","LULICARE CREAM 30GM           ",NULL,NULL
"6173  ","LULICARE LOTION 1%            ",QLL-025,2025-06-30 00:00:00.000
"6173  ","LULICARE LOTION 1%            ",QLL-027,2025-10-30 00:00:00.000
"6174  ","LULICARE SOAP                 ",NULL,NULL
"6175  ","LULICOBEST LOTION             ",O-2010018,2022-09-30 00:00:00.000
"6176  ","LULICOLE CREAM                ",NULL,NULL
"6177  ","LULIDILA OINTMENT             ",NULL,NULL
"6178  ","LULIFORD 10GM CREAM           ",NULL,NULL
"6179  ","LULIPAR CREAM                 ",NULL,NULL
"6180  ","LULIRID                       ",NULL,NULL
"6181  ","LULISIGN CREAM                ",NULL,NULL
"6182  ","LULISPORT CREAM 15GM          ",312,2025-06-30 00:00:00.000
"6183  ","LULISPORT CREAM 30GM          ",NULL,NULL
"6184  ","LULISPORT LOTION 20ML         ",13,2025-03-31 00:00:00.000
"6185  ","LULIZEN CREAM                 ",NULL,NULL
"6186  ","LULYPRO CREAM                 ",NULL,NULL
"6187  ","LUMBER BELT 38""               ",NULL,NULL
"6188  ","LUMBER BELT 46""               ",NULL,NULL
"6189  ","LUPIBEND TAB                  ",009L23BG,2026-05-30 00:00:00.000
"6190  ","LUPICAL 500MG TAB             ",NULL,NULL
"6191  ","LUPIDINE OINT                 ",N0440004,2025-12-31 00:00:00.000
"6191  ","LUPIDINE OINT                 ",NO4400004,2025-12-30 00:00:00.000
"6192  ","LUPIGRA 100MG.TAB             ",NULL,NULL
"6193  ","LUPIGRA 50MG.TAB              ",NULL,NULL
"6194  ","LUPIMOX 500 CAPS              ",NULL,NULL
"6195  ","LUPIN ZYSILS G/L              ",NULL,NULL
"6196  ","LUPIN ZYSILS LONZENGES        ",NULL,NULL
"6197  ","LUPINMECTIN FORTE TAB         ",NULL,NULL
"6198  ","LUPINS ORS LIQUID             ",NULL,NULL
"6199  ","LUPIPORE SURGICAL TAPE 3""     ",NULL,NULL
"6200  ","LUPISERA 10MG TAB             ",NULL,NULL
"6201  ","LYCANS                        ",NULL,NULL
"6202  ","LYCET (O)TAB                  ",NULL,NULL
"6203  ","LYCET TAB                     ",NULL,NULL
"6204  ","LYCOBER CAP                   ",NULL,NULL
"6205  ","LYCOBERI CAP                  ",NULL,NULL
"6206  ","LYCOBERI POWDER               ",NULL,NULL
"6207  ","LYCOBEZA GOLD CAP             ",NULL,NULL
"6208  ","LYCOBOOST CAP                 ",NULL,NULL
"6209  ","LYCODOT CAP                   ",NULL,NULL
"6210  ","LYCOFRENCH-V CAP              ",NULL,NULL
"6211  ","LYCOLD TAB                    ",NULL,NULL
"6212  ","LYCOLD TAB                    ",NULL,NULL
"6213  ","LYCOLINK-POWDER               ",NULL,NULL
"6214  ","LYCOLYFE CAP                  ",NULL,NULL
"6215  ","LYCOPIN RED CAP               ",NULL,NULL
"6216  ","LYCOTEC CAP                   ",NULL,NULL
"6217  ","LYCOWELL SOFTGEL CAP          ",NULL,NULL
"6218  ","LYDOM TAB                     ",NULL,NULL
"6219  ","LYMEF-FORTE(MEFE & PARA)      ",NULL,NULL
"6220  ","LYNIM PLUS TAB                ",NULL,NULL
"6221  ","LYNIM PLUS TAB                ",NULL,NULL
"6222  ","LYNIM PLUS TAB (L)            ",NULL,NULL
"6223  ","LYNIM TAB                     ",NULL,NULL
"6224  ","LYPOL-650MG TAB               ",NULL,NULL
"6225  ","LYPRAZ-O.5MG TAB              ",NULL,NULL
"6226  ","LYSOL SOAP SOLUTION           ",NULL,NULL
"6227  ","LYTAKER CAP                   ",NULL,NULL
"6228  ","M-MOX 500CAP                  ",NULL,NULL
"6229  ","M-ZYME TAB                    ",NULL,NULL
"6230  ","M.D.SET*                      ",NULL,NULL
"6231  ","MACKENTOS RUBBER SHEET        ",NULL,NULL
"6232  ","MACRAL 200MG TAB              ",NULL,NULL
"6233  ","MADHURASHA RAS(TWIN PACK)     ",NNAL-170,2024-12-31 00:00:00.000
"6234  ","MAFLAB-SPAS                   ",NMFT-016,2026-09-30 00:00:00.000
"6235  ","MAG-O-SIL TAB                 ",NULL,NULL
"6236  ","MAGALOX-DX CAP                ",NULL,NULL
"6237  ","MAGNADOL                      ",230102,2025-04-30 00:00:00.000
"6238  ","MAGNAGEL-MPS TAB              ",1445-YL,2027-03-31 00:00:00.000
"6238  ","MAGNAGEL-MPS TAB              ",1457/YL1,2027-05-31 00:00:00.000
"6238  ","MAGNAGEL-MPS TAB              ",1731,2026-11-30 00:00:00.000
"6238  ","MAGNAGEL-MPS TAB              ",1738,2027-02-28 00:00:00.000
"6238  ","MAGNAGEL-MPS TAB              ",1739,2027-02-28 00:00:00.000
"6238  ","MAGNAGEL-MPS TAB              ",1740,2027-02-28 00:00:00.000
"6238  ","MAGNAGEL-MPS TAB              ",1741,2027-02-28 00:00:00.000
"6238  ","MAGNAGEL-MPS TAB              ",1742-PK,2027-03-31 00:00:00.000
"6238  ","MAGNAGEL-MPS TAB              ",1744,2027-03-31 00:00:00.000
"6238  ","MAGNAGEL-MPS TAB              ",1744-P,2027-03-31 00:00:00.000
"6238  ","MAGNAGEL-MPS TAB              ",1745-Y,2027-03-31 00:00:00.000
"6238  ","MAGNAGEL-MPS TAB              ",1746-G,2027-03-31 00:00:00.000
"6238  ","MAGNAGEL-MPS TAB              ",1746-GR,2027-03-31 00:00:00.000
"6238  ","MAGNAGEL-MPS TAB              ",1747,2027-03-30 00:00:00.000
"6238  ","MAGNAGEL-MPS TAB              ",1750,2027-04-30 00:00:00.000
"6238  ","MAGNAGEL-MPS TAB              ",1752,2027-04-30 00:00:00.000
"6238  ","MAGNAGEL-MPS TAB              ",1752/GR,2027-04-30 00:00:00.000
"6238  ","MAGNAGEL-MPS TAB              ",1753/PK,2027-05-31 00:00:00.000
"6238  ","MAGNAGEL-MPS TAB              ",1756/GR,2027-05-31 00:00:00.000
"6238  ","MAGNAGEL-MPS TAB              ",1757,2027-05-31 00:00:00.000
"6239  ","MAGNASPAS TAB                 ",NULL,NULL
"6240  ","MAGNESIUM SUPLHATE I.P        ",NULL,NULL
"6241  ","MAGNESIUM-SULPHATE-I.P        ",NULL,NULL
"6242  ","MAHADERM GM CREAM 20GM        ",G003,2026-03-31 00:00:00.000
"6243  ","MAHANEC S TAB                 ",NULL,NULL
"6244  ","MAHDERM GM CREAM 20GM         ",NULL,NULL
"6245  ","MAKAIR FX TAB                 ",NULL,NULL
"6246  ","MAKAIR TAB                    ",NULL,NULL
"6247  ","MAKERS BEAUTY CREAM           ",ATR301,2025-05-30 00:00:00.000
"6248  ","MAKERS MALT 400GM             ",NULL,NULL
"6249  ","MAKGSIC MR                    ",NULL,NULL
"6250  ","MALAJEN SHAMPOO               ",NULL,NULL
"6251  ","MALARIA DIAGNOSTIC KIT        ",NULL,NULL
"6252  ","MALDANGO TAB                  ",NULL,NULL
"6253  ","MALTONA                       ",NULL,NULL
"6254  ","MANDL`S PAINT                 ",NULL,NULL
"6255  ","MANGOPROT POWDER              ",NULL,NULL
"6256  ","MARGESIC-AP TAB               ",NULL,NULL
"6257  ","MARKMOX-DL CAP                ",NULL,NULL
"6258  ",MASTIGRA JELLY(SILDENAFIL ORAL,NULL,NULL
"6259  ","MAXCEE-500 TAB                ",NULL,NULL
"6260  ","MAXI FORTE TAB                ",NULL,NULL
"6261  ","MAXI-500 TAB                  ",NULL,NULL
"6262  ","MAXIDOX CAPSULES              ",NULL,NULL
"6263  ","MAXIFOL-Z CP                  ",NULL,NULL
"6264  ","MAXIMIZIN 375 TAB             ",NULL,NULL
"6265  ","MAXIMIZIN-625 TAB             ",NULL,NULL
"6266  ","MAXIPAR(IBU+PARA)             ",NULL,NULL
"6267  ","MAXIPRIM-SS                   ",NULL,NULL
"6268  ","MAXIPRIM-SS TAB               ",NULL,NULL
"6269  ","MAXIRICH                      ",NULL,NULL
"6270  ","MAXSPERM CAP                  ",NULL,NULL
"6271  ","MAXSTAM G SOFTGEL             ",NULL,NULL
"6272  ","MAXVITAL CAP                  ",NULL,NULL
"6273  ","MAZODERM V GEL                ",NULL,NULL
"6274  ","MAZODERM V TAB                ",NULL,NULL
"6275  ","MC PLUS CAP                   ",NULL,NULL
"6276  ","MC-KAL TAB                    ",NULL,NULL
"6277  ","MD ABS GAUZE ROLL 2""          ",0074,2027-03-31 00:00:00.000
"6277  ","MD ABS GAUZE ROLL 2""          ",JP-0074,2027-03-31 00:00:00.000
"6277  ","MD ABS GAUZE ROLL 2""          ",OJP-052,2026-08-30 00:00:00.000
"6277  ","MD ABS GAUZE ROLL 2""          ",OOJP-052,2026-08-30 00:00:00.000
"6278  ","MD ABS GAUZE ROLL 3""          ",073,2027-03-31 00:00:00.000
"6278  ","MD ABS GAUZE ROLL 3""          ",JP-043,2026-06-30 00:00:00.000
"6278  ","MD ABS GAUZE ROLL 3""          ",OJP-062,2026-11-30 00:00:00.000
"6278  ","MD ABS GAUZE ROLL 3""          ",OOJP-062,2026-11-30 00:00:00.000
"6279  ","MD ABS GAUZE ROLL 4""          ",JP-16,2027-03-31 00:00:00.000
"6279  ","MD ABS GAUZE ROLL 4""          ",OJP-061,2026-11-30 00:00:00.000
"6279  ","MD ABS GAUZE ROLL 4""          ",OJP-46,2026-11-30 00:00:00.000
"6279  ","MD ABS GAUZE ROLL 4""          ",OJP-61,2026-11-30 00:00:00.000
"6279  ","MD ABS GAUZE ROLL 4""          ",OOJP-061,2027-11-30 00:00:00.000
"6280  ","MD ABS GAUZE ROLL 6""          ",0076,2027-03-31 00:00:00.000
"6280  ","MD ABS GAUZE ROLL 6""          ",076,2027-03-31 00:00:00.000
"6280  ","MD ABS GAUZE ROLL 6""          ",49,2026-07-30 00:00:00.000
"6280  ","MD ABS GAUZE ROLL 6""          ",JP-76,2027-03-31 00:00:00.000
"6280  ","MD ABS GAUZE ROLL 6""          ",OJP-069,2027-01-30 00:00:00.000
"6281  ","MD CREPE BANDAG 06CM          ",101,2026-11-30 00:00:00.000
"6281  ","MD CREPE BANDAG 06CM          ",111,2025-04-30 00:00:00.000
"6282  ","MD CREPE BANDAGE 10CM         ",103,2025-02-28 00:00:00.000
"6283  ","MD CREPE BANDG 08CM           ",NULL,NULL
"6284  ","MEBEDAZOLE TAB                ",NULL,NULL
"6285  ","MEBENADAZLOE TAB              ",MB-131,2026-07-30 00:00:00.000
"6286  ","MEBENDAZOLE 100MG TAB         ",NULL,NULL
"6287  ","MEBENDAZOLE 100MG.TAB         ",NULL,NULL
"6288  ","MEBENDAZOLE IP TAB            ",NULL,NULL
"6289  ","MEBENDAZOLE TAB               ",NULL,NULL
"6290  ","MEBENDAZOLE TAB               ",NULL,NULL
"6291  ","MECIPAR 500MG TAB             ",NULL,NULL
"6292  ","MECIPAR 650MG TAB             ",NULL,NULL
"6293  ","MECOCAL FORTE TAB             ",ABTBA013,2025-11-30 00:00:00.000
"6293  ","MECOCAL FORTE TAB             ",ABTBA141,2026-03-31 00:00:00.000
"6293  ","MECOCAL FORTE TAB             ",DLT-9419,2025-07-31 00:00:00.000
"6294  ","MECOCARE PLUS NF CAP          ",NULL,NULL
"6295  ","MECOCARE XT TOTAL TAB         ",MXT-1013,2024-06-30 00:00:00.000
"6296  ","MECOFAR PLUS CAP              ",2201122C00,2024-10-30 00:00:00.000
"6296  ","MECOFAR PLUS CAP              ",2401122C01,2026-02-28 00:00:00.000
"6297  ","MECOFOL PLUS NF CAP           ",NULL,NULL
"6298  ","MECOTAR-PG CAP                ",NULL,NULL
"6299  ","MEDIC TAB                     ",4184,2026-01-31 00:00:00.000
"6299  ","MEDIC TAB                     ",5102,2026-03-31 00:00:00.000
"6300  ","MEDICA CANFIX                 ",NULL,NULL
"6301  ","MEDICA GAUZE SWAB             ",NULL,NULL
"6302  ","MEDICA GAUZE SWAB             ",NULL,NULL
"6303  ","MEDICA GAUZE SWAB             ",M2141052,2025-03-31 00:00:00.000
"6303  ","MEDICA GAUZE SWAB             ",M2241031,2026-02-28 00:00:00.000
"6303  ","MEDICA GAUZE SWAB             ",M2341067,2027-04-30 00:00:00.000
"6304  ","MEDICA ROLLED BANDAGE 10GM*3  ",NULL,NULL
"6305  ","MEDINEEM SOAP                 ",NULL,NULL
"6306  ","MEDIRIT-S TAB                 ",NULL,NULL
"6307  ","MEDISAFE PLUS NEEDLE 24 NO    ",NULL,NULL
"6308  ","MEDOS AT                      ",NULL,NULL
"6309  ","MEELON 1 LTR                  ",NULL,NULL
"6310  ","MEFACID SPAS TAB              ",NULL,NULL
"6311  ","MEFAMINE TAB                  ",NULL,NULL
"6312  ","MEFANMIC & DICYLOMINE         ",VPM-123,2026-03-31 00:00:00.000
"6312  ","MEFANMIC & DICYLOMINE         ",VPM-124,2026-08-30 00:00:00.000
"6313  ","MEFCEA FORTE TAB              ",NULL,NULL
"6314  ","MEFENAMIC & DICYCLOMINE TAB   ",NULL,NULL
"6315  ","MEFENTRA FORTE TAB            ",TG2015A,2024-06-30 00:00:00.000
"6316  ","MEFGESIC FORTE                ",NULL,NULL
"6317  ","MEFIC-FORTE TAB               ",NULL,NULL
"6318  ","MEFLEYSPAS-PLUS TAB           ",NULL,NULL
"6319  ","MEFLUP-FORTE                  ",NULL,NULL
"6320  ","MEFNAVIZ FORTE DS TAB         ",T2304123,2026-03-31 00:00:00.000
"6321  ","MEFNETRA-SPAS TAB             ",NULL,NULL
"6322  ","MEFRIL SPAS DS                ",NULL,NULL
"6323  ","MEFRIL SPAS TAB               ",NULL,NULL
"6324  ","MEFZEN FORTE                  ",NULL,NULL
"6325  ","MEGA K2 7                     ",NULL,NULL
"6326  ","MEGA MASS                     ",NULL,NULL
"6327  ","MEGACEF 200 TAB               ",NULL,NULL
"6328  ","MEGACLOX-DT                   ",NULL,NULL
"6329  ","MEGAMENTIN 625 TAB            ",NULL,NULL
"6330  ","MEGAMENTIN-375 TAB            ",NULL,NULL
"6331  ","MEGAMOL TAB                   ",NULL,NULL
"6332  ","MEGAMOX CV 375MG TAB          ",NULL,NULL
"6333  ","MEGANERV FORTE                ",NULL,NULL
"6334  ","MEGANERV PG CAP               ",NPC23005MB,2025-11-30 00:00:00.000
"6335  ","MEGARAB-D                     ",NULL,NULL
"6336  ","MEGARICH CAP                  ",NULL,NULL
"6337  ","MEGASPIN TABLET               ",NULL,NULL
"6338  ","MEGNAGEL-MPS                  ",NULL,NULL
"6339  ","MELAROOP CREAM                ",NULL,NULL
"6340  ","MELQUEEN TAB                  ",NULL,NULL
"6341  ","MENAKROM TAB                  ",NULL,NULL
"6342  ","MENAKROM TAB*                 ",NULL,NULL
"6343  ","MENSOLIX PLUS CAP             ",NULL,NULL
"6344  ","MEPCOL-4 TAB                  ",NULL,NULL
"6345  ","MERICOF TAB                   ",NULL,NULL
"6346  ","MERIFOL CAP                   ",NULL,NULL
"6347  ","MERIFOL CAP*                  ",NULL,NULL
"6348  ","MERIGAT-200                   ",NULL,NULL
"6349  ","MERILYTE POWDER               ",NULL,NULL
"6350  ","MERIMOL 500                   ",NULL,NULL
"6351  ","MERIMOL 650 TAB`              ",NULL,NULL
"6352  ","MERIMOL-500 TAB               ",NULL,NULL
"6353  ","MERIMOX 125 DT TAB            ",NULL,NULL
"6354  ","MERIMOX 250DT                 ",NULL,NULL
"6355  ","MERIMOX 250DT TAB             ",NULL,NULL
"6356  ","MERIMOX 250DT TAB             ",NULL,NULL
"6357  ","MERIMOX 250MG CAP             ",NULL,NULL
"6358  ","MERIMOX 250MG CAP             ",NULL,NULL
"6359  ","MERIMOX 250MG.TAB             ",NULL,NULL
"6360  ","MERIMOX 500 CAP               ",NULL,NULL
"6361  ","MERIMOX 500MG CAP             ",NULL,NULL
"6362  ","MERIMOX 500MG CAP             ",NULL,NULL
"6363  ","MERIPROZ 0.5MG TAB            ",NULL,NULL
"6364  ","MERISULIDE 100MG TAB          ",NULL,NULL
"6365  ","MERISULIDE PLUS TAB           ",NULL,NULL
"6366  ","MERISULIDE TAB                ",NULL,NULL
"6367  ","MERSILK 3/0 NW 5028           ",NULL,NULL
"6368  ","MERSUTER 1-0 NW 4242          ",NULL,NULL
"6369  ","MERSUTER 2-0 NW 4241          ",NULL,NULL
"6370  ","MERSUTER 2-0 NW 4277          ",NULL,NULL
"6371  ","MERSUTER 3-0 NW 4201          ",NULL,NULL
"6372  ","MERSUTER 3-0 NW 4237 THREAD   ",NULL,NULL
"6373  ","MERSUTER 3/0 NW 4285          ",NULL,NULL
"6374  ","MERSUTER NO.1NW 4259          ",NULL,NULL
"6375  ","MESPAS TAB                    ",NULL,NULL
"6376  ","MET 200MG TAB                 ",AT-20455,2026-01-31 00:00:00.000
"6376  ","MET 200MG TAB                 ",AT-24055,2026-01-31 00:00:00.000
"6376  ","MET 200MG TAB                 ",AT-24207,2026-05-31 00:00:00.000
"6377  ","METACHLOPRAMIDE 10MG.TAB      ",MCP-94,2025-10-30 00:00:00.000
"6378  ","METACLOPRAMIDE 10MG TAB       ",NULL,NULL
"6379  ","METACLOPRAMIDE I.P.10MG TAB   ",PP/173,2026-05-31 00:00:00.000
"6380  ","METACLOPRAMIDE I.P.TAB        ",NULL,NULL
"6381  ","METACLOPRAMIDE TAB            ",NULL,NULL
"6382  ","METADON 50XL TAB              ",7873003,2025-11-30 00:00:00.000
"6383  ","METADON-25 XL TAB             ",7364001,2025-12-31 00:00:00.000
"6384  ","METAGYL-400 TAB               ",023313,2026-07-30 00:00:00.000
"6384  ","METAGYL-400 TAB               ",B23313,2026-07-30 00:00:00.000
"6385  ","METBETIC 500MG TAB            ",NULL,NULL
"6386  ","METCAM 500 TAB                ",NULL,NULL
"6387  ","METFORMIAN 500 SR TAB         ",NULL,NULL
"6388  ","METFORMIN 500MG TAB           ",NULL,NULL
"6389  ","METHYLFORD-PG TAB             ",NULL,NULL
"6390  ","METOAN ER 25                  ",NULL,NULL
"6391  ","METOAN ER-50 TAB              ",NULL,NULL
"6392  ","METOCLOPRAMIDE TAB            ",PP/173,2026-05-30 00:00:00.000
"6393  ","METOL 50XL TAB                ",NULL,NULL
"6394  ","METOLOL-25XL                  ",NULL,NULL
"6395  ","METOPROL XL 25MG TAB          ",NULL,NULL
"6396  ","METORDIL XL-25 TAB            ",NULL,NULL
"6397  ","METORDIL XL-50 TAB            ",T221267,2024-07-30 00:00:00.000
"6398  ","METOREX-25 XL TAB             ",NULL,NULL
"6399  ","METOROL-XL 25MG TAB           ",NULL,NULL
"6400  ","METOROL-XL 50MG TAB           ",NULL,NULL
"6401  ","METRO 200MG TAB               ",NULL,NULL
"6402  ","METRO 200MG TAB               ",ANK3002DM,2026-06-30 00:00:00.000
"6402  ","METRO 200MG TAB               ",ANK3005DM,2026-06-30 00:00:00.000
"6402  ","METRO 200MG TAB               ",ANK4001EB,2026-12-31 00:00:00.000
"6403  ","METRO 400MG TAB               ",NULL,NULL
"6404  ","METRO 400MG TAB               ",NULL,NULL
"6405  ","METRO 400MG TAB               ",NULL,NULL
"6406  ","METRO 400MG TAB               ",ANL3004EA,2026-07-30 00:00:00.000
"6406  ","METRO 400MG TAB               ",ANL4002EB,2026-12-31 00:00:00.000
"6407  ","METRO-200 (HALEMET-200)       ",NULL,NULL
"6408  ","METRO-400 TAB                 ",NULL,NULL
"6409  ","METROLIFE 200MG.TAB           ",NULL,NULL
"6410  ","METROLIFE-400MG TAB           ",NULL,NULL
"6411  ","METRON 25 TABS                ",NULL,NULL
"6412  ","METRONIDAZOL 200MG TAB        ",MSFC-184,2026-05-31 00:00:00.000
"6412  ","METRONIDAZOL 200MG TAB        ",MZFC-184,2026-05-31 00:00:00.000
"6412  ","METRONIDAZOL 200MG TAB        ",MZFZ-184,2026-06-30 00:00:00.000
"6413  ","METRONIDAZOL 400MG.TAB        ",AT-23400,2025-09-30 00:00:00.000
"6414  ","METRONIDAZOLE 200 F/C TAB     ",NULL,NULL
"6415  ","METRONIDAZOLE 200MG F/C TAB   ",NULL,NULL
"6416  ","METRONIDAZOLE 200MG TAB       ",NULL,NULL
"6417  ","METRONIDAZOLE 200MG TAB       ",NULL,NULL
"6418  ","METRONIDAZOLE 200MG TAB       ",NULL,NULL
"6419  ","METRONIDAZOLE 200MG TAB       ",NULL,NULL
"6420  ","METRONIDAZOLE 200MG TAB       ",NULL,NULL
"6421  ","METRONIDAZOLE 200MG TAB       ",NULL,NULL
"6422  ","METRONIDAZOLE 200MG TAB       ",240236,2027-01-31 00:00:00.000
"6423  ","METRONIDAZOLE 200MG TAB       ",NULL,NULL
"6424  ","METRONIDAZOLE 200MG TAB       ",NULL,NULL
"6425  ","METRONIDAZOLE 200MG TAB S/C   ",NULL,NULL
"6426  ","METRONIDAZOLE 200MG.TAB       ",NULL,NULL
"6427  ","METRONIDAZOLE 200MG.TAB       ",PP/502,2025-09-30 00:00:00.000
"6428  ","METRONIDAZOLE 200MG.TAB       ",NULL,NULL
"6429  ","METRONIDAZOLE 400 TAB         ",BMRT-043,2025-01-31 00:00:00.000
"6430  ","METRONIDAZOLE 400MG TAB       ",NULL,NULL
"6431  ","METRONIDAZOLE 400MG TAB       ",NULL,NULL
"6432  ","METRONIDAZOLE 400MG TAB       ",NULL,NULL
"6433  ","METRONIDAZOLE 400MG TAB       ",NULL,NULL
"6434  ","METRONIDAZOLE 400MG TAB       ",NULL,NULL
"6435  ","METRONIDAZOLE 400MG TAB       ",NULL,NULL
"6436  ","METRONIDAZOLE 400MG TAB       ",NULL,NULL
"6437  ","METRONIDAZOLE 400MG.TAB       ",NULL,NULL
"6438  ","METRONIDAZOLE F/C 200MG TAB   ",211151,2024-04-30 00:00:00.000
"6439  ","METRONIDAZOLE F/C 400MG       ",NULL,NULL
"6440  ","METRONIDAZOLE I.P.200MG TAB   ",NULL,NULL
"6441  ","METRONIDAZOLE I.P.400 F/C TAB ",NULL,NULL
"6442  ","METRONIDAZOLE I.P.400MG. TAB  ",NULL,NULL
"6443  ","METRONIDAZOLE I.P.400MG.TAB   ",NULL,NULL
"6444  ","METRONIDAZOLE IP 200MG TAB    ",NULL,NULL
"6445  ","METRONIDAZOLE TAB             ",NULL,NULL
"6446  ","METRONIDAZOLE TAB 200MG       ",NULL,NULL
"6447  ","METRONIDAZOLE TAB 200MG       ",NULL,NULL
"6448  ","METRONIDAZOLE TAB 200MG       ",NULL,NULL
"6449  ","METRONIDAZOLE TAB 200MG       ",NULL,NULL
"6450  ","METRONIDAZOLE TAB 400MG       ",AT-23178,2025-04-30 00:00:00.000
"6450  ","METRONIDAZOLE TAB 400MG       ",AT-24056,2025-12-31 00:00:00.000
"6450  ","METRONIDAZOLE TAB 400MG       ",AT-24096,2026-02-28 00:00:00.000
"6450  ","METRONIDAZOLE TAB 400MG       ",AT-24123,2026-03-31 00:00:00.000
"6451  ","METRONIDAZOLE TAB 400MG       ",NULL,NULL
"6452  ","METRONIDAZOLE TAB 400MG       ",NULL,NULL
"6453  ","METRONIDAZOLE TAB IP          ",NULL,NULL
"6454  ","METRONIDAZOLE TAB IP 400MG    ",NULL,NULL
"6455  ","METRONIDAZOLE(S-METRO)TAB     ",NULL,NULL
"6456  ","METROSHULZ 200MG.TAB          ",NULL,NULL
"6457  ","METROSHULZ 400MG TAB          ",NULL,NULL
"6458  ","METROZ-200                    ",NULL,NULL
"6459  ","METROZI 200MG TAB             ",NULL,NULL
"6460  ","METROZI-200MG TAB             ",NULL,NULL
"6461  ","METSPOT XL 25 TAB             ",JKDU23002,2025-11-30 00:00:00.000
"6462  ","MEX SPIRIT                    ",NULL,NULL
"6463  ","MEXAFLO 200MG TAB             ",NULL,NULL
"6464  ","MEXAFLO OR TAB                ",NULL,NULL
"6465  ","MEXFOR SR 500MG TAB           ",NULL,NULL
"6466  ","MEXIPAR TAB                   ",NULL,NULL
"6467  ","MEXIPAR TABLET                ",3E3002D,2026-01-31 00:00:00.000
"6468  ","MEXLON 1LTR                   ",NULL,NULL
"6469  ","MF-VIVEX JUNIOR KIT           ",NULL,NULL
"6470  ","MFN-G1 TAB                    ",NULL,NULL
"6471  ","MICASULF CREAM                ",NULL,NULL
"6472  ","MICEF-O PLUS TAB              ",NULL,NULL
"6473  ","MICEF-O TAB                   ",0642002,2024-05-31 00:00:00.000
"6473  ","MICEF-O TAB                   ",M664003,2025-12-31 00:00:00.000
"6474  ","MICOFUNG-F CREAM              ",NULL,NULL
"6475  ","MICOMINE FORTE                ",NULL,NULL
"6476  ","MICOZEN-F CREAM               ",Z2297,2024-04-30 00:00:00.000
"6477  ","MICRO ORS POWDER              ",NULL,NULL
"6478  ","MICROCAL-D TAB                ",NULL,NULL
"6479  ","MICROCDEN TAB                 ",NULL,NULL
"6480  ","MICROCERIN-GM TAB             ",NULL,NULL
"6481  ","MICROCORT-6 TAB               ",NULL,NULL
"6482  ","MICROCORT-BD                  ",NULL,NULL
"6483  ","MICROFEROL D3 TAB             ",TMMI2301,2025-07-30 00:00:00.000
"6484  ","MICROFEROL POWDER             ",NULL,NULL
"6485  ","MICROFLAM P TAB               ",NULL,NULL
"6486  ","MICROFOL CAP                  ",MMC3003,2024-10-30 00:00:00.000
"6487  ","MICROMAX MOBILE               ",NULL,NULL
"6488  ","MICROMENTIN 625 TAB           ",NULL,NULL
"6489  ","MICROMOX-250 DT TAB           ",NULL,NULL
"6490  ","MICROMOX-500 CAP              ",NULL,NULL
"6491  ","MICROPOR 1"" TAPE              ",BH-008,2025-06-30 00:00:00.000
"6492  ","MICROPOR 1/2"" TAPE            ",BH-010,2025-12-31 00:00:00.000
"6493  ","MICROPOR TAPE 1/2""1M W/O      ",NULL,NULL
"6494  ","MICROPOR TAPE 2""*1M W/O       ",NULL,NULL
"6495  ","MICROPOR TAPE 3""*1M W/O       ",NULL,NULL
"6496  ","MICROPORE TAPE 1""             ",NULL,NULL
"6497  ","MICROPORE TAPE 1/2            ",NULL,NULL
"6498  ","MICROSULES                    ",RS3009,2024-12-31 00:00:00.000
"6499  ","MICROVIT CAP                  ",NULL,NULL
"6500  ","MICROZEN FORTE TAB (SERRI)    ",NULL,NULL
"6501  ","MICTAL 500(MEFEAMINC) TAB     ",NULL,NULL
"6502  ","MIDICLON-50 TAB               ",DSC2304M(O,2026-07-30 00:00:00.000
"6502  ","MIDICLON-50 TAB               ",DSC2305M(R,2026-07-30 00:00:00.000
"6502  ","MIDICLON-50 TAB               ",DSC2306M(V,2026-07-30 00:00:00.000
"6502  ","MIDICLON-50 TAB               ",DSC2307M(O,2026-07-30 00:00:00.000
"6502  ","MIDICLON-50 TAB               ",DSC2308M(R,2026-07-30 00:00:00.000
"6502  ","MIDICLON-50 TAB               ",DSC2309M(G,2026-07-30 00:00:00.000
"6503  ","MIFUCET 500MG TAB             ",NULL,NULL
"6504  ","MIFUCET FORTE                 ",NULL,NULL
"6505  ","MILJON PIMPLE GEL             ",NULL,NULL
"6506  ","MILJON-MELATONIN              ",NULL,NULL
"6507  ","MILON A-Z TAB                 ",NULL,NULL
"6508  ","MINIFIC SPAS TAB              ",NULL,NULL
"6509  ","MINOXIDIL LOTION 2%           ",NULL,NULL
"6510  ","MINOXIDIL LOTION 5%           ",NULL,NULL
"6511  ","MINOXYTOP SOLUTION            ",NULL,NULL
"6512  ","MINPROVIT CAP                 ",NULL,NULL
"6513  ","MINU TAB                      ",NULL,NULL
"6514  ","MIRA UN (N+P) TAB             ",3083,2025-03-31 00:00:00.000
"6514  ","MIRA UN (N+P) TAB             ",3084,2025-03-31 00:00:00.000
"6514  ","MIRA UN (N+P) TAB             ",3381,2025-06-30 00:00:00.000
"6514  ","MIRA UN (N+P) TAB             ",3621,2025-08-30 00:00:00.000
"6514  ","MIRA UN (N+P) TAB             ",3624,2025-08-30 00:00:00.000
"6514  ","MIRA UN (N+P) TAB             ",3849,2025-09-30 00:00:00.000
"6514  ","MIRA UN (N+P) TAB             ",3859,2025-09-30 00:00:00.000
"6514  ","MIRA UN (N+P) TAB             ",4042(G),2025-11-30 00:00:00.000
"6514  ","MIRA UN (N+P) TAB             ",4046(P),2025-11-30 00:00:00.000
"6514  ","MIRA UN (N+P) TAB             ",4108(Y),2025-12-30 00:00:00.000
"6514  ","MIRA UN (N+P) TAB             ",4381,2026-02-28 00:00:00.000
"6514  ","MIRA UN (N+P) TAB             ",4382,2026-02-28 00:00:00.000
"6514  ","MIRA UN (N+P) TAB             ",4384(P),2026-02-28 00:00:00.000
"6514  ","MIRA UN (N+P) TAB             ",4385(Y),2026-03-31 00:00:00.000
"6514  ","MIRA UN (N+P) TAB             ",4389,2026-02-28 00:00:00.000
"6514  ","MIRA UN (N+P) TAB             ",4390(G),2026-02-28 00:00:00.000
"6514  ","MIRA UN (N+P) TAB             ",5134,2026-04-30 00:00:00.000
"6514  ","MIRA UN (N+P) TAB             ",5136,2026-04-30 00:00:00.000
"6514  ","MIRA UN (N+P) TAB             ",5230,2026-05-31 00:00:00.000
"6515  ","MIROX 150MG TAB               ",NULL,NULL
"6516  ","MIROX-50 (ROXI-50)TAB         ",NULL,NULL
"6517  ","MISSWASH-100ML                ",NULL,NULL
"6518  ","MIZLONG-G CREAM               ",NULL,NULL
"6519  ","MODIPLEX-B CAP                ",230727,2025-06-30 00:00:00.000
"6520  ","MODIPLEX-B CAP 200            ",231203,2025-08-30 00:00:00.000
"6521  ","MOITUS CREAM                  ",NULL,NULL
"6522  ","MOKAN 250 DT TAB              ",NULL,NULL
"6523  ","MOKAN 500MG TAB               ",NULL,NULL
"6524  ","MOKAN 625 TAB                 ",SH240019,2026-03-31 00:00:00.000
"6524  ","MOKAN 625 TAB                 ",SH240020,2026-03-31 00:00:00.000
"6524  ","MOKAN 625 TAB                 ",TP23042,2025-02-28 00:00:00.000
"6525  ","MOKCAN 250 CAPS               ",NULL,NULL
"6526  ","MOKCAN CV 625 TAB (10)        ",SH241056,2026-03-31 00:00:00.000
"6527  ","MOL 500 (BLUE) TAB            ",NULL,NULL
"6528  ","MOLCER GEL                    ",NULL,NULL
"6529  ","MOLFAST 500 TAB               ",NULL,NULL
"6530  ","MONISION BALM                 ",20121,NULL
"6530  ","MONISION BALM                 ",20182,NULL
"6530  ","MONISION BALM                 ",20389,NULL
"6530  ","MONISION BALM                 ",20473,NULL
"6530  ","MONISION BALM                 ",20537,NULL
"6530  ","MONISION BALM                 ",20577,NULL
"6530  ","MONISION BALM                 ",20620,NULL
"6530  ","MONISION BALM                 ",20682,NULL
"6531  ","MONOCET-LC TAB                ",NULL,NULL
"6532  ","MONODOX CAP                   ",NULL,NULL
"6533  ","MONODUST DUSTING POWDER       ",NULL,NULL
"6534  ","MONOFRESH GEL 10GM.           ",NULL,NULL
"6535  ","MONOFRESH GUM PAINT           ",NULL,NULL
"6536  ","MONOLOC TAB 150MG (RANTAC)    ",NULL,NULL
"6537  ","MONOLOC-DM(RANI+DOM)          ",NULL,NULL
"6538  ","MONOPAS TAB                   ",NULL,NULL
"6539  ","MONOSELIC CREAM               ",NULL,NULL
"6540  ","MONOXIL-LC TAB                ",NULL,NULL
"6541  ","MONTAS-L TAB                  ",NULL,NULL
"6542  ","MONTECEPT L TAB               ",NULL,NULL
"6543  ","MONTEE-LC                     ",NULL,NULL
"6544  ","MONTERELIFE-LC TAB            ",NULL,NULL
"6545  ","MONTERELIFE-LC TAB            ",39-047,2025-02-28 00:00:00.000
"6545  ","MONTERELIFE-LC TAB            ",39-055,2026-02-28 00:00:00.000
"6546  ","MONTEY-L TAB                  ",NULL,NULL
"6547  ","MONTLEVO TAB                  ",NULL,NULL
"6548  ","MONTOGY-LC TAB                ",NULL,NULL
"6549  ","MOONCOF COUGH LONZENGES       ",MBOR28,2025-05-31 00:00:00.000
"6550  ","MOONCOF-Q  TAB                ",NULL,NULL
"6551  ","MOONCOF-Q-NF TAB              ",NULL,NULL
"6552  ","MOONCOF-SG CAP                ",NULL,NULL
"6553  ","MOONCOLD INHALER              ",MIN07,2025-02-28 00:00:00.000
"6554  ","MOONCOLD TOTAL TAB(ALU ALU)   ",APT-P1259,2025-01-31 00:00:00.000
"6555  ","MOONGESIC ADVANCE GEL         ",1029,2025-11-30 00:00:00.000
"6556  ","MOONGESIC ARTHO OIL 100ML     ",NULL,NULL
"6557  ","MOONGESIC ARTHO OIL 50ML      ",869,2025-10-30 00:00:00.000
"6558  ",MOONGESIC COLD & FLU TOTAL TAB,NULL,NULL
"6559  ","MOONGESIC-500 TAB             ",MS22047,2025-10-30 00:00:00.000
"6559  ","MOONGESIC-500 TAB             ",MS22067,2025-11-30 00:00:00.000
"6560  ","MOONGESIC-650 TAB             ",FET-23082,2026-01-31 00:00:00.000
"6561  ","MOONLITE CREAM                ",H076,2024-09-30 00:00:00.000
"6562  ","MOONLITE SOAP                 ",NULL,NULL
"6563  ","MOONMOX 500MG CAP             ",CMS23034,2024-03-31 00:00:00.000
"6564  ","MOONMOX EYE DROP              ",NULL,NULL
"6565  ","MOONMOX-CF EYE DROP           ",MST-2303,2025-06-30 00:00:00.000
"6566  ","MOONMOX-CV 625 TAB            ",MYB-23059,2024-10-30 00:00:00.000
"6567  ","MOONMOX-DXL CAP               ",NULL,NULL
"6568  ","MOONMOX-LB 250 CAP            ",NULL,NULL
"6569  ","MOONPOD-200MG TAB             ",NULL,NULL
"6570  ","MOONSTAR BROCER               ",NULL,NULL
"6571  ","MOONSTAR CATALOGUE            ",000001,NULL
"6572  ","MOONSTAR MR BAG NEW           ",123,NULL
"6573  ","MOONSTAR ORDER BOOK           ",NULL,NULL
"6574  ","MOONSTAR SMALL CATAOGUE       ",00002,NULL
"6575  ","MOONSTAR T-SHIRTS             ",123,NULL
"6576  ","MOONTIME 100MG TAB            ",NULL,NULL
"6577  ",MOONTIME CONDOM (EXT.TIME)GREP,NULL,NULL
"6578  ",MOONTIME CONDOM (STRAWBERRY)3P,NULL,NULL
"6579  ","MOONTIME CONDOM CHOCHOLATE    ",NULL,NULL
"6580  ","MOONTIME CONDOM STROBERY      ",NULL,NULL
"6581  ","MOONTIME CONDOM(CHOCOLATE)3P  ",NULL,NULL
"6582  ",MOONTIME CONDOM(EX.TIME GREPS),NULL,NULL
"6583  ","MOONTIME FORCE TAB            ",TB-072202,2024-06-30 00:00:00.000
"6584  ","MOONZOX SP TAB                ",CMS23008,2024-12-31 00:00:00.000
"6585  ","MOONZOX TAB                   ",AUT-22090P,2025-07-30 00:00:00.000
"6585  ","MOONZOX TAB                   ",MS22033,2025-07-30 00:00:00.000
"6586  ","MOONZOX-FAST GEL 30GM         ",748,2024-10-30 00:00:00.000
"6586  ","MOONZOX-FAST GEL 30GM         ",AXO-033,2025-01-31 00:00:00.000
"6586  ","MOONZOX-FAST GEL 30GM         ",AZO-046,2025-05-31 00:00:00.000
"6587  ","MOONZOX-MR TAB                ",CMS23011,2026-01-31 00:00:00.000
"6588  ","MOOVINI GEL                   ",NULL,NULL
"6589  ","MOOVINI GEL                   ",NULL,NULL
"6590  ","MOOVINI SPRAY                 ",NULL,NULL
"6591  ","MOOVINI SPRAY                 ",NULL,NULL
"6592  ","MOOVNI GEL                    ",NULL,NULL
"6593  ","MOPRY OINTMENT                ",AH3008,2025-09-30 00:00:00.000
"6594  ","MORECAL (S)TAB                ",NULL,NULL
"6595  ","MORMOX 625 TAB                ",NULL,NULL
"6596  ","MORTER PESTLE 4""*             ",NULL,NULL
"6597  ","MOUTH SORE GEL                ",NULL,NULL
"6598  ","MOUTHULCER GEL                ",NULL,NULL
"6599  ","MOVIDOL TAB                   ",NULL,NULL
"6600  ","MOVIDOL(ALU-ALU)TAB           ",APT-23098,2025-03-31 00:00:00.000
"6601  ","MOVIDOL-MR TAB                ",NULL,NULL
"6602  ","MOVIDOL-SP TAB                ",FET-23065,2025-01-31 00:00:00.000
"6602  ","MOVIDOL-SP TAB                ",OCT-23087,2025-09-30 00:00:00.000
"6603  ","MOVIDOL-SPAS TAB              ",MS22076,2025-11-30 00:00:00.000
"6604  ","MOXABERT 125DT TAB            ",NULL,NULL
"6605  ","MOXABERT 500 CAP              ",DC23005,2025-02-28 00:00:00.000
"6606  ","MOXABERT CV 375 TAB           ",NULL,NULL
"6607  ","MOXABERT CV 625 TAB           ",NULL,NULL
"6608  ","MOXACLOX LB CAP               ",XC105,2026-03-31 00:00:00.000
"6609  ","MOXAL 250MG(AMOXY)CAP         ",NULL,NULL
"6610  ","MOXATE CV 625 TAB             ",NULL,NULL
"6611  ","MOXATRIS 250 CAP              ",NULL,NULL
"6612  ","MOXATRIS-DT 250MG TAB         ",NULL,NULL
"6613  ","MOXATRIS-IN 500 CAP           ",NULL,NULL
"6614  ","MOXCED-500MG CAP              ",NULL,NULL
"6615  ","MOXEX-250 CAP                 ",NULL,NULL
"6616  ","MOXICAP-500                   ",NULL,NULL
"6617  ","MOXICON 250 DT                ",NULL,NULL
"6618  ","MOXICOR 500(AMOX)CAP          ",NULL,NULL
"6619  ","MOXIKEM 125 DT                ",NULL,NULL
"6620  ","MOXIKEM 250MG CAP             ",NULL,NULL
"6621  ","MOXIKEN 250MG CAP             ",NULL,NULL
"6622  ","MOXIMAC TAB                   ",NULL,NULL
"6623  ","MOXIN 250MG                   ",NULL,NULL
"6624  ","MOXINA 250 DT                 ",NULL,NULL
"6625  ","MOXINA 375 MG TAB             ",NULL,NULL
"6626  ","MOXINA CV 625                 ",NULL,NULL
"6627  ","MOXINA CV 625 TAB             ",NULL,NULL
"6628  ","MOXINA CVB 375                ",NULL,NULL
"6629  ","MOXINA-250MG CAP              ",NULL,NULL
"6630  ","MOXINA-500MG CAP              ",NULL,NULL
"6631  ","MOXINTA 500MG CAP             ",NULL,NULL
"6632  ","MOXINTA CLAV 625 TAB          ",NULL,NULL
"6633  ","MOXINTA-125 DT TAB            ",NULL,NULL
"6634  ","MOXITAS 125 DT TAB            ",NULL,NULL
"6635  ","MOXITAS 250MG CAP             ",NULL,NULL
"6636  ","MOXITAS-250 DT                ",BT230313,2025-02-28 00:00:00.000
"6637  ","MOXITAS-500 CAP               ",NULL,NULL
"6638  ","MOXIVID-500 CAP.              ",NULL,NULL
"6639  ","MOXMAY 250MG CAP              ",NULL,NULL
"6640  ","MOXMAY 500MG CAP              ",NULL,NULL
"6641  ","MOXMED-500 CAP                ",DBC240002,2025-12-31 00:00:00.000
"6641  ","MOXMED-500 CAP                ",KC23134A,2025-11-30 00:00:00.000
"6642  ","MOXMED-CV 625 DUO TAB         ",NULL,NULL
"6643  ","MOXNECS 500 CAP               ",NULL,NULL
"6644  ","MOXOCLOX LB CAP               ",NULL,NULL
"6645  ","MOXRAY-250CAP                 ",NULL,NULL
"6646  ","MOXTAS 250 CAP                ",NULL,NULL
"6647  ","MOXTAS 250MG CAP              ",NULL,NULL
"6648  ","MOXTAS 500MG CAP              ",NULL,NULL
"6649  ","MOXTAS D                      ",NULL,NULL
"6650  ","MOXVID 250MG CAP              ",NULL,NULL
"6651  ","MOXWAY-500 CAP                ",NULL,NULL
"6652  ","MOXYDOSE 250 Y/G CAP          ",NULL,NULL
"6653  ","MOXYGLO-CV 625 TAB            ",NULL,NULL
"6654  ","MOXYNOVA 125MG TAB            ",NULL,NULL
"6655  ","MOXYNOVA-250MG CAP            ",NULL,NULL
"6656  ","MOXYNOVA-LB CAP               ",NULL,NULL
"6657  ","MOXYTEK CV KID TAB            ",NULL,NULL
"6658  ","MPHYLLIN TAB                  ",230130,2025-12-31 00:00:00.000
"6658  ","MPHYLLIN TAB                  ",240218,2025-08-30 00:00:00.000
"6659  ","MR.INJECT NEEDLE NO.23        ",NULL,NULL
"6660  ","MR.INJECT NEEDLE NO.24        ",NULL,NULL
"6661  ","MR.INJECT NEEDLE NO.24        ",NULL,NULL
"6662  ",MS*AC PANASONIC 1.5 TON 3 STAR,NULL,NULL
"6663  ","MS*BAJAJ 36 LTR COOLER PX     ",NULL,NULL
"6664  ","MS*BATH BUCKET 6 PCS SET      ",NULL,NULL
"6665  ","MS*BED SHEET(TG-10000 YEAR)   ",NULL,NULL
"6666  ","MS*DUFFLE BAG                 ",00001,NULL
"6666  ","MS*DUFFLE BAG                 ",0001,NULL
"6667  ","MS*EARPHONE ARTIS             ",NULL,NULL
"6668  ","MS*FREEZE PANASONIC           ",NULL,NULL
"6669  ","MS*HELMET STEELBIRD           ",NULL,NULL
"6670  ","MS*LAPTOP BAG                 ",00001,NULL
"6671  ","MS*LAPTOP TABLE               ",00001,NULL
"6672  ",MS*MILTON 5 LTR JUG(COOL CARVA,NULL,NULL
"6673  ",MS*MILTON APPAM PATRA 7WL 10BO,NULL,NULL
"6674  ","MS*MILTON TIME STOOL          ",NULL,NULL
"6675  ","MS*MIXER BAJAJ GX-3           ",NULL,NULL
"6676  ","MS*MODWARE COOPER BOTTAL SET  ",NULL,NULL
"6677  ","MS*RICE 1KG FORTUNE           ",00001,NULL
"6678  ","MS*RICE 5KG FORTUNE           ",NULL,NULL
"6679  ","MS*SS DINERSET                ",NULL,NULL
"6680  ","MS*UMBRELLA                   ",123,NULL
"6681  ","MS*UNIK EARBUDS               ",123,NULL
"6682  ","MS*UNIX NECKBAND              ",NULL,NULL
"6683  ","MS.OFFICCE BAG                ",NULL,NULL
"6684  ","MSI TYGON STEHTOSCOPE         ",NULL,NULL
"6685  ","MTC TAB                       ",220210,2024-11-30 00:00:00.000
"6685  ","MTC TAB                       ",240126,2026-12-31 00:00:00.000
"6685  ","MTC TAB                       ",240127,2026-12-31 00:00:00.000
"6685  ","MTC TAB                       ",240558,2027-02-28 00:00:00.000
"6686  ","MTC TAB                       ",PP/084,2026-04-30 00:00:00.000
"6686  ","MTC TAB                       ",PP/853,2026-01-31 00:00:00.000
"6686  ","MTC TAB                       ",PP634,2024-10-30 00:00:00.000
"6687  ","MULTI-9 TAB                   ",119-126,2025-01-31 00:00:00.000
"6688  ","MULTIDEX TAB                  ",NULL,NULL
"6689  ","MULTIGAURD SACHET 1GM         ",DS0119,2024-05-31 00:00:00.000
"6690  ","MULTIGUARD-L SACHET           ",DS0116,2024-11-30 00:00:00.000
"6691  ","MULTILAX OIL                  ",NULL,NULL
"6692  ","MULTIPEN CAP                  ",NULL,NULL
"6693  ","MULTIPLEX F/C TAB             ",NULL,NULL
"6694  ","MULTIROS CAP                  ",NULL,NULL
"6695  ","MULTISAN CAPSULES             ",NULL,NULL
"6696  ","MULTISAN DHA 200GM            ",MPD032334,2024-08-30 00:00:00.000
"6697  ","MULTISAN-DHA POWDER           ",MSNDC22020,2024-01-31 00:00:00.000
"6698  ","MULTIVEIN SOFTGEL CAP         ",NULL,NULL
"6699  ","MULTIVEN SOFTGEL              ",AK12184,2024-07-30 00:00:00.000
"6700  ","MULTIVIEN TAB                 ",NULL,NULL
"6701  ","MULTIVITAMIN CAP              ",NULL,NULL
"6702  ","MULTIWINTA CAP                ",NULL,NULL
"6703  ","MULTIWINTA CAP                ",NULL,NULL
"6704  ","MULTIWINTA CAP                ",NULL,NULL
"6705  ","MULTIWOCK PLUS CAP            ",NULL,NULL
"6706  ","MULTIWOCX PLUS CAP            ",NULL,NULL
"6707  ","MULTMUM CAP                   ",NULL,NULL
"6708  ","MUPIROCIN OINT.               ",256-02,2025-11-30 00:00:00.000
"6709  ","MUPIRUB OINTMENT              ",NULL,NULL
"6710  ","MUPIZER OINT                  ",NULL,NULL
"6711  ","MUSCLE BODY                   ",NULL,NULL
"6712  ","MUSCLE BODY POWDER            ",NULL,NULL
"6713  ","MUSCLEGAIN PLUS DHA           ",NULL,NULL
"6714  ","MUSLI PLUS CAP                ",NULL,NULL
"6715  ","MV-DERIFYL 100 TAB            ",NULL,NULL
"6716  ","MV-DRIFYL 100 TAB             ",NULL,NULL
"6717  ","MY MASK N95                   ",NULL,NULL
"6718  ","MY WASH LIQUID                ",NULL,NULL
"6719  ","MYAALGESIC-PM TAB             ",NULL,NULL
"6720  ","MYALAGESIC-PM TAB             ",ASR2001CL,2024-04-30 00:00:00.000
"6721  ","MYALESIC-M TAB                ",NULL,NULL
"6722  ","MYALGESIC-M TAB               ",NULL,NULL
"6723  ","MYALGESIC-M TAB               ",NULL,NULL
"6724  ","MYALGESIC-PM TAB              ",ASR3001CL,2025-04-30 00:00:00.000
"6725  ","MYCOZOLE -F                   ",NULL,NULL
"6726  ","MYCOZOLE-F                    ",NULL,NULL
"6727  ","MYCOZOLE-F 15GM               ",NULL,NULL
"6728  ","MYCOZOLE-F 15GM.              ",NULL,NULL
"6729  ","MYCOZOLE-F CREAM              ",NULL,NULL
"6730  ","MYDERM                        ",NULL,NULL
"6731  ","MYPROL-50XL TAB               ",NULL,NULL
"6732  ","MYSCAB LOTION                 ",NULL,NULL
"6733  ","MYSCAB LOTION                 ",NULL,NULL
"6734  ","MYSCAB-P LOTION               ",NULL,NULL
"6735  ","MYSOLON-5 TAB                 ",NULL,NULL
"6736  ","N 95 FACE MASK AM             ",ACURON,NULL
"6736  ","N 95 FACE MASK AM             ",HEADLOOP,NULL
"6736  ","N 95 FACE MASK AM             ",WHITE,NULL
"6737  ","N-SULIDE TAB                  ",NULL,NULL
"6738  ","N-TACID TAB                   ",1024,2026-08-30 00:00:00.000
"6739  ","N.F.T CREAM                   ",NULL,NULL
"6740  ","N.F.T.CREAM                   ",NULL,NULL
"6741  ","N.F.T.CREAM                   ",NULL,NULL
"6742  ","N.T.COLD NF TAB               ",NULL,NULL
"6743  ","NACROSS-MR TAB                ",NULL,NULL
"6744  ","NASAL DROP                    ",NULL,NULL
"6745  ","NASAL OTRIMARK DROP           ",N3L007,2025-12-31 00:00:00.000
"6746  ","NASOVID DROPS                 ",NULL,NULL
"6747  ","NATURAL SPIRIT*               ",NULL,NULL
"6748  ","NATURAL-Z POWDER              ",NULL,NULL
"6749  ","NAULUKHA ENEMA SET*           ",NULL,NULL
"6750  ","NDS NFLOX-TZ TAB              ",NULL,NULL
"6751  ","NEBASPORE OINT                ",NULL,NULL
"6752  ","NEBU.MASK KIT (A)             ",NULL,NULL
"6753  ","NEBU.MASK KIT (P)             ",NULL,NULL
"6754  ","NEBU.MASK KIT**               ",NULL,NULL
"6755  ","NEBULISER HANDYNEB            ",.,NULL
"6756  ","NEBULISER MASK KID(ADULT)-IS  ",NBP0323,2026-02-28 00:00:00.000
"6757  ","NEBULISER MASK KIT (ADULT)    ",2308002,2028-07-30 00:00:00.000
"6758  ","NEBULISER MASK KIT (CHILD)    ",.,NULL
"6758  ","NEBULISER MASK KIT (CHILD)    ",2311059,2028-10-30 00:00:00.000
"6759  ","NEBULISER MASK KIT(P)         ",NULL,NULL
"6760  ","NEBULIZER ALBERD DAVID        ",NULL,NULL
"6761  ","NEBULIZER BELLYNEB MACHINE    ",NULL,NULL
"6762  ","NEBULIZER COMPRESSOR OMRON    ",NULL,NULL
"6763  ","NEBULIZER HANDYNEB CLASSIC    ",NULL,NULL
"6764  ","NEBULIZER HANDYNEB SMART      ",NULL,NULL
"6765  ","NEBULIZER HANDYNEB SMART      ",.,NULL
"6766  ","NEBULIZER KIT                 ",NULL,NULL
"6767  ","NEBULIZER MASK                ",NULL,NULL
"6768  ","NEBULIZER MASK KID (PED)      ",NULL,NULL
"6769  ","NEBULIZER MASK KIT (A)        ",NULL,NULL
"6770  ","NEBULIZER MASK KIT(ADULT)     ",NULL,NULL
"6771  ","NEBULIZER MASK KIT(ADULT)     ",NULL,NULL
"6772  ","NEBULIZER MASK KIT(AERO)ADULT ",NULL,NULL
"6773  ",NEBULIZER MASK KIT(AERO)PEDIA.,NULL,NULL
"6774  ","NEBULIZER MASK KIT(PEDIA)     ",NULL,NULL
"6775  ","NEBULIZER OMRN C28            ",NULL,NULL
"6776  ","NEBULIZER OMRON C-25          ",NULL,NULL
"6777  ","NECFIX 100DT TAB              ",NULL,NULL
"6778  ","NECFIX-200DT TAB              ",DB230156,2025-06-30 00:00:00.000
"6779  ","NECFIX-O TAB                  ",NULL,NULL
"6780  ","NECFLO 200 TAB                ",T3090459,2026-08-30 00:00:00.000
"6781  ","NECFOLIC TAB                  ",NCL23001,2025-07-30 00:00:00.000
"6782  ","NECKCIN-250MG TAB             ",NULL,NULL
"6783  ","NECLIFE ORS                   ",NULL,NULL
"6784  ","NECLIX-100DT                  ",CT006306,2025-05-31 00:00:00.000
"6784  ","NECLIX-100DT                  ",CT012208,2024-07-30 00:00:00.000
"6785  ","NECLIX-200DT TAB              ",CTC14310,2025-09-30 00:00:00.000
"6785  ","NECLIX-200DT TAB              ",CTD05402,2026-01-31 00:00:00.000
"6785  ","NECLIX-200DT TAB              ",CTOO5404,2026-03-31 00:00:00.000
"6786  ","NECLOCIP 250 TAB              ",ADQO4403,2026-01-30 00:00:00.000
"6786  ","NECLOCIP 250 TAB              ",AFQ04403,2026-01-31 00:00:00.000
"6787  ","NECLOCIP-500 TAB              ",NULL,NULL
"6788  ","NECLOP-PLUS(ACECLO+PARA)TAB   ",NULL,NULL
"6789  ","NECPANTO DSR CAP              ",c-231158,2025-10-30 00:00:00.000
"6789  ","NECPANTO DSR CAP              ",C-2344158,2025-10-30 00:00:00.000
"6789  ","NECPANTO DSR CAP              ",GC005402,2026-01-31 00:00:00.000
"6790  ","NECPANTO-40 TAB               ",Q2AA05,2024-08-30 00:00:00.000
"6791  ","NECSABE LOTION                ",NULL,NULL
"6792  ","NECSOLE PORIN OINTMENT        ",NULL,NULL
"6793  ","NECSOLE SPRINKLING POWDER     ",NULL,NULL
"6794  ","NECTRAVIT SOFTGEL CAP         ",NULL,NULL
"6795  ","NECTUS TOTAL ADVANCE TAB      ",NULL,NULL
"6796  ","NECVIPARUM ANTIGEN TESTS      ",NULL,NULL
"6797  ","NECVOL INHANLANT CAPS         ",NULL,NULL
"6798  ","NECXON-O 200 TAB              ",NULL,NULL
"6799  ","NEEM ALOVERA LOTION           ",NULL,NULL
"6800  ","NEEM CLIDE FACE WASH          ",NULL,NULL
"6801  ","NEEM CLIDE SOAP               ",NULL,NULL
"6802  ","NEEM KARELA JAMUN POWDER      ",NULL,NULL
"6803  ","NEEM TULSI PASTE              ",NULL,NULL
"6804  ","NEL PLUS COLD                 ",NULL,NULL
"6805  ","NEL PLUS TAB                  ",NULL,NULL
"6806  ","NEL-100 TAB                   ",NULL,NULL
"6807  ","NELBET 8 TAB                  ",NULL,NULL
"6808  ","NELDAN-4 TAB                  ",NULL,NULL
"6809  ","NELDINE-M OINT                ",NULL,NULL
"6810  ","NELNAC MR TAB                 ",NULL,NULL
"6811  ","NELNAC-200 SR TAB             ",NULL,NULL
"6812  ","NELSON POL 750ML              ",NULL,NULL
"6813  ","NEMOFRENCH P TAB              ",NULL,NULL
"6814  ","NEMOFRENCH-100 TAB            ",NULL,NULL
"6815  ","NEMOFRENCH-100 TAB            ",NULL,NULL
"6816  ","NEMOMOON COLD & FLU TAB       ",CMS23028,2025-03-31 00:00:00.000
"6817  ","NEMOMOON-P TAB                ",MS21068,2023-12-31 00:00:00.000
"6818  ","NEMOMOON-PLUS(GOLD)TAB        ",FET-23083,2026-01-31 00:00:00.000
"6819  ","NEMOWAR COLD & FLU TAB        ",NULL,NULL
"6820  ","NEO CLOBENATE-GM              ",NULL,NULL
"6821  ","NEOCID MPS TAB                ",NULL,NULL
"6822  ","NEOFEN FORTE                  ",NULL,NULL
"6823  ","NEOMYCIN CREAM*               ",NULL,NULL
"6824  ","NEOSPAS TAB                   ",NULL,NULL
"6825  ","NEOSPORIN POWDER              ",NULL,NULL
"6826  ","NEOSUL TAB                    ",NULL,NULL
"6827  ","NERVISIGN OD CAP              ",NULL,NULL
"6828  ","NERVMAX 75 CAP                ",NULL,NULL
"6829  ","NESOCLEAR NASAL DROP 10ML     ",NULL,NULL
"6830  ","NEUROFORD PLUS TAB            ",NULL,NULL
"6831  ","NEUROLIX-OD TAB               ",PT-22939,2024-12-31 00:00:00.000
"6832  ","NEUROTOP-S TAB                ",NULL,NULL
"6833  ","NEUROVEIN D3 TAB              ",NULL,NULL
"6834  ","NEUROVEIN PLUS TAB            ",NULL,NULL
"6835  ","NEUROVIT CAP                  ",NULL,NULL
"6836  ","NEUROVIT CAP                  ",NULL,NULL
"6837  ","NEURPOHET CAP                 ",NULL,NULL
"6838  ","NEW ADVANCE L.S.BELT          ",NULL,NULL
"6839  ","NEW AMYCOL LB                 ",NULL,NULL
"6840  ","NEW EUDERMA- KT5 CREAM        ",EO-2309,2025-04-30 00:00:00.000
"6841  ","NEW NIMUMED NS-15 PLUS TAB    ",NULL,NULL
"6842  ","NEW PROTIODEX POWDER          ",NULL,NULL
"6843  ","NEW ZAMYCLOX LB               ",BC240407,2026-03-30 00:00:00.000
"6843  ","NEW ZAMYCLOX LB               ",PZL230816,2025-07-30 00:00:00.000
"6844  ","NEWMINT TAB                   ",NULL,NULL
"6845  ","NEWMOL(PARACE)TAB (OVAL)      ",NULL,NULL
"6846  ","NEWMOL(PARACE)TAB (R)         ",NULL,NULL
"6847  ","NEXPORIN 125MG TAB            ",NULL,NULL
"6848  ","NEXPORIN 500 CAP              ",NULL,NULL
"6849  ","NEXXIMOX-500CAP               ",NULL,NULL
"6850  ","NFLOX- TZ TAB                 ",NULL,NULL
"6851  ","NFLOX-B 400MG                 ",NULL,NULL
"6852  ","NICCEF TAB                    ",NULL,NULL
"6853  ","NICET(NIMESU)TAB              ",NULL,NULL
"6854  ","NICHEM C/S TAB 200TAB         ",NULL,NULL
"6855  ","NICHEM PLUS C/S TAB           ",NULL,NULL
"6856  ","NICHEM TAB                    ",AT-46,2025-08-30 00:00:00.000
"6856  ","NICHEM TAB                    ",AT-47,2025-08-30 00:00:00.000
"6856  ","NICHEM TAB                    ",AT-53,2026-02-28 00:00:00.000
"6856  ","NICHEM TAB                    ",AT-56,2026-02-28 00:00:00.000
"6856  ","NICHEM TAB                    ",UK-02,2026-10-30 00:00:00.000
"6856  ","NICHEM TAB                    ",UK-02(Y),2026-10-30 00:00:00.000
"6856  ","NICHEM TAB                    ",UK-03,2026-10-30 00:00:00.000
"6856  ","NICHEM TAB                    ",UR-03(G),2026-10-30 00:00:00.000
"6857  ","NICHEM TAB                    ",NULL,NULL
"6858  ","NICIP PLUS TAB                ",NULL,NULL
"6859  ","NICODINE SOULITION            ",NULL,NULL
"6860  ","NICOFLOX-200 TAB              ",NULL,NULL
"6861  ","NIDE PLUS D/L TAB             ",NULL,NULL
"6862  ","NIDE PLUS TAB                 ",NULL,NULL
"6863  ","NIDE(NIMESULIDE)TAB           ",NULL,NULL
"6864  ","NIDRA SR 25MG                 ",NULL,NULL
"6865  ","NIKBEND PLUS TAB              ",DLT-9180,2025-05-31 00:00:00.000
"6865  ","NIKBEND PLUS TAB              ",DLT-9381,2025-07-30 00:00:00.000
"6866  ","NIKCUF TOTAL TAB              ",NULL,NULL
"6867  ","NIKCUK-Q TAB                  ",NULL,NULL
"6868  ","NIKDERM PLUS CREAM            ",ABETA005,2025-10-30 00:00:00.000
"6868  ","NIKDERM PLUS CREAM            ",S034,2025-03-31 00:00:00.000
"6869  ","NIKNAC-MR TAB                 ",NULL,NULL
"6870  ","NIKNAC-SP TAB                 ",NULL,NULL
"6871  ","NIKSERA-DP TAB                ",NULL,NULL
"6872  ","NIKVOM MD TAB                 ",ABTBA074,2026-01-31 00:00:00.000
"6872  ","NIKVOM MD TAB                 ",BRNBTF064,2024-06-30 00:00:00.000
"6873  ","NIL BURN CREAM                ",NNB-001,2024-12-31 00:00:00.000
"6874  ","NILCET-10                     ",NULL,NULL
"6875  ","NIM PARA TAB                  ",NULL,NULL
"6876  ","NIM-P TAB                     ",NULL,NULL
"6877  ","NIMA(NIMESULIDE)TAB           ",3496,2025-07-30 00:00:00.000
"6877  ","NIMA(NIMESULIDE)TAB           ",4288,2026-02-28 00:00:00.000
"6877  ","NIMA(NIMESULIDE)TAB           ",4394,2026-02-28 00:00:00.000
"6877  ","NIMA(NIMESULIDE)TAB           ",5040,2026-03-30 00:00:00.000
"6877  ","NIMA(NIMESULIDE)TAB           ",5042,2026-03-30 00:00:00.000
"6878  ","NIMAX TAB                     ",NULL,NULL
"6879  ","NIMBARD P TAB                 ",NULL,NULL
"6880  ","NIMCOR PLUS TAB               ",NULL,NULL
"6881  ","NIMCOR TAB                    ",NULL,NULL
"6882  ","NIMCOR-PLUS TAB               ",NULL,NULL
"6883  ","NIMELIDE-FEN(NISE+DICLO)CAP   ",NULL,NULL
"6884  ","NIMESID TAB                   ",NULL,NULL
"6885  ","NIMESID TAB                   ",121-324,2026-12-31 00:00:00.000
"6886  ","NIMESULIDE (DANASULID)TAB     ",NULL,NULL
"6887  ","NIMESULIDE (SARSULIDE)100MG T ",NULL,NULL
"6888  ","NIMESULIDE 100MG TAB          ",NULL,NULL
"6889  ","NIMESULIDE 100MG TAB          ",NULL,NULL
"6890  ","NIMESULIDE 100MG TAB          ",NULL,NULL
"6891  ","NIMESULIDE 100MG TAB          ",NULL,NULL
"6892  ","NIMESULIDE 100MG TAB          ",NULL,NULL
"6893  ","NIMESULIDE 100MG TAB          ",NULL,NULL
"6894  ","NIMESULIDE 100MG.TAB          ",NULL,NULL
"6895  ","NIMESULIDE 100MG.TAB          ",NULL,NULL
"6896  ","NIMESULIDE 100MG.TAB          ",NULL,NULL
"6897  ","NIMESULIDE MOUTH DISS.TAB     ",BAR2001DM,2024-05-31 00:00:00.000
"6898  ","NIMESULIDE TAB                ",NULL,NULL
"6899  ","NIMESULIDE TAB                ",NULL,NULL
"6900  ","NIMESULIDE TAB                ",NULL,NULL
"6901  ","NIMESULIDE TAB                ",NULL,NULL
"6902  ","NIMESULIDE TAB                ",NULL,NULL
"6903  ","NIMESULIDE TAB                ",NULL,NULL
"6904  ","NIMESULIDE TAB                ",NULL,NULL
"6905  ","NIMESULIDE TAB                ",NULL,NULL
"6906  ","NIMESULIDE TAB                ",NULL,NULL
"6907  ","NIMESULIDE TAB                ",NULL,NULL
"6908  ","NIMESULIDE TAB                ",NULL,NULL
"6909  ","NIMESULIDE TAB                ",NULL,NULL
"6910  ","NIMESULIDE TAB                ",NULL,NULL
"6911  ","NIMESULIDE TAB                ",3AD3018C,2026-06-30 00:00:00.000
"6911  ","NIMESULIDE TAB                ",3AD3036C,2026-11-30 00:00:00.000
"6911  ","NIMESULIDE TAB                ",A3AD3028C,2026-09-30 00:00:00.000
"6912  ","NIMESULIDE TAB 100MG          ",NULL,NULL
"6913  ","NIMESULIDE TAB(BB)            ",NULL,NULL
"6914  ","NIMESULIDE TAB(O)             ",VSL-563,2026-04-30 00:00:00.000
"6915  ","NIMESULIDE TAB(VISULITE)      ",NULL,NULL
"6916  ","NIMESULIDE TAB(Y)             ",3AC1010B,2024-05-31 00:00:00.000
"6917  ","NIMESULIDE TAB*               ",NULL,NULL
"6918  ","NIMESULIDE(ANSULIDE)KID TAB   ",NULL,NULL
"6919  ","NIMESULIDE(BIG)               ",NULL,NULL
"6920  ","NIMESULIDE(NIMO)(O) TAB       ",NULL,NULL
"6921  ","NIMESULIDE(NIMPRO)TAB         ",NULL,NULL
"6922  ","NIMESULIDE(QUICK NIM MD)TAB   ",NULL,NULL
"6923  ","NIMEUSLIDE & PARA TAB         ",NULL,NULL
"6924  ","NIMLIFE TAB                   ",NULL,NULL
"6925  ","NIMLIFE TAB (O)               ",NULL,NULL
"6926  ","NIMLIFE TAB(R)                ",NULL,NULL
"6927  ","NIMLIFE-PLUS TAB              ",NULL,NULL
"6928  ","NIMLITE TAB                   ",NULL,NULL
"6929  ","NIMODEX PLUS TAB              ",NULL,NULL
"6930  ","NIMOL (NISE+PARA)TAB          ",NULL,NULL
"6931  ","NIMOL TAB                     ",NULL,NULL
"6932  ","NIMOMINE(NISE+DICY)TAB        ",NULL,NULL
"6933  ","NIMOS TAB                     ",NULL,NULL
"6934  ","NIMOS-P TAB                   ",NULL,NULL
"6935  ","NIMOSEF TAB                   ",NULL,NULL
"6936  ","NIMOTAS-P GOLD                ",NULL,NULL
"6937  ","NIMPA TAB                     ",NULL,NULL
"6938  ","NIMPAR PLUS TAB               ",NULL,NULL
"6939  ","NIMPOO COLD TAB               ",NULL,NULL
"6940  ","NIMREST PLUS TAB              ",NULL,NULL
"6941  ","NIMRST TAB                    ",NULL,NULL
"6942  ","NIMSA PLUS                    ",NULL,NULL
"6943  ","NIMSAT(NIMESULIDE)TAB         ",NULL,NULL
"6944  ","NIMSIM PLUS GOLD TAB          ",PZL230730,2025-06-30 00:00:00.000
"6945  ","NIMSIP MD TAB                 ",NULL,NULL
"6946  ","NIMSIP PLUS (L)OR             ",NULL,NULL
"6947  ","NIMSULIDE 100MG.TAB           ",NULL,NULL
"6948  ","NIMU SPEED(SAQUARE)           ",NULL,NULL
"6949  ","NIMU-SONA TAB                 ",NULL,NULL
"6950  ","NIMU-SONA(NISE+PARA)TAB       ",NULL,NULL
"6951  ","NIMUAAR PLUS TAB              ",NULL,NULL
"6952  ","NIMUCAM TAB (O)               ",NULL,NULL
"6953  ","NIMUDOL-P GOLD TAB            ",T401029,2027-01-31 00:00:00.000
"6953  ","NIMUDOL-P GOLD TAB            ",T403142,2027-02-28 00:00:00.000
"6954  ","NIMUGEN-100 TAB               ",NULL,NULL
"6955  ","NIMUMED-100 TAB               ",NULL,NULL
"6956  ","NIMUPAAM PLUS TAB             ",NULL,NULL
"6957  ","NIMUPAAM PLUS-DL              ",NULL,NULL
"6958  ","NIMUPLUS-P(NISE+PARA)         ",NULL,NULL
"6959  ","NIMURAN PLUS TAB              ",NULL,NULL
"6960  ","NIMUTOP-KID TAB               ",NULL,NULL
"6961  ","NIMUWIN PLUS M TAB            ",NULL,NULL
"6962  ","NIMUWIN PLUS M TAB            ",3D3007C,2026-04-30 00:00:00.000
"6962  ","NIMUWIN PLUS M TAB            ",3D4003C,2026-12-31 00:00:00.000
"6963  ","NIMUWIN PLUS TAB              ",NULL,NULL
"6964  ","NIMUWIN PLUS TAB              ",NULL,NULL
"6965  ","NIMUWIN PLUS TAB              ",NULL,NULL
"6966  ","NIMUWIN PLUS TAB              ",NULL,NULL
"6967  ","NIMUWIN PLUS TAB(NIME &PARA)  ",3D3010D,2026-07-30 00:00:00.000
"6967  ","NIMUWIN PLUS TAB(NIME &PARA)  ",3D3012C,2026-11-30 00:00:00.000
"6967  ","NIMUWIN PLUS TAB(NIME &PARA)  ",3D4003C,2026-12-31 00:00:00.000
"6967  ","NIMUWIN PLUS TAB(NIME &PARA)  ",3D4006C,2026-12-31 00:00:00.000
"6968  ","NIMUWIN TAB                   ",AWJ3002CY,2026-09-30 00:00:00.000
"6969  ","NIMUWIN TAB                   ",NULL,NULL
"6970  ","NIMUWIN TAB                   ",NULL,NULL
"6971  ","NIMUWIN TAB 10`S              ",NULL,NULL
"6972  ","NIMUWIN-TN TAB                ",NULL,NULL
"6973  ","NIRCAL TAB                    ",NULL,NULL
"6974  ","NIRCIP TZ TAB                 ",NULL,NULL
"6975  ","NIRLONE TAB                   ",4166,2025-12-31 00:00:00.000
"6976  ","NIRLONEE-TZ                   ",NULL,NULL
"6977  ","NISOL TAB                     ",3712,2025-08-30 00:00:00.000
"6977  ","NISOL TAB                     ",4265-OV,2026-01-31 00:00:00.000
"6977  ","NISOL TAB                     ",4266,2026-01-31 00:00:00.000
"6977  ","NISOL TAB                     ",4266-R,2026-01-31 00:00:00.000
"6977  ","NISOL TAB                     ",4345,2026-02-28 00:00:00.000
"6977  ","NISOL TAB                     ",4346,2026-02-28 00:00:00.000
"6977  ","NISOL TAB                     ",5047,2026-03-31 00:00:00.000
"6977  ","NISOL TAB                     ",5048,2026-03-31 00:00:00.000
"6978  ","NISULSPAS TAB(DICY+PARA)      ",NULL,NULL
"6979  ","NITROFURANITOIN TAB           ",NULL,NULL
"6980  ","NITROFURANTION TAB(NIKSON)    ",NULL,NULL
"6981  ","NITROFURANTOIN TAB            ",8523,2026-04-30 00:00:00.000
"6982  ","NITROFURAZONE CREAM           ",NULL,NULL
"6983  ","NITROFURAZONE CREAM U.S.P     ",NULL,NULL
"6984  ","NITROM-200MG TAB              ",NULL,NULL
"6985  ","NITROM-P FORTE TAB            ",NULL,NULL
"6986  ","NIZOL 2% SOAP                 ",NULL,NULL
"6987  ","NIZOL ANT-DANDRUFF SHAMPOO    ",NULL,NULL
"6988  ","NIZOL SHAMPOO 2%              ",NULL,NULL
"6989  ","NMD SYRINGE Z NEEDLE 3/24     ",NULL,NULL
"6990  ","NMD SYRINGE Z NEELDE 3/23     ",NULL,NULL
"6991  ","NO COF TAB                    ",NULL,NULL
"6992  ","NO DARAR CREAM                ",NULL,NULL
"6993  ","NO PILES                      ",NULL,NULL
"6994  ","NOEL ACNAC MR                 ",NULL,NULL
"6995  ","NOEL FLAXIN TAB               ",NULL,NULL
"6996  ","NOEL ICAN TAB                 ",NULL,NULL
"6997  ","NOGACID 20MG CAP              ",NULL,NULL
"6998  ","NOKOF TAB                     ",NULL,NULL
"6999  ","NOKOF TAB                     ",NULL,NULL
"7000  ","NOLGLIPTIN MF 1000 ER         ",NULL,NULL
"7001  ","NOLTRIM CREAM                 ",NULL,NULL
"7002  ","NONTOGY-LC TAB                ",NULL,NULL
"7003  ","NOOZE TAB                     ",NULL,NULL
"7004  ","NOR+TINI TAB                  ",NULL,NULL
"7005  ","NOR-TZ(NOR+TINI+LACTIC ACID)  ",NULL,NULL
"7006  ","NORBAX 400 TAB                ",NULL,NULL
"7007  ","NORCIN 400MG TAB              ",NULL,NULL
"7008  ","NORDANA(NORFLOX)400MG.TAB     ",NULL,NULL
"7009  ","NORFLAM 400MG.TAB             ",NULL,NULL
"7010  ","NORFLAM FORT TAB              ",NULL,NULL
"7011  ","NORFLAM(I+B)TAB               ",NULL,NULL
"7012  ","NORFLOX & TINIDAZOLE          ",NULL,NULL
"7013  ","NORFLOX 400MG.TAB             ",NULL,NULL
"7014  ","NORFLOXACILLINE TAB           ",NULL,NULL
"7015  ","NORFLOXACIN 400MG.TAB         ",NULL,NULL
"7016  ","NORFLOXACIN 400MG.TAB         ",NULL,NULL
"7017  ","NORFLOXACIN 400MG.TAB         ",NULL,NULL
"7018  ","NORFLOXACIN 400MG.TAB         ",NULL,NULL
"7019  ","NORFLOXACIN 400MG.TAB         ",NULL,NULL
"7020  ","NORFLOXACIN 400MG.TAB         ",NULL,NULL
"7021  ","NORFLOXACIN TAB               ",NULL,NULL
"7022  ",NORFLOXACIN TAB I.P.400 MG F/C,NFC-110,2026-09-30 00:00:00.000
"7023  ","NORFLOXACIN TAB I.P.400M      ",NULL,NULL
"7024  ","NORFLOXACINE 400MG TAB        ",NULL,NULL
"7025  ","NORFLOXACINE 400MG TAB        ",NULL,NULL
"7026  ","NORFLOXACINE-400MG TAB        ",NULL,NULL
"7027  ","NORFRENCH 400 TAB             ",T-2311209,2025-10-30 00:00:00.000
"7028  ","NORFRENCH TZ TAB              ",NULL,NULL
"7029  ","NORLOX-TZ                     ",NULL,NULL
"7030  ","NORMED-TZ TAB                 ",NULL,NULL
"7031  ","NORMOTION TZ TAB              ",T-2305142/,2025-04-30 00:00:00.000
"7032  ","NORPEN(NORFOLX)400MG TAB      ",NULL,NULL
"7033  ","NORSAR TAB                    ",NULL,NULL
"7034  ","NORSAR TAB                    ",NULL,NULL
"7035  ","NORSAR TZ(NOR+TINI)TAB        ",NULL,NULL
"7036  ","NORSTOP TZ TAB                ",NULL,NULL
"7037  ","NORSTOP-TZ TAB                ",DET-22028,2025-11-30 00:00:00.000
"7038  ","NORSWEL P TAB(I+P)            ",NULL,NULL
"7039  ","NORTHWIN LB TAB               ",NULL,NULL
"7040  ","NORTIFRENCH TZ TAB            ",T-2307146,2025-06-30 00:00:00.000
"7041  ","NORTIKAA TAB                  ",NULL,NULL
"7042  ","NORTIN(NOR+TINI)TAB           ",NULL,NULL
"7043  ","NORTWIN TAB                   ",AQO1002CL,2024-07-30 00:00:00.000
"7044  ","NORTWIN TABLET                ",NULL,NULL
"7045  ","NORZAN-TZ TAB                 ",NULL,NULL
"7046  ","NORZEE 400MG TAB              ",NULL,NULL
"7047  ","NORZEE TZ TAB                 ",NULL,NULL
"7048  ","NORZY TZ TAB                  ",NULL,NULL
"7049  ","NOSOCEF O 200MG TAB           ",NULL,NULL
"7050  ","NOSORE (MOUTH ULCER) GEL      ",DE3112,2025-08-30 00:00:00.000
"7051  ","NOSTRAVIN NASAL DROPS         ",NULL,NULL
"7052  ","NOVACID TAB                   ",NULL,NULL
"7053  ","NOVADOM (DOMP)                ",NULL,NULL
"7054  ","NOVADOM TAB (L)               ",NVLT-2007,2024-05-31 00:00:00.000
"7055  ","NOVAFEN-P TAB                 ",NULL,NULL
"7056  ","NOVAFLOX 200MG TAB            ",NULL,NULL
"7057  ","NOVAHIST TAB                  ",NULL,NULL
"7058  ",NOVASYLATE 500 TAB(ETAMSYLATE),NULL,NULL
"7059  ","NOVATAC C.C.TAB               ",NULL,NULL
"7060  ","NOVAZYME(EZYME)TAB            ",NULL,NULL
"7061  ","NOVICOXIB 90 BL               ",NOVLT-2008,2025-12-31 00:00:00.000
"7062  ","NOVINEX DT                    ",NULL,NULL
"7063  ","NOVITEC D TAB                 ",NULL,NULL
"7064  ","NOVITRA-100                   ",NULL,NULL
"7065  ","NOXAFLOR 400 TAB              ",AT045622,2025-07-30 00:00:00.000
"7066  ","NOXAFLOR TZ  TAB              ",NULL,NULL
"7067  ","NOXITEF-TZ TAB                ",NULL,NULL
"7068  ","NRF TZ TAB                    ",NULL,NULL
"7069  ","NT COLD TAB                   ",NULL,NULL
"7070  ","NTZ TAB                       ",NULL,NULL
"7071  ","NU CAT-COF TAB                ",351-118,2026-10-30 00:00:00.000
"7072  ","NU OMI SHANTI TAB             ",400-13,2026-04-30 00:00:00.000
"7072  ","NU OMI SHANTI TAB             ",4001,2026-04-30 00:00:00.000
"7073  ","NU TURBODERM CREAM            ",214-05,2024-06-30 00:00:00.000
"7074  ","NUBENO NEEDLE NO.24           ",231134,2028-10-30 00:00:00.000
"7075  ","NUCOXIA 90 TAB                ",NULL,NULL
"7076  ","NULIFE NITRIL EXAM GLOVES 30  ",NULL,NULL
"7077  ",NULIFE SYR.DEST.& NEEDLE BURNE,EASY,NULL
"7078  ","NUNEB NEBULIZER-PRO           ",NULL,NULL
"7079  ","NUPANIM-PLUS TAB              ",NULL,NULL
"7080  ","NUROLIP-OD CAP                ",NULL,NULL
"7081  ","NUTRACID TAB                  ",NULL,NULL
"7082  ","NUTRACID TAB                  ",230327,2026-02-28 00:00:00.000
"7083  ","NUTRADIET POWDER              ",NULL,NULL
"7084  ","NUTRICH XTRA CAP              ",NULL,NULL
"7085  ","NUTRITIN POWDER               ",NULL,NULL
"7086  ","NUTRITIN POWDER K/P           ",NULL,NULL
"7087  ","NUZYME TAB                    ",NULL,NULL
"7088  ","NWAT ZINK 50 TAB              ",NULL,NULL
"7089  ","O-FAMO-20MG.TAB               ",NULL,NULL
"7090  ","O-FLOXA                       ",NULL,NULL
"7091  ","O-ZEN-D CAP                   ",NULL,NULL
"7092  ","OCCICURE-20 CAP (20*20)       ",2416773C02,2026-02-28 00:00:00.000
"7093  ","OCICURE-20                    ",NULL,NULL
"7094  ","OCICURE-D CAP (20*20)         ",2416774C00,2026-12-31 00:00:00.000
"7095  ","OCICURE-D CAP(OMEPRO+DOMPER)  ",NULL,NULL
"7096  ","OCIDEX-D CAP                  ",NULL,NULL
"7097  ","OFCIN 200MG TAB               ",NULL,NULL
"7098  ","OFCOL-200 TAB                 ",NULL,NULL
"7099  ","OFIX 200MG TAB                ",AYO03002CY,2026-08-30 00:00:00.000
"7100  ","OFIX 200MG.TAB                ",NULL,NULL
"7101  ","OFLACIN OZ                    ",NULL,NULL
"7102  ","OFLAMOON-DX EYE DROP          ",MST-2304,2025-06-30 00:00:00.000
"7103  ","OFLAMOON-OZ TAB               ",APT-23009,2026-03-31 00:00:00.000
"7104  ","OFLAPOON TAB (B)              ",NULL,NULL
"7105  ","OFLAPOON-OZ TAB               ",NULL,NULL
"7106  ","OFLOCIN-200 TAB               ",NULL,NULL
"7107  ","OFLODAN-200MG TAB             ",NULL,NULL
"7108  ","OFLODERM-OC OINT              ",NULL,NULL
"7109  ","OFLOFRENCH 200 TAB            ",NULL,NULL
"7110  ","OFLOKAY(B)TAB                 ",NULL,NULL
"7111  ","OFLOMAC 400MG                 ",NULL,NULL
"7112  ","OFLONA 200MG TAB              ",NULL,NULL
"7113  ","OFLONA OTC                    ",NULL,NULL
"7114  ","OFLONA OZ TAB                 ",NULL,NULL
"7115  ","OFLOPRO-NF CREAM              ",NULL,NULL
"7116  ","OFLOSET OZ TAB                ",OFOLT-2009,2026-09-30 00:00:00.000
"7117  ","OFLOSET-200 TAB               ",OFMLT-2024,2025-05-30 00:00:00.000
"7117  ","OFLOSET-200 TAB               ",OFMLT-2056,2026-11-30 00:00:00.000
"7118  ","OFLOSTAR 200MG TAB            ",NULL,NULL
"7119  ","OFLOSTAR OZ TAB               ",NULL,NULL
"7120  ","OFLOTAB-OZ                    ",NULL,NULL
"7121  ","OFLOTAS 400MG TAB             ",NULL,NULL
"7122  ","OFLOTAS-OZ                    ",STI23322,2025-08-30 00:00:00.000
"7123  ","OFLOVEE-200 TAB               ",NULL,NULL
"7124  ","OFLOVIS-200 TAB               ",NULL,NULL
"7125  ","OFLOWIN TAB                   ",NULL,NULL
"7126  ","OFLOWIN TAB                   ",AYN4001CY,2026-12-31 00:00:00.000
"7127  ","OFLOWIN TAB                   ",NULL,NULL
"7128  ","OFLOWIN-OZ PLUS CREAM         ",NULL,NULL
"7129  ","OFLOWIN-OZ TAB                ",ABG3002CY,2025-09-30 00:00:00.000
"7130  ","OFLOWIN-OZ TAB                ",NULL,NULL
"7131  ","OFLOWIN-OZ TAB                ",NULL,NULL
"7132  ","OFLOWIN-OZ TAB                ",NULL,NULL
"7133  ","OFLOWIN-OZ TAB.               ",NULL,NULL
"7134  ","OFLOWOCK 200MG TAB            ",NULL,NULL
"7135  ","OFLOWOCK OZ TAB               ",NULL,NULL
"7136  ","OFLOX 200MG                   ",OFL-113,2025-05-31 00:00:00.000
"7137  ","OFLOX(WOFLOX200MG)TAB         ",NULL,NULL
"7138  ","OFLOXACIN 200MG.TAB           ",NULL,NULL
"7139  ","OFLOXACIN 200MG.TAB           ",NULL,NULL
"7140  ","OFLOXACIN 200MG.TAB           ",NULL,NULL
"7141  ","OFLOXACIN TAB                 ",NULL,NULL
"7142  ","OFLOXACIN TAB                 ",NULL,NULL
"7143  ","OFLOXACIN TAB.                ",NULL,NULL
"7144  ","OFLOXACIN-200                 ",NULL,NULL
"7145  ","OFMAK-FC CREAM                ",NULL,NULL
"7146  ","OFORD-D CAP                   ",NULL,NULL
"7147  ","OFPIL-DT KID TAB              ",NULL,NULL
"7148  ","OFREX 200MG TAB               ",GAB1863,2025-02-28 00:00:00.000
"7149  ","OK-CP TAB                     ",NULL,NULL
"7150  ","OKACET 10MG TAB               ",NULL,NULL
"7151  ","OKAMET 500MG TAB              ",NULL,NULL
"7152  ","OL-TRAM                       ",NULL,NULL
"7153  ","OLCIN FC OINMENT              ",NULL,NULL
"7154  ","OLIHERB OIL                   ",NULL,NULL
"7155  ","OLIT 20 CAP                   ",NULL,NULL
"7156  ","OLOXIN-200MG TAB              ",NULL,NULL
"7157  ","OLOZOLE-D CAP                 ",NULL,NULL
"7158  ","OLTEF-VG                      ",NULL,NULL
"7159  ","OM-DOM CAP                    ",212-66,2025-02-28 00:00:00.000
"7159  ","OM-DOM CAP                    ",212-78,2026-02-28 00:00:00.000
"7159  ","OM-DOM CAP                    ",212-83,2026-05-30 00:00:00.000
"7159  ","OM-DOM CAP                    ",212-86,2026-02-28 00:00:00.000
"7160  ","OMALCER 20MG CAP              ",NULL,NULL
"7161  ","OMALCER-D CAP                 ",WPE23037,2025-01-31 00:00:00.000
"7162  ","OMAXE-D CAP                   ",NULL,NULL
"7163  ","OMCAP CAP 10*10               ",NULL,NULL
"7164  ","OMCAP CAP(OMEZ)               ",105-275,2026-07-30 00:00:00.000
"7165  ","OMCID(OMEPRA) TAB             ",NULL,NULL
"7166  ","OMECOP-20 CAP                 ",NULL,NULL
"7167  ","OMED 20                       ",NULL,NULL
"7168  ","OMEDO TAB                     ",NULL,NULL
"7169  ","OMEE CAP                      ",NULL,NULL
"7170  ","OMEE FIZZ TAB                 ",OMP220006G,2024-09-30 00:00:00.000
"7171  ","OMEE-20 CAP                   ",NULL,NULL
"7172  ","OMEE-D CAP                    ",NULL,NULL
"7173  ","OMEE-G POWDER                 ",NULL,NULL
"7174  ","OMEEKLIN-20 CAP               ",OMP2328M(P,2026-10-30 00:00:00.000
"7174  ","OMEEKLIN-20 CAP               ",OMP2409M(G,2027-02-28 00:00:00.000
"7174  ","OMEEKLIN-20 CAP               ",OMP2409M(R,2027-02-28 00:00:00.000
"7174  ","OMEEKLIN-20 CAP               ",OMP2410M(b,2027-02-28 00:00:00.000
"7175  ","OMEFER CAP                    ",NULL,NULL
"7176  ","OMEFER D CAP                  ",NULL,NULL
"7177  ","OMEFINE-D CAP                 ",NULL,NULL
"7178  ","OMEFORD-D TAB                 ",NULL,NULL
"7179  ","OMEFORD-O TAB                 ",NULL,NULL
"7180  ","OMEKAA-D CAP                  ",NULL,NULL
"7181  ","OMEKOP-DM CAP                 ",NULL,NULL
"7182  ","OMELIX-O(OMEZ+OND) TAB        ",NULL,NULL
"7183  ","OMENIL 20MNG.CAP              ",NULL,NULL
"7184  ","OMENTH CAP                    ",OM23058V,2026-11-30 00:00:00.000
"7184  ","OMENTH CAP                    ",OM23058V-Y,2026-11-30 00:00:00.000
"7184  ","OMENTH CAP                    ",OM23059V-M,2026-11-30 00:00:00.000
"7185  ","OMEPEZE D CAP                 ",NULL,NULL
"7186  ","OMEPRAZOLE                    ",NULL,NULL
"7187  ","OMEPRAZOLE (SAROM)CAP         ",NULL,NULL
"7188  ","OMEPRAZOLE 20MG CAP           ",NULL,NULL
"7189  ","OMEPRAZOLE 20MG CAP           ",NULL,NULL
"7190  ","OMEPRAZOLE 20MG CAP           ",NULL,NULL
"7191  ","OMEPRAZOLE 20MG CAP           ",NULL,NULL
"7192  ","OMEPRAZOLE 20MG CAP           ",NULL,NULL
"7193  ","OMEPRAZOLE 20MG CAP           ",NULL,NULL
"7194  ","OMEPRAZOLE 20MG.CAP           ",NULL,NULL
"7195  ","OMEPRAZOLE 20MG.CAP           ",NULL,NULL
"7196  ","OMEPRAZOLE CAP                ",NULL,NULL
"7197  ","OMEPRAZOLE CAP                ",NULL,NULL
"7198  ","OMEPRAZOLE CAP 15C            ",NULL,NULL
"7199  ","OMEPROZLE +DOM CAP            ",NULL,NULL
"7200  ","OMEPROZOLE 20MG.CAP           ",C 344,2025-05-31 00:00:00.000
"7200  ","OMEPROZOLE 20MG.CAP           ",C 383,2025-09-30 00:00:00.000
"7200  ","OMEPROZOLE 20MG.CAP           ",C 392,2025-10-30 00:00:00.000
"7201  ","OMEPRZOLE-D                   ",NULL,NULL
"7202  ","OMERAX D CAP                  ",NULL,NULL
"7203  ","OMESER-20 CAP                 ",NULL,NULL
"7204  ","OMETAS-20 CAP                 ",NULL,NULL
"7205  ","OMEVAG CAP                    ",DLC-1158,2023-03-31 00:00:00.000
"7205  ","OMEVAG CAP                    ",DLC-1559,2025-09-30 00:00:00.000
"7206  ","OMEVAG D CAP                  ",2301133,2024-12-31 00:00:00.000
"7207  ","OMEY-DM (OMEZ+DOM)            ",NULL,NULL
"7208  ","OMEZ & DOMPERIDONE TAB        ",NULL,NULL
"7209  ","OMEZ (SAROM)CAP               ",NULL,NULL
"7210  ","OMEZ(PP.LOK-20)CAP            ",NULL,NULL
"7211  ","OMEZ(PRAZOLE)-20 CAP          ",NULL,NULL
"7212  ","OMEZET CAP                    ",NULL,NULL
"7213  ","OMEZET-D CAP                  ",NULL,NULL
"7214  ","OMG 3+CAP                     ",NULL,NULL
"7215  ","OMI CAPS                      ",NULL,NULL
"7216  ","OMI SHANTI TAB.               ",NULL,NULL
"7217  ","OMICAP                        ",CMR-23184,2025-03-31 00:00:00.000
"7218  ","OMICARE CAP                   ",NULL,NULL
"7219  ","OMICARE D CAP                 ",NULL,NULL
"7220  ","OMICER D CAP                  ",NULL,NULL
"7221  ","OMICOL CAP                    ",PRC-240512,2026-04-30 00:00:00.000
"7222  ","OMID CAP                      ",NULL,NULL
"7223  ","OMIFRENCH-20MG CAP            ",CAF-23573,2025-10-30 00:00:00.000
"7223  ","OMIFRENCH-20MG CAP            ",DS-144,2025-09-30 00:00:00.000
"7224  ","OMIFYL-D CAP                  ",NULL,NULL
"7225  ","OMIKOP-20 CAP                 ",NULL,NULL
"7226  ","OMIMEX-20 CAP                 ",NULL,NULL
"7227  ","OMIMEX-D CAP                  ",NULL,NULL
"7228  ","OMIPRO-D CAP                  ",TCV1105,2024-06-30 00:00:00.000
"7229  ","OMIRID-D CAP                  ",NULL,NULL
"7230  ","OMIS TAB                      ",NULL,NULL
"7231  ","OMISCHULZ CAP                 ",NULL,NULL
"7232  ","OMIWAR 20 CAP                 ",NULL,NULL
"7233  ","OMLEY-D CAP                   ",NULL,NULL
"7234  ","OMLY 20MG CAP                 ",NULL,NULL
"7235  ","OMNAPIL-100 DT TAB            ",NULL,NULL
"7236  ","OMNIR CAP                     ",NULL,NULL
"7237  ","OMPEC-20                      ",NULL,NULL
"7238  ","OMPEC-20 CAP                  ",NULL,NULL
"7239  ","OMPEC-20MG CAP                ",NULL,NULL
"7240  ","OMPEC-20MG.15`S               ",NULL,NULL
"7241  ","OMPEC-20MG.15`S               ",NULL,NULL
"7242  ","OMPEC-20MG.CAP                ",NULL,NULL
"7243  ","OMPEC-20MG.CAP                ",NULL,NULL
"7244  ","OMPEC-DM CAP                  ",NULL,NULL
"7245  ","OMPEC-DM CAP                  ",NULL,NULL
"7246  ","OMPEC-DM CAP                  ",NULL,NULL
"7247  ","OMPERAZOLE TAB                ",NULL,NULL
"7248  ","OMPIZOLE CAP                  ",NULL,NULL
"7249  ","OMRACAP CAP                   ",NULL,NULL
"7250  ","OMRACAP CAP 15 CAP            ",NLC-230308,2025-04-30 00:00:00.000
"7251  ","OMRACAP DM CAP                ",NULL,NULL
"7252  ","OMRON B.P.MONITOR HEM 7120    ",HEM7121J,NULL
"7253  ","OMRON WEIGHING SCALE DIGITAL  ",NULL,NULL
"7254  ","OMTAB-40                      ",NULL,NULL
"7255  ","OMYCO-D CAP                   ",NULL,NULL
"7256  ","OMZI-D CAP                    ",NULL,NULL
"7257  ","ONCOR DT TAB                  ",NULL,NULL
"7258  ","ONCOR-OM TAB                  ",NULL,NULL
"7259  ","ONDACHECK-MD TAB              ",NULL,NULL
"7260  ","ONDAN TAB                     ",161122,2024-07-30 00:00:00.000
"7261  ","ONDANSETRON                   ",NULL,NULL
"7262  ","ONDANSETRON 4MG.TAB           ",NULL,NULL
"7263  ","ONDANSETRON HCL TAB           ",NULL,NULL
"7264  ","ONDANSETRON TAB               ",NULL,NULL
"7265  ","ONDANSETRON TAB               ",NULL,NULL
"7266  ","ONDANSETRON TAB               ",NULL,NULL
"7267  ","ONDASET-MD 4 TAB              ",NULL,NULL
"7268  ","ONDASTRAN 4MG TAB             ",ASH2001DR,2025-05-31 00:00:00.000
"7269  ","ONDECOL-MD 4                  ",NULL,NULL
"7270  ","ONDEE-MD 4 TAB                ",NULL,NULL
"7271  ","ONDELIFE-MD TAB.4 MG.         ",NULL,NULL
"7272  ","ONDENLIFE(R)                  ",NULL,NULL
"7273  ","ONDESAR(ONDANSETRON 4MG.)     ",NULL,NULL
"7274  ","ONDESETRAN TAB                ",PP477,2025-08-30 00:00:00.000
"7275  ","ONDET-4 TAB                   ",NULL,NULL
"7276  ","ONDET-MD TAB                  ",NULL,NULL
"7277  ","ONDILNIL MD TAB               ",NOST-004,2025-04-30 00:00:00.000
"7278  ","ONDISET-4 MD TAB(O)           ",NULL,NULL
"7279  ","ONDITRON                      ",NULL,NULL
"7280  ","ONDIZOL TAB                   ",NULL,NULL
"7281  ","ONE CLAV TABS 625             ",NULL,NULL
"7282  ","ONE TOUCH SELECT GLUCOMETER   ",.,NULL
"7282  ","ONE TOUCH SELECT GLUCOMETER   ",U200910X,NULL
"7283  ","ONE TOUCH SELECT STRIP 50     ",U200,NULL
"7284  ","ONEUSE NEEDLE NO.22G          ",NULL,NULL
"7285  ","ONEUSE NEEDLE NO.23           ",NULL,NULL
"7286  ","ONEUSE NEEDLE NO.23G          ",NULL,NULL
"7287  ","ONEUSE NEEDLE NO.24           ",NULL,NULL
"7288  ","ONEUSE NEEDLE NO.24G          ",NULL,NULL
"7289  ","ONEUSE NEEDLES (26*1/2)       ",NULL,NULL
"7290  ","ONMEVEL SPRAY                 ",NULL,NULL
"7291  ","ONN MD TAB                    ",NULL,NULL
"7292  ","ONOFF 200MG TAB               ",NULL,NULL
"7293  ","ONSETRIN-MD TAB               ",NULL,NULL
"7294  ","ONVIN 4MG MD TAB              ",NULL,NULL
"7295  ","OPICOD-10 (CODINE)TAB         ",NULL,NULL
"7296  ","OPTIMOX 250MG CAP             ",TAB24001,2025-12-30 00:00:00.000
"7297  ","OPTINEURON DROPS              ",NULL,NULL
"7298  ","ORA-FORTE GEL                 ",NULL,NULL
"7299  ","ORACELL GEL                   ",NULL,NULL
"7300  ","ORACOR GEL                    ",NULL,NULL
"7301  ","ORAFLOX-200MG TAB             ",NULL,NULL
"7302  ","ORAFRESH MOUTH WASH           ",NULL,NULL
"7303  ","ORAL POLIO (B.M-TUBE)         ",NULL,NULL
"7304  ","ORAL REHYDRATION SALTS        ",NULL,NULL
"7305  ","ORAL-I TAB                    ",NULL,NULL
"7306  ","ORALGAN TAB                   ",NULL,NULL
"7307  ","ORALIP PLUS                   ",NULL,NULL
"7308  ","ORALIX GEL                    ",E408,2025-11-30 00:00:00.000
"7309  ","ORAMINT GEL                   ",AXO-059,2025-06-30 00:00:00.000
"7310  ","ORAMINT TAB                   ",NULL,NULL
"7311  ","ORAPEN-200 (OFLOX)            ",NULL,NULL
"7312  ","ORASITE GEL                   ",NULL,NULL
"7313  ","ORISCAB LOTION                ",824,2025-02-28 00:00:00.000
"7314  ","ORISCAB SOAP                  ",NULL,NULL
"7315  ","ORITAXIM O 100MG TAB          ",NULL,NULL
"7316  ","ORIZON GAMJI ROLL             ",NULL,NULL
"7317  ","ORIZON KNEE CAP               ",NULL,NULL
"7318  ","ORIZON L.S.BELT               ",NULL,NULL
"7319  ","ORLIGAL CAP                   ",NULL,NULL
"7320  ","ORLIJOHN CAP 120              ",NULL,NULL
"7321  ","ORLIMAX CAP                   ",NULL,NULL
"7322  ","ORLISLIM CAP                  ",NULL,NULL
"7323  ","ORO-FORTE GEL                 ",NULL,NULL
"7324  ","OROCOP(BLUE)                  ",NULL,NULL
"7325  ","OROCOP(RED)                   ",NULL,NULL
"7326  ","OROGARD GEL 50GM              ",NULL,NULL
"7327  ","OROGARD INSTA MOUTH ULCERGEL  ",OIG-66,2024-06-30 00:00:00.000
"7327  ","OROGARD INSTA MOUTH ULCERGEL  ",OM23002,2025-04-30 00:00:00.000
"7328  ","ORONA-D(OMEZ+DOMPERI)CAP      ",NULL,NULL
"7329  ","ORRTRIM CAP                   ",NULL,NULL
"7330  ","ORS EHPL(POWDER)              ",NULL,NULL
"7331  ","ORS FRESH UP                  ",NULL,NULL
"7332  ","ORS LIQUID                    ",NULL,NULL
"7333  ","ORS LIQUID                    ",NULL,NULL
"7334  ","ORS ORANGE                    ",NULL,NULL
"7335  ","ORS ORENGE                    ",NULL,NULL
"7336  ","ORS POWDER                    ",NULL,NULL
"7337  ","ORS POWDER                    ",Z-24322,2026-03-30 00:00:00.000
"7338  ","ORS POWDER                    ",NULL,NULL
"7339  ","ORS POWDER                    ",NULL,NULL
"7340  ","ORS POWDER                    ",NULL,NULL
"7341  ","ORS POWDER                    ",NULL,NULL
"7342  ","ORS POWDER                    ",NULL,NULL
"7343  ","ORS POWDER                    ",NULL,NULL
"7344  ","ORS POWDER                    ",NULL,NULL
"7345  ","ORS POWDER CADILA             ",NULL,NULL
"7346  ","ORS POWDER DWD                ",Z-23371,2025-04-30 00:00:00.000
"7347  ","ORS POWDER INTAS              ",IPD230410,2025-03-31 00:00:00.000
"7348  ","ORS POWDER MEDWIN             ",Z-32440,2025-11-30 00:00:00.000
"7349  ","ORS POWDER MOONSTAR           ",MS123006,2025-04-30 00:00:00.000
"7350  ","ORS POWDER MORPEN             ",NULL,NULL
"7351  ","ORS POWDER,NOVITAS            ",A4-05,2025-07-30 00:00:00.000
"7352  ","ORS PUUCH                     ",NULL,NULL
"7353  ","ORS.CITRATE I.P.21.8GM        ",NULL,NULL
"7354  ","ORTHODOCS THERMOGEL           ",NULL,NULL
"7355  ","ORTHOGIANT TAB                ",AK11515,2024-04-30 00:00:00.000
"7355  ","ORTHOGIANT TAB                ",AK12347,2024-08-30 00:00:00.000
"7356  ","OSPAMOX 250MG CAP             ",NULL,NULL
"7357  ","OSPAMOX-500 CAP               ",NULL,NULL
"7358  ","OSSIPANT-D TAB                ",ABTBA075,2026-01-31 00:00:00.000
"7359  ","OSSIPANT-DSR CAP              ",NULL,NULL
"7360  ","OSSIRAB-DSR CAP               ",NULL,NULL
"7361  ","OSSIZIN-L TAB                 ",DLT-9068,2025-03-31 00:00:00.000
"7362  ","OSSIZIN-LM TAB                ",DLT-9531,2025-08-30 00:00:00.000
"7363  ","OSSOM-D CAP                   ",NULL,NULL
"7364  ","OSTEOCAL-D3-60K CAP           ",NULL,NULL
"7365  ","OSTOPAR-D3 60K                ",NULL,NULL
"7366  ","OTIS-D CAP                    ",NULL,NULL
"7367  ","OVL TAB                       ",NULL,NULL
"7368  ","OXEL -200 TAB                 ",NULL,NULL
"7369  ","OXEL 200MG BL TAB             ",NULL,NULL
"7370  ","OXO-200(OFLOX)TAB             ",NULL,NULL
"7371  ","OXY FRUIT 40 CAP              ",NULL,NULL
"7372  ","OXY FRUIT 40 CAP.             ",NULL,NULL
"7373  ","OXY POWER GM SOFTGEL CAP      ",NULL,NULL
"7374  ","OXY POWER GM SOFTGEL CAP      ",NULL,NULL
"7375  ","OXYBIOTIC-12 G CAP            ",NULL,NULL
"7376  ","OXYBIOTIC-40 CAP              ",IF23-0354D,2024-12-31 00:00:00.000
"7377  ","OXYBIOTIC-5G CAP              ",NULL,NULL
"7378  ","OXYCHARGE POWDER              ",NULL,NULL
"7379  ","OXYNUT-40 CAP                 ",CPN2312025,2025-11-30 00:00:00.000
"7380  ","OXYRED PLUS 36 CAP            ",NULL,NULL
"7381  ","OXYSHULZ CAPS                 ",NULL,NULL
"7382  ","OXYTETRA CAP                  ",NULL,NULL
"7383  ","OXYTETRA CAP                  ",NULL,NULL
"7384  ","OXYTETRACYCLINE               ",NULL,NULL
"7385  ","OXYTETRACYCLINE CAP           ",NULL,NULL
"7386  ","OXYTETRACYCLINE CAP 250MG     ",NULL,NULL
"7387  ","OXYTETRACYCLINE CAP 250MG.*   ",NULL,NULL
"7388  ",OXYTETRACYCLINE CAP(NOROXY-250,NULL,NULL
"7389  ","OXYTETRACYCLINE CAP.          ",NULL,NULL
"7390  ","OXYTETRACYCLINE CAP.250MG     ",NULL,NULL
"7391  ","OXYTETRACYCLINE HCL CAP.I.P   ",NULL,NULL
"7392  ","OXYTETRACYLINE CAP I.P        ",NULL,NULL
"7393  ","OXYTOP-250                    ",NULL,NULL
"7394  ","OXYVIT 19 CAP..               ",NULL,NULL
"7395  ","OXYVIT-19 CAP                 ",NULL,NULL
"7396  ","OXYVIT-PLUS TAB               ",NULL,NULL
"7397  ","OYS-CAL FORTE TAB             ",53-213,2026-02-28 00:00:00.000
"7398  ","OYSTER NEEDLE NO.22           ",NULL,NULL
"7399  ","OYSTER NEEDLE NO.23           ",NULL,NULL
"7400  ","OYSTER NEEDLE NO.24           ",NULL,NULL
"7401  ","OZEC-20G                      ",NULL,NULL
"7402  ","OZEN-D CAP                    ",NULL,NULL
"7403  ","OZIPRAZ D CAP                 ",NULL,NULL
"7404  ","OZO-20 CAP                    ",NULL,NULL
"7405  ","OZOLE CAP                     ",NULL,NULL
"7406  ","OZOLE-D CAP                   ",NULL,NULL
"7407  ","OZON CAP                      ",NULL,NULL
"7408  ","P MOL(PARA+CPM)TAB            ",4143(P),2025-12-31 00:00:00.000
"7408  ","P MOL(PARA+CPM)TAB            ",4144(Y),2025-12-31 00:00:00.000
"7408  ","P MOL(PARA+CPM)TAB            ",4280,2026-01-31 00:00:00.000
"7408  ","P MOL(PARA+CPM)TAB            ",5175,2026-05-31 00:00:00.000
"7408  ","P MOL(PARA+CPM)TAB            ",5176,2026-05-31 00:00:00.000
"7409  ","P-CET TAB(PP)(CETRIZINE)      ",NULL,NULL
"7410  ","P-MOL TAB                     ",4083,2025-12-30 00:00:00.000
"7410  ","P-MOL TAB                     ",5095,2026-03-31 00:00:00.000
"7411  ",P.HAMMER WITH PIN & BRUSH(MSI),NULL,NULL
"7412  ","P.P.LOCK-D CAP                ",NULL,NULL
"7413  ","P.P.LOK 20.                   ",NULL,NULL
"7414  ","P.V.C.EXA.GLOVES(L)           ",NULL,NULL
"7415  ","P.V.C.EXA.GLOVES(M)           ",NULL,NULL
"7416  ","P.V.C.EXA.GLOVES(S)           ",NULL,NULL
"7417  ","P40 TAB                       ",NULL,NULL
"7418  ","PAACHAN CANDY                 ",PCM-032,2024-04-28 00:00:00.000
"7419  ","PACIMEX 500(PARA)             ",NULL,NULL
"7420  ","PACKING & FORWARDING          ",.,NULL
"7421  ","PADIE PLUS TAB                ",NULL,NULL
"7422  ","PAIN DROP CREAM               ",NULL,NULL
"7423  ","PAIN DROP ROLLON              ",NULL,NULL
"7424  ","PAIN DROP TAB                 ",NULL,NULL
"7425  ","PAIN-O-JOINT TAB              ",NULL,NULL
"7426  ","PAINFREE GEL                  ",NULL,NULL
"7427  ","PAINXPERT-30 GEL              ",PXLE-221,2024-06-30 00:00:00.000
"7428  ","PAN 40MG TAB                  ",NULL,NULL
"7429  ","PANEZ-DSR                     ",NULL,NULL
"7430  ","PANKON-DSR                    ",NULL,NULL
"7431  ","PANODEX-D TAB                 ",NULL,NULL
"7432  ","PANOR-40 PLUS TAB             ",NULL,NULL
"7433  ","PANOR-40 TAB                  ",MT221S1,2024-05-31 00:00:00.000
"7434  ","PANOR-D TAB                   ",MT22150,2024-05-31 00:00:00.000
"7435  ","PANTACARE D TAB               ",PCD-1021,2024-10-30 00:00:00.000
"7436  ","PANTACARE DSR CAP             ",NULL,NULL
"7437  ","PANTACARE TAB                 ",PC-1026,2025-11-30 00:00:00.000
"7438  ","PANTAIS 40 TAB                ",NULL,NULL
"7439  ","PANTAMORE DSR CAP             ",NULL,NULL
"7440  ","PANTASYN (PENTO 40)           ",NULL,NULL
"7441  ","PANTOBERT 40 TAB              ",NULL,NULL
"7442  ","PANTOCIP-40 TAB               ",NULL,NULL
"7443  ","PANTOL TAB                    ",NULL,NULL
"7444  ","PANTOLID TAB                  ",NULL,NULL
"7445  ","PANTOMED TAB                  ",NULL,NULL
"7446  ","PANTONIL 40MG TAB             ",NULL,NULL
"7447  ","PANTONIX D 20MG TAB           ",NULL,NULL
"7448  ","PANTONIX D 20MG TAB           ",NULL,NULL
"7449  ","PANTONIX D 20MG.TAB           ",NULL,NULL
"7450  ","PANTONIX D 40MG TAB           ",AWB3001DJ,2025-05-31 00:00:00.000
"7451  ","PANTONIX D 40MG TAB           ",NULL,NULL
"7452  ","PANTONIX DSR CAP              ",NULL,NULL
"7453  ","PANTONIX-D 40MG.TAB           ",NULL,NULL
"7454  ","PANTOPRAZOLE & DOM.TAB        ",NULL,NULL
"7455  ","PANTOPRAZOLE 40MG TAB         ",NULL,NULL
"7456  ","PANTOPRAZOLE TAB              ",NULL,NULL
"7457  ","PANTOPRAZOLE TAB              ",NULL,NULL
"7458  ","PANTOVAG 20 TAB               ",2301062,2024-12-31 00:00:00.000
"7459  ","PANTOZEC-40                   ",NULL,NULL
"7460  ","PANTUP DSR                    ",PTLC-2013,2024-09-30 00:00:00.000
"7461  ","PANZOKAM 40 TAB               ",NULL,NULL
"7462  ","PAPER TAPE 1""                 ",NULL,NULL
"7463  ","PAPER TAPE 1/2""               ",NULL,NULL
"7464  ","PAR-D(PARA+DICLO)             ",4057(B),2025-11-30 00:00:00.000
"7464  ","PAR-D(PARA+DICLO)             ",4125(S.Y),2025-12-31 00:00:00.000
"7464  ","PAR-D(PARA+DICLO)             ",4310,2026-02-28 00:00:00.000
"7464  ","PAR-D(PARA+DICLO)             ",5160,2026-04-30 00:00:00.000
"7465  ","PARA 500 TAB                  ",NULL,NULL
"7466  ","PARA STRONG TAB               ",NULL,NULL
"7467  ","PARA+CPM TAB                  ",NULL,NULL
"7468  ","PARA+CPM TAB                  ",NULL,NULL
"7469  ","PARA+CPM TAB                  ",NULL,NULL
"7470  ","PARA+CPM(BICOML) TAB          ",NULL,NULL
"7471  ","PARA+IBU (VIBUCIN) TAB        ",NULL,NULL
"7472  ","PARA+IBU KID TAB              ",NULL,NULL
"7473  ","PARA+IBU(225)                 ",NULL,NULL
"7474  ","PARA-GE 500MG TAB             ",NULL,NULL
"7475  ","PARABOOST 500 TAB             ",NULL,NULL
"7476  ","PARABOOST-650 TAB             ",NULL,NULL
"7477  ","PARACAD TAB                   ",NULL,NULL
"7478  ","PARACAD TAB(B)                ",NULL,NULL
"7479  ","PARACAD-650MG TAB             ",NULL,NULL
"7480  ","PARACETAMOL (FEVER)TAB        ",NULL,NULL
"7481  ","PARACETAMOL (O)TAB            ",NULL,NULL
"7482  ","PARACETAMOL (P-MOL)TAB        ",NULL,NULL
"7483  ","PARACETAMOL (R)TAB            ",NULL,NULL
"7484  ","PARACETAMOL 125 MG TAB        ",NULL,NULL
"7485  ","PARACETAMOL 500MG             ",NULL,NULL
"7486  ","PARACETAMOL 500MG (O) TAB     ",NULL,NULL
"7487  ","PARACETAMOL 500MG (O)TAB      ",NULL,NULL
"7488  ","PARACETAMOL 500MG (O)TAB      ",NULL,NULL
"7489  ","PARACETAMOL 500MG (R) TAB     ",NULL,NULL
"7490  ","PARACETAMOL 500MG HAB         ",NULL,NULL
"7491  ","PARACETAMOL 500MG TAB         ",NULL,NULL
"7492  ","PARACETAMOL 500MG TAB         ",NULL,NULL
"7493  ","PARACETAMOL 500MG TAB         ",NULL,NULL
"7494  ","PARACETAMOL 500MG TAB         ",NULL,NULL
"7495  ","PARACETAMOL 500MG TAB         ",NULL,NULL
"7496  ","PARACETAMOL 500MG TAB         ",NULL,NULL
"7497  ","PARACETAMOL 500MG TAB         ",NULL,NULL
"7498  ","PARACETAMOL 500MG TAB         ",NULL,NULL
"7499  ","PARACETAMOL 500MG TAB         ",NULL,NULL
"7500  ","PARACETAMOL 500MG TAB         ",NULL,NULL
"7501  ","PARACETAMOL 500MG TAB         ",NULL,NULL
"7502  ","PARACETAMOL 500MG TAB         ",NULL,NULL
"7503  ","PARACETAMOL 500MG TAB (O)     ",NULL,NULL
"7504  ","PARACETAMOL 500MG TAB (O)     ",NULL,NULL
"7505  ","PARACETAMOL 500MG TAB (R)     ",NULL,NULL
"7506  ","PARACETAMOL 500MG TAB(100)    ",3AB1006C,2024-10-30 00:00:00.000
"7507  ","PARACETAMOL 500MG TAB(O)      ",AT-22253,2024-06-30 00:00:00.000
"7508  ","PARACETAMOL 500MG TAB(O)      ",NULL,NULL
"7509  ","PARACETAMOL 500MG TAB(O)      ",NULL,NULL
"7510  ","PARACETAMOL 500MG TAB(R)      ",NULL,NULL
"7511  ","PARACETAMOL 500MG TAB(R)      ",NULL,NULL
"7512  ","PARACETAMOL 500MG.TAB         ",NULL,NULL
"7513  ","PARACETAMOL 500MG.TAB         ",NULL,NULL
"7514  ","PARACETAMOL 650MG (O)         ",NULL,NULL
"7515  ","PARACETAMOL 650MG TAB         ",NULL,NULL
"7516  ","PARACETAMOL 650MG TAB         ",NULL,NULL
"7517  ","PARACETAMOL I.P.650MG TAB     ",NULL,NULL
"7518  ","PARACETAMOL TAB               ",NULL,NULL
"7519  ","PARACETAMOL TAB               ",NULL,NULL
"7520  ","PARACETAMOL TAB               ",NULL,NULL
"7521  ","PARACETAMOL TAB               ",NULL,NULL
"7522  ","PARACETAMOL TAB               ",NULL,NULL
"7523  ","PARACETAMOL TAB               ",NULL,NULL
"7524  ","PARACETAMOL TAB               ",NULL,NULL
"7525  ","PARACETAMOL TAB               ",NULL,NULL
"7526  ","PARACETAMOL TAB               ",NULL,NULL
"7527  ","PARACETAMOL TAB               ",NULL,NULL
"7528  ","PARACETAMOL TAB (HEX)         ",NULL,NULL
"7529  ","PARACETAMOL TAB (LIMOL-500MG) ",NULL,NULL
"7530  ","PARACETAMOL TAB (O)           ",NULL,NULL
"7531  ","PARACETAMOL TAB 500MG         ",NULL,NULL
"7532  ","PARACETAMOL TAB 500MG         ",NULL,NULL
"7533  ","PARACETAMOL TAB 500MG         ",NULL,NULL
"7534  ","PARACETAMOL TAB 500MG         ",NULL,NULL
"7535  ","PARACETAMOL TAB 500MG (O)     ",3B3121D,2026-05-31 00:00:00.000
"7535  ","PARACETAMOL TAB 500MG (O)     ",3B3212D,2026-10-30 00:00:00.000
"7536  ","PARACETAMOL TAB 500MG(R/D)    ",3A3052D,2026-11-30 00:00:00.000
"7536  ","PARACETAMOL TAB 500MG(R/D)    ",3A4008D,2026-12-31 00:00:00.000
"7536  ","PARACETAMOL TAB 500MG(R/D)    ",3A4009D,2026-12-31 00:00:00.000
"7537  ","PARACETAMOL TAB 650MG         ",NULL,NULL
"7538  ","PARACETAMOL TAB I.P           ",767,2025-11-30 00:00:00.000
"7539  ","PARACETAMOL TAB(O)            ",NULL,NULL
"7540  ","PARACETAMOL TAB(O)            ",NULL,NULL
"7541  ","PARACETAMOL TAB(O)            ",NULL,NULL
"7542  ","PARACETAMOL&IBUPROFEN         ",NULL,NULL
"7543  ",PARACETOL FORTE TAB(400MG+2MG),NULL,NULL
"7544  ","PARACHLOR (PARA+CPM)          ",NULL,NULL
"7545  ","PARACIP 500                   ",NULL,NULL
"7546  ","PARACTAMOL 650                ",NULL,NULL
"7547  ","PARADOL-650 TAB               ",NULL,NULL
"7548  ","PARAFAST TAB                  ",NULL,NULL
"7549  ","PARAFEN TAB                   ",NULL,NULL
"7550  ","PARAFENAC MR TAB              ",NULL,NULL
"7551  ","PARAFENAC PLUS TAB (ST)       ",36-048,2026-04-30 00:00:00.000
"7551  ","PARAFENAC PLUS TAB (ST)       ",36-050,2026-07-30 00:00:00.000
"7552  ","PARAFENAC PLUS TAB.           ",36-045,2025-12-31 00:00:00.000
"7552  ","PARAFENAC PLUS TAB.           ",36-047,2026-03-31 00:00:00.000
"7552  ","PARAFENAC PLUS TAB.           ",36-049,2026-06-30 00:00:00.000
"7552  ","PARAFENAC PLUS TAB.           ",36049,2026-06-30 00:00:00.000
"7553  ","PARAFENAC TAB                 ",385-80,2026-10-31 00:00:00.000
"7554  ","PARAFIN TAB                   ",NULL,NULL
"7555  ","PARAGEE 500MG TAB             ",GAB2281,2026-07-30 00:00:00.000
"7556  ","PARAGEE-650MG TAB             ",GAB2281,2026-07-30 00:00:00.000
"7557  ","PARAGEM-P TAB(PARA KID)       ",NULL,NULL
"7558  ","PARAHIST 325MG TAB            ",NULL,NULL
"7559  ","PARAHIST 500MG TAB            ",NULL,NULL
"7560  ","PARAHIST-400MG TAB            ",NULL,NULL
"7561  ","PARALAB 500MG TAB             ",NULL,NULL
"7562  ","PARALIFE(O) TAB               ",NULL,NULL
"7563  ","PARALIFE(R)                   ",NULL,NULL
"7564  ","PARAMET TAB                   ",NULL,NULL
"7565  ","PARAMOL (BLUE)                ",NULL,NULL
"7566  ","PARAMOL-C TAB                 ",NULL,NULL
"7567  ","PARANAIN-650MG TAB            ",NULL,NULL
"7568  ","PARANIM TAB                   ",NULL,NULL
"7569  ","PARAPLUS(PARA+CPM)(400+2MG)   ",NULL,NULL
"7570  ","PARAS NEEDLE NO,22            ",NULL,NULL
"7571  ","PARAS NEEDLE NO.23            ",G130323S22,2028-02-28 00:00:00.000
"7571  ","PARAS NEEDLE NO.23            ",G180723531,2028-06-30 00:00:00.000
"7571  ","PARAS NEEDLE NO.23            ",G180723S31,2028-06-30 00:00:00.000
"7571  ","PARAS NEEDLE NO.23            ",H121123S21,2028-10-30 00:00:00.000
"7572  ","PARAS NEEDLE NO.23(LOOSE)     ",NULL,NULL
"7573  ","PARAS NEEDLE NO.24            ",H121123S21,2028-10-30 00:00:00.000
"7573  ","PARAS NEEDLE NO.24            ",H241223S21,2028-11-30 00:00:00.000
"7573  ","PARAS NEEDLE NO.24            ",H291123S21,2028-10-30 00:00:00.000
"7573  ","PARAS NEEDLE NO.24            ",HO70624S21,2029-05-31 00:00:00.000
"7574  ","PARAS NEEDLE NO.24 (LOOSE)    ",NULL,NULL
"7575  ","PARAS NEEDLE.NO.22            ",F011222S11,2027-11-30 00:00:00.000
"7576  ","PARASPAS TAB                  ",NULL,NULL
"7577  ","PARATUL0 TAB (PARA+CPM)       ",NULL,NULL
"7578  ","PARAVIS 500 TAB               ",NULL,NULL
"7579  ","PARAWOK TAB                   ",NULL,NULL
"7580  ","PARCETAMOL I.P.(R/D)500MG T   ",NULL,NULL
"7581  ","PARIFEN TAB(LOOSE)            ",NULL,NULL
"7582  ","PARK AVENUE DEO TALK          ",NULL,NULL
"7583  ","PARK AVENUE SHAVING CREAM     ",NULL,NULL
"7584  ","PARMOL-M TAB                  ",NULL,NULL
"7585  ","PARON 40MG TAB                ",NULL,NULL
"7586  ","PARON D30 SR CAP              ",NULL,NULL
"7587  ","PARXYL-500 TAB                ",NULL,NULL
"7588  ","PATROVA-40MG TAB              ",NULL,NULL
"7589  ","PCM-400(PARA+CPM)             ",NULL,NULL
"7590  ","PDF POWDER                    ",NULL,NULL
"7591  ","PDLONE (PREDNI)TAB            ",NULL,NULL
"7592  ","PDLONE TAB                    ",NULL,NULL
"7593  ","PEARL SKIN CREAM              ",100-03,2024-10-30 00:00:00.000
"7593  ","PEARL SKIN CREAM              ",100-53,2024-10-30 00:00:00.000
"7594  ","PEFOL-Z CAP                   ",NULL,NULL
"7595  ","PEGABANYL CAP                 ",NULL,NULL
"7596  ","PELLMOL 650MG TAB             ",NULL,NULL
"7597  ","PENCID (OMEZ 20MG)CAP         ",PP/CO67,2025-11-30 00:00:00.000
"7598  ","PENCID D CAP                  ",NULL,NULL
"7599  ","PENCOF PLUS TAB               ",NULL,NULL
"7600  ","PENSETRON 4MG.TAB             ",PP/805,2026-01-31 00:00:00.000
"7601  ","PENSLIDE TAB                  ",NULL,NULL
"7602  ","PENSLIDE-D(DICY+NISE)         ",NULL,NULL
"7603  ","PENSLIDE-P TAB                ",NULL,NULL
"7604  ","PENSLIDIE-D(DICY+NISE)TAB     ",NULL,NULL
"7605  ","PENSULIDE M TAB               ",NULL,NULL
"7606  ","PENTA PC TAB                  ",NULL,NULL
"7607  ","PENTABION TAB                 ",NULL,NULL
"7608  ","PENTABROM TAB                 ",NULL,NULL
"7609  ","PENTACIN 25MG TAB             ",PP/532,2025-09-30 00:00:00.000
"7610  ","PENTAFRENCH DSR               ",NULL,NULL
"7611  ","PENTALOC DSR                  ",NULL,NULL
"7612  ","PENTALOC-40 TAB               ",NULL,NULL
"7613  ","PENTAMOL AC                   ",NULL,NULL
"7614  ","PENTAMOL AP TAB               ",NULL,NULL
"7615  ","PENTAMOL APS TAB              ",NULL,NULL
"7616  ","PENTAMOL KID 125 TAB          ",NULL,NULL
"7617  ","PENTAMOL-650 TAB              ",PP/701,2025-11-30 00:00:00.000
"7617  ","PENTAMOL-650 TAB              ",pp/918,2026-02-28 00:00:00.000
"7618  ","PENTAMOON DSR CAP             ",MS23008,2025-02-28 00:00:00.000
"7619  ","PENTAMOON-40MG TAB            ",MS22073,2024-11-30 00:00:00.000
"7620  ","PENTAMOON-D TAB               ",SET-22031,2024-08-30 00:00:00.000
"7621  ","PENTAMOX 250MG CAP            ",NULL,NULL
"7622  ","PENTAMOX-250DT TAB            ",NULL,NULL
"7623  ","PENTAPHYLLINE TAB             ",PP/071,2026-04-30 00:00:00.000
"7623  ","PENTAPHYLLINE TAB             ",PP/887,2026-02-28 00:00:00.000
"7624  ","PENTAPLEX P CAP               ",PP-C030,2024-10-30 00:00:00.000
"7624  ","PENTAPLEX P CAP               ",PP/915,2026-02-28 00:00:00.000
"7624  ","PENTAPLEX P CAP               ",PP/C012,2024-07-30 00:00:00.000
"7625  ","PENTAPLEX PLUS TAB            ",NULL,NULL
"7626  ","PENTAPLEX TAB                 ",NULL,NULL
"7627  ","PENTAPLEX(PENTAPLE) TAB       ",NULL,NULL
"7628  ","PENTAPLEX-F TAB               ",PP/742,2025-12-31 00:00:00.000
"7629  ","PENTAPLEX-P TAB               ",PP/086,2026-04-30 00:00:00.000
"7629  ","PENTAPLEX-P TAB               ",PP/915,2026-02-28 00:00:00.000
"7630  ","PENTAQUIN-500                 ",NULL,NULL
"7631  ","PENTASPASS-M TAB              ",PP-711,2025-11-30 00:00:00.000
"7631  ","PENTASPASS-M TAB              ",PP/051,2026-03-30 00:00:00.000
"7631  ","PENTASPASS-M TAB              ",PP/251,2026-03-30 00:00:00.000
"7631  ","PENTASPASS-M TAB              ",PP/399,2025-08-30 00:00:00.000
"7631  ","PENTASPASS-M TAB              ",PP/632,2025-11-30 00:00:00.000
"7631  ","PENTASPASS-M TAB              ",PP/728,2025-12-30 00:00:00.000
"7631  ","PENTASPASS-M TAB              ",PP/729,2025-12-31 00:00:00.000
"7632  ","PENTATE DSR TAB               ",NULL,NULL
"7633  ","PENTAWOK 20MG TAB             ",NULL,NULL
"7634  ","PENTAWOK 40MG TAB             ",WAM24007,2026-04-30 00:00:00.000
"7634  ","PENTAWOK 40MG TAB             ",WMP23033,2025-05-31 00:00:00.000
"7635  ","PENTAWOK DSR                  ",NULL,NULL
"7636  ","PENTIZA-DSR                   ",NULL,NULL
"7637  ","PENTOWOK(PANTOPRAZOLE)40MG    ",NULL,NULL
"7638  ","PENTOWOK-D TAB                ",WAM23002,2025-10-30 00:00:00.000
"7638  ","PENTOWOK-D TAB                ",WAM24001,2025-12-30 00:00:00.000
"7638  ","PENTOWOK-D TAB                ",WAM24005,2026-03-31 00:00:00.000
"7638  ","PENTOWOK-D TAB                ",WAM24006,2026-02-28 00:00:00.000
"7639  ","PENTOXY M TAB                 ",PP/721,2025-12-30 00:00:00.000
"7640  ","PENTOXY PLUS TAB              ",NULL,NULL
"7641  ","PENTOXY(DICLO+PARA)TAB        ",NULL,NULL
"7642  ","PENZOLAM 0.5MG .TAB           ",NULL,NULL
"7643  ","PEP-650 TAB                   ",NULL,NULL
"7644  ","PEPLOC-150MG TAB              ",NULL,NULL
"7645  ","PEPMOL TAB(BLUE)              ",NULL,NULL
"7646  ","PEPMOL TAB(VIOLET)            ",NULL,NULL
"7647  ","PEPSIGEL M.P.S TAB            ",NULL,NULL
"7648  ","PEPSIGEL MPS TAB              ",NULL,NULL
"7649  ","PEPSIGEL MPS TAB              ",NULL,NULL
"7650  ","PEPTAC 150MG TAB              ",NULL,NULL
"7651  ","PEPZINE 25MG.TAB              ",NULL,NULL
"7652  ","PERCOR CREAM                  ",NULL,NULL
"7653  ","PERCOR LOTION 50ML            ",NULL,NULL
"7654  ","PERMICLIDE SOAP               ",NULL,NULL
"7655  ","PERMIGLOW SOAP                ",NULL,NULL
"7656  ","PERMINEC CREAM 30GM           ",O-229068,2024-08-30 00:00:00.000
"7657  ","PERMINEC LOTION               ",O-2310066,2025-09-30 00:00:00.000
"7658  ","PERMINEC SOAP                 ",NULL,NULL
"7659  ","PERMITEK C SOAP               ",NULL,NULL
"7660  ","PERRY-D CAP(OMPERA+DOMPERI)   ",NULL,NULL
"7661  ","PERTHIMOON LOTION             ",196,2025-04-30 00:00:00.000
"7662  ","PERTHIMOON LOTION 5%          ",NULL,NULL
"7663  ","PERTHIMOON SOAP               ",NULL,NULL
"7664  ","PERTIHMOON SOAP (18%)         ",NULL,NULL
"7665  ","PESUDOEPHEDRINE 30MG.TAB      ",NULL,NULL
"7666  ","PETRADOL                      ",NULL,NULL
"7667  ","PEXIME-O TAB                  ",NULL,NULL
"7668  ","PG MORE-NT TAB                ",NULL,NULL
"7669  ","PGESIC-MR(DIC+PARA+CHLO)TAB   ",NULL,NULL
"7670  ","PHAGE-500MG TAB               ",117-127,2026-12-31 00:00:00.000
"7670  ","PHAGE-500MG TAB               ",117124,2026-05-31 00:00:00.000
"7670  ","PHAGE-500MG TAB               ",117127,2026-12-31 00:00:00.000
"7671  ","PHARMEON STD KIT              ",NULL,NULL
"7672  ","PHARMINT TAB                  ",NULL,NULL
"7673  ","PHARMINT TAB 300MG            ",NULL,NULL
"7674  ","PHARMINT(SODAMINT)300MG       ",NULL,NULL
"7675  ","PHENAC-TAB                    ",NULL,NULL
"7676  ","PHENCET  TAB                  ",NULL,NULL
"7677  ","PHENCET TAB.                  ",NULL,NULL
"7678  ","PHENCETIN-250MG (CHLORO)CAP   ",NULL,NULL
"7679  ","PHENCIN TAB                   ",NULL,NULL
"7680  ","PHENIM TAB                    ",3986,2025-11-30 00:00:00.000
"7680  ","PHENIM TAB                    ",3987,2025-11-30 00:00:00.000
"7681  ","PHENIPAR TAB                  ",NULL,NULL
"7682  ","PHENIRAMINE MALATE 25MG TAB   ",PP597,2025-10-30 00:00:00.000
"7682  ","PHENIRAMINE MALATE 25MG TAB   ",PP769,2025-12-31 00:00:00.000
"7683  ","PHENIRAMINE MALEATE 250MG.    ",NULL,NULL
"7684  ","PHENIRAMINE MALEATE 25M. TAB  ",NULL,NULL
"7685  ","PHENIRAMINE MALEATE 25MG      ",NULL,NULL
"7686  ","PHENIRAMINE MALEATE 25MG TAB  ",PN-150,2024-09-30 00:00:00.000
"7686  ","PHENIRAMINE MALEATE 25MG TAB  ",PN-152,2026-06-30 00:00:00.000
"7687  ","PHENIRAMINE MALEATE TAB       ",NULL,NULL
"7688  ","PHENIRAMINE MALEATE TAB       ",NULL,NULL
"7689  ","PHENIRAMINE TAB(AVIL)         ",NULL,NULL
"7690  ","PHENLYBUTAZONE TAB            ",NULL,NULL
"7691  ","PHENYALBUTAZONE TAB           ",NULL,NULL
"7692  ","PHENYBUTAZONE 100MG F/C TAB   ",NULL,NULL
"7693  ","PHENYLBUTAZOLE TAB            ",NULL,NULL
"7694  ","PHENYLBUTAZOLE TAB            ",NULL,NULL
"7695  ","PHENYLBUTAZONE TAB            ",NULL,NULL
"7696  ","PHENYLBUTAZONE TAB            ",NULL,NULL
"7697  ","PHENYLBUTAZONE TAB            ",NULL,NULL
"7698  ","PHENYLBUTAZONE TAB            ",NULL,NULL
"7699  ","PHENYLBUTAZONE TAB            ",NULL,NULL
"7700  ","PHENYLBUTAZONE TAB            ",NULL,NULL
"7701  ","PHENYLBUTAZONE TAB            ",NULL,NULL
"7702  ","PHENYLBUTAZONE TAB            ",NULL,NULL
"7703  ","PHENYLBUTAZONE TAB            ",PBZ-102,2026-06-30 00:00:00.000
"7704  ","PHENYLBUTAZONE TAB(S/C)       ",NULL,NULL
"7705  ","PILECLIDE CAP B/S             ",NULL,NULL
"7706  ","PILES CLIDE CAP               ",NULL,NULL
"7707  ","PILES CURE CREAM              ",NULL,NULL
"7708  ","PILESAFE CREAM                ",NULL,NULL
"7709  ","PILESCLEAR OINT               ",NULL,NULL
"7710  ","PILESCLIDE OINTMENT           ",NULL,NULL
"7711  ","PILESCOR CAP                  ",NULL,NULL
"7712  ","PILESCOR CREAM                ",NULL,NULL
"7713  ","PILESMOON CAPSULES            ",A-1252,2026-02-28 00:00:00.000
"7714  ","PILESMOON CREAM               ",NULL,NULL
"7715  ","PILOSEAL ADAVANCE CREAM       ",617,2026-03-31 00:00:00.000
"7716  ","PIMET 20 GM                   ",A112A,2025-11-30 00:00:00.000
"7717  ","PIMET OZ OINTMENT             ",NULL,NULL
"7718  ","PIMPLE CURE PLUS GEL          ",NULL,NULL
"7719  ","PIMPLEX GEL                   ",NULL,NULL
"7720  ","PIRITOP (CPM)                 ",NULL,NULL
"7721  ","PIROM-20                      ",220555,2025-04-30 00:00:00.000
"7722  ","PIROXICAM 20MG TAB            ",NULL,NULL
"7723  ","PIROXICAM TAB                 ",NULL,NULL
"7724  ","PIROXICAM TAB                 ",NULL,NULL
"7725  ","PIROXICAM TAB                 ",NULL,NULL
"7726  ","PIROXYCAM 20MG CAP            ",NULL,NULL
"7727  ","PITCO L S BELT -90            ",NULL,NULL
"7728  ","PITCO L.S.BELT 115-120 CM     ",.,NULL
"7729  ","PIVIDINE 500ML                ",NULL,NULL
"7730  ","PIVIDINE OINT 125GM           ",GLT12007,2025-07-30 00:00:00.000
"7730  ","PIVIDINE OINT 125GM           ",GLT22018,2024-04-30 00:00:00.000
"7730  ","PIVIDINE OINT 125GM           ",GLT2300,2025-07-30 00:00:00.000
"7730  ","PIVIDINE OINT 125GM           ",GLT23007,2025-07-30 00:00:00.000
"7730  ","PIVIDINE OINT 125GM           ",GLT23008,2025-07-30 00:00:00.000
"7730  ","PIVIDINE OINT 125GM           ",GLT280027,2025-07-30 00:00:00.000
"7731  ","PIVODINE-AM                   ",NULL,NULL
"7732  ","PLAGRIL GOLD                  ",NULL,NULL
"7733  ","PLASTIC BAG 2*3               ",,NULL
"7733  ","PLASTIC BAG 2*3               ",.,2026-02-28 00:00:00.000
"7733  ","PLASTIC BAG 2*3               ",0,NULL
"7733  ","PLASTIC BAG 2*3               ",2329,NULL
"7733  ","PLASTIC BAG 2*3               ",250424,2030-02-28 00:00:00.000
"7733  ","PLASTIC BAG 2*3               ",3923,2026-10-30 00:00:00.000
"7733  ","PLASTIC BAG 2*3               ",39232100,NULL
"7734  ","PLASTIC BAG 2.5*3.5           ",0,NULL
"7734  ","PLASTIC BAG 2.5*3.5           ",3923,NULL
"7735  ","PLASTIC BAG 3*4               ",.,2026-10-30 00:00:00.000
"7735  ","PLASTIC BAG 3*4               ",0,NULL
"7735  ","PLASTIC BAG 3*4               ",39232100,NULL
"7736  ","PLASTIC GLOVES                ",NULL,NULL
"7737  ","PLASTIC GLOVES                ",NULL,NULL
"7738  ","PLASTIC GLOVES*               ",NULL,NULL
"7739  ","PLATIGEN CAP                  ",NULL,NULL
"7740  ","PLAYGARD 100 TAB              ",NULL,NULL
"7741  ","PLUS OXIMETRE OMRON           ",NULL,NULL
"7742  ","PLUS-LON ANTISEPTIC LIQ.      ",NULL,NULL
"7743  ","PLUS-LON LOTION               ",NULL,NULL
"7744  ","PODOBERT 200 TAB              ",NULL,NULL
"7745  ","PODOBIOTIC 200 TAB            ",NULL,NULL
"7746  ","PODOBLESS 200 TAB             ",T220179B,2024-08-30 00:00:00.000
"7747  ","PODOXIM 200MG TAB             ",NULL,NULL
"7748  ","POLITINE 2 1/2*3 1/2 BAG      ",NULL,NULL
"7749  ","POLITINE 2*3 BAG              ",NULL,NULL
"7750  ","POLITINE 3*4 P.BAG            ",NULL,NULL
"7751  ","POLITINE 4*6 BAG              ",NULL,NULL
"7752  ","POLYDERM CREAM                ",NULL,NULL
"7753  ","POLYOPLEX(B.C)                ",NULL,NULL
"7754  ","POLYTHINE BAG 2.5*3.5         ",NULL,NULL
"7755  ","POLYTHYLENE BAG 3*4           ",NULL,NULL
"7756  ","POLYTHYLINE BAG  2*3          ",NULL,NULL
"7757  ","POLYTHYLINE BAG 2*6           ",NULL,NULL
"7758  ","POLYTINE BAG 2*3(180G)        ",NULL,NULL
"7759  ","POLYTINE BAG 4*6              ",NULL,NULL
"7760  ","POLYTINE BAG.2*3 1/2          ",NULL,NULL
"7761  ","POMED(OME+DOMP)CAP            ",NULL,NULL
"7762  ","POVI-IOD.SOLU(BECTOSEPT)      ",NULL,NULL
"7763  ","POVI-IODINE OINMENT USP       ",NULL,NULL
"7764  ","POVI-IODINE OINTMENT          ",NULL,NULL
"7765  ","POVI-IODINE OINTMENT          ",NULL,NULL
"7766  ","POVICIDAL (20GM)              ",NULL,NULL
"7767  ","POVICIDAL 5% 2LTR             ",NULL,NULL
"7768  ","POVICIDAL 5% SOLU(100ML)      ",MW24003,2026-02-28 00:00:00.000
"7769  ","POVICIDAL GARGLE              ",NULL,NULL
"7770  ","POVICIDAL OINTMENT            ",GC23015,2025-04-30 00:00:00.000
"7770  ","POVICIDAL OINTMENT            ",GC23041,2025-10-30 00:00:00.000
"7771  ","POVICIDAL OINTMENT            ",NULL,NULL
"7772  ","POVICIDAL SOLUTION            ",NULL,NULL
"7773  ","POVICO POVI-IODINE SOLU I.P   ",NULL,NULL
"7774  ","POVICO SOLUTION               ",NULL,NULL
"7775  ","POVIDINE 250GM                ",NULL,NULL
"7776  ","POVIDINE SOLUTION             ",NULL,NULL
"7777  ","POVIDINE SOLUTION             ",NULL,NULL
"7778  ",POVIDINE SOLUTION (VISATADINE),NULL,NULL
"7779  ","POVIDOINE SOULTION ZYPOVID    ",NULL,NULL
"7780  ",POVIDON IODINE(CIPLADINE OINT),NULL,NULL
"7781  ","POVIDON OINTMENT              ",NULL,NULL
"7782  ","POVIDON SOLUTION              ",NULL,NULL
"7783  ","POVIDON-IODINE SOLUTION       ",NULL,NULL
"7784  ","POVIDON-LODINE SOLUTION I.P.  ",NULL,NULL
"7785  ","POVIDONE (BECTODINE)OINTMENT  ",NULL,NULL
"7786  ","POVIDONE IODINE CREAM         ",NULL,NULL
"7787  ","POVIDONE IODINE OINT          ",NULL,NULL
"7788  ","POVIDONE IODINE OINTMENT      ",NULL,NULL
"7789  ","POVIDONE IODINE OINTMENT      ",NULL,NULL
"7790  ","POVIDONE IODINE OINTMENT      ",NULL,NULL
"7791  ","POVIDONE IODINE OINTMENT      ",NULL,NULL
"7792  ","POVIDONE IODINE OINTMENT      ",NULL,NULL
"7793  ","POVIDONE IODINE SOLUTION      ",NULL,NULL
"7794  ","POVIDONE IODINE SOLUTION      ",NULL,NULL
"7795  ",POVIDONE IODINE(BECTO)SOLUTION,NULL,NULL
"7796  ","POVIDONE IOINE SOLUTION IP    ",NULL,NULL
"7797  ","POVIDONE OINTMENT             ",NULL,NULL
"7798  ","POVIDONE OINTMENT             ",NULL,NULL
"7799  ","POVIDONE OINTMENT MICODIH     ",NULL,NULL
"7800  ","POVIDONE OINTMENT(GERMBETA)   ",NULL,NULL
"7801  ","POVIDONE OINTMENT(INTADINE)   ",NULL,NULL
"7802  ","POVIDONE SOLUTION             ",NULL,NULL
"7803  ","POVIDONE SOULTION             ",NULL,NULL
"7804  ",POVIDONE-IODINE (POVILORD)OINT,NULL,NULL
"7805  ","POVIDONE-IODINE OINTMENT      ",NULL,NULL
"7806  ","POVIDONE-IODINE OINTMENT      ",NULL,NULL
"7807  ","POVIDONE-IODINE OINTMENT USP  ",NULL,NULL
"7808  ","POVIDONE-IODINE SOLTION       ",NULL,NULL
"7809  ","POVIDONE-IODINE SOLUTION      ",NULL,NULL
"7810  ","POVIDONE-IODINE SOLUTION IP.  ",NULL,NULL
"7811  ","POVIDONE-LODINE               ",NULL,NULL
"7812  ","POVIDOT OINT                  ",NULL,NULL
"7813  ","POVIDOT POWDER                ",NULL,NULL
"7814  ","POVIGYL OINMENT               ",NULL,NULL
"7815  ","POVIKEM GARGLE                ",NULL,NULL
"7816  ","POVIKEM SOLUTION              ",NULL,NULL
"7817  ","POVIMAX CREAM                 ",DE3102,2025-08-30 00:00:00.000
"7818  ","POVIMAX-M CREAM               ",NULL,NULL
"7819  ","POVIMAYDINE CREAM             ",NULL,NULL
"7820  ","POVIMOON CREAM                ",S454,2026-06-30 00:00:00.000
"7820  ","POVIMOON CREAM                ",SC273,2024-08-30 00:00:00.000
"7821  ","POVIMOON-M CREAM              ",AXO-12,2024-09-30 00:00:00.000
"7822  ","POVIMOON-OZ CREAM             ",SC327,2024-08-30 00:00:00.000
"7823  ","POVIPAN 5% LOTION             ",NULL,NULL
"7824  ","POVIQUIN OINT                 ",NULL,NULL
"7825  ","POVIREX                       ",NULL,NULL
"7826  ","POVIREX M OINTMENT            ",NULL,NULL
"7827  ","POVIREX PLUS                  ",NULL,NULL
"7828  ","POVIZ 250GM                   ",NULL,NULL
"7829  ","POVIZ OINTMENT                ",NULL,NULL
"7830  ","POVIZ ONITMENT                ",NULL,NULL
"7831  ","POVIZ SOLUTION 500ML          ",NULL,NULL
"7832  ","POWER SAVER ENERGY            ",NULL,NULL
"7833  ","POWER UP CAP                  ",NULL,NULL
"7834  ","POWERKON PLUS CAPS            ",NULL,NULL
"7835  ","POWERKON PLUS CAPS 10`S       ",NULL,NULL
"7836  ","POWERRICH SOFT GEL CAP        ",NULL,NULL
"7837  ","POWERTIN CHOCO                ",GP24041,2025-06-30 00:00:00.000
"7838  ","POWERTIN DF POWDER            ",NULL,NULL
"7839  ","POWERTIN MOM POWDER           ",NULL,NULL
"7840  ","POWERTIN PLUS                 ",NULL,NULL
"7841  ","POWERTIN PLUS POWDER          ",NULL,NULL
"7842  ","POWERTIN POWDER               ",NULL,NULL
"7843  ","POWERTIN POWDER(KPF)          ",NULL,NULL
"7844  ","POWERTIN SF POWDER (12%)      ",NULL,NULL
"7845  ","POWERTIN-SF POWDER            ",SFP-030,2025-05-31 00:00:00.000
"7846  ","PPE KIT                       ",NULL,NULL
"7847  ","PRACETAMOL 500MG TAB(O)       ",NULL,NULL
"7848  ","PRASMA TAB                    ",NULL,NULL
"7849  ",PRASMA TAB(EPHEDRINE HCL+BRO.+,NULL,NULL
"7850  ","PREBACT 1GM SACHETS           ",NULL,NULL
"7851  ","PREBIOTIC SACHETS             ",NULL,NULL
"7852  ","PRECAM SACHET                 ",NULL,NULL
"7853  ","PREDICARE GM CREAM            ",NULL,NULL
"7854  ","PREDINISOLNE TAB 200          ",GT-226,2026-11-30 00:00:00.000
"7855  ","PREDINWEL-4 TAB               ",NULL,NULL
"7856  ","PREDNI-5                      ",NULL,NULL
"7857  ","PREDNISLONE 5MG.TAB           ",NULL,NULL
"7858  ","PREDNISLONE TAB               ",893,2025-02-28 00:00:00.000
"7858  ","PREDNISLONE TAB               ",PP/046,2026-03-31 00:00:00.000
"7859  ","PREDNISLONE TAB               ",NULL,NULL
"7860  ","PREDNISOLONE 5MG TAB          ",NULL,NULL
"7861  ","PREDNISOLONE TAB              ",NULL,NULL
"7862  ","PREDNISOLONE TAB              ",NULL,NULL
"7863  ","PREDNISOLONE TAB              ",NULL,NULL
"7864  ","PREDNISOLONE TAB              ",NULL,NULL
"7865  ","PREDNISOLONE TAB              ",PP893,2026-02-28 00:00:00.000
"7866  ","PREDNISOLONE TAB              ",NULL,NULL
"7867  ","PREDNISOLONE TAB              ",NULL,NULL
"7868  ","PREDNISOLONE TAB              ",NULL,NULL
"7869  ","PREDNISOLONE TAB              ",NULL,NULL
"7870  ","PREDNISOLONE TAB              ",NULL,NULL
"7871  ","PREDNISONE 5MG TAB            ",NULL,NULL
"7872  ","PREG CARD (PREGAKEM)          ",NULL,NULL
"7873  ","PREG CARD (SINGAPREG)         ",NULL,NULL
"7874  ","PREG CARD PREGMA              ",NULL,NULL
"7875  ","PREG CARD SINGAPREG           ",NULL,NULL
"7876  ","PREG MILJON FIRST NEWS        ",NULL,NULL
"7877  ","PREG STEEPS*                  ",NULL,NULL
"7878  ","PREG. CARD                    ",NULL,NULL
"7879  ","PREG.ACCURATE CARD            ",HCG1412232,2025-12-30 00:00:00.000
"7880  ","PREG.ACCURATE STRIPS          ",NULL,NULL
"7881  ","PREG.ACON STRIP               ",NULL,NULL
"7882  ","PREG.ALPREG CARD              ",NULL,NULL
"7883  ","PREG.CARD                     ",NULL,NULL
"7884  ","PREG.CARD  PREGA REPORT       ",PRI230900,2025-07-30 00:00:00.000
"7884  ","PREG.CARD  PREGA REPORT       ",PRI2309002,2025-07-30 00:00:00.000
"7885  ","PREG.CARD (PREGACARE)         ",NULL,NULL
"7886  ","PREG.CARD ACON HCG.           ",HCG1412232,2025-12-31 00:00:00.000
"7886  ","PREG.CARD ACON HCG.           ",HCG504246,2026-04-30 00:00:00.000
"7886  ","PREG.CARD ACON HCG.           ",HCG50426,2026-04-30 00:00:00.000
"7887  ","PREG.CARD HICKS               ",NULL,NULL
"7888  ","PREG.CARD NOVATEST            ",NULL,NULL
"7889  ","PREG.CARD OSCAR               ",NULL,NULL
"7890  ","PREG.CARD SLEEK               ",NULL,NULL
"7891  ","PREG.CARD(ANALYTICA)          ",NULL,NULL
"7892  ","PREG.CARD(GET NEWS)           ",HPTD052302,2025-04-30 00:00:00.000
"7893  ","PREG.CARD(PREGNIWOK)          ",NULL,NULL
"7894  ","PREG.CARD(PREGNIWOK)          ",WNN24002,2027-01-31 00:00:00.000
"7895  ","PREG.CARD.ACON*2              ",NULL,NULL
"7896  ","PREG.CARD.IND                 ",NULL,NULL
"7897  ","PREG.CARD.IS-IT               ",NULL,NULL
"7898  ","PREG.CARD.RAPID               ",NULL,NULL
"7899  ","PREG.CARD.REVEAL KIT          ",NULL,NULL
"7900  ","PREG.CARED PRAGACON           ",KON154,2025-07-30 00:00:00.000
"7901  ","PREG.EUPREG-T CARD            ",NULL,NULL
"7902  ","PREG.GIBSAON CARD             ",NULL,NULL
"7903  ","PREG.GUDNEWS CARD             ",NULL,NULL
"7904  ","PREG.NOVA.TEST STRIP          ",NULL,NULL
"7905  ","PREG.ON SPOT CARD             ",NULL,NULL
"7906  ","PREG.ON SPOT STRIPS           ",NULL,NULL
"7907  ","PREG.STREEP OSCAR             ",NULL,NULL
"7908  ","PREG.STREEP.HICKS             ",NULL,NULL
"7909  ","PREG.STREEP.IND.              ",NULL,NULL
"7910  ","PREG.STREEP.IS.IT             ",NULL,NULL
"7911  ","PREG.V CARE STREEP            ",NULL,NULL
"7912  ","PREGABACAD TOTAL TAB          ",NULL,NULL
"7913  ","PREGABALIN-M CAP              ",NULL,NULL
"7914  ","PREGABLIX-M CAP               ",PC-40007,2025-12-31 00:00:00.000
"7915  ",PREGACURE HCG DEVICE(AGGLUTIN-,SM148,2025-06-30 00:00:00.000
"7916  ","PREGAKEM CARD                 ",NULL,NULL
"7917  ","PREGALYV M CAP                ",NULL,NULL
"7918  ","PREGAPLAN OVULATION 5TEST KIT ",NULL,NULL
"7919  ","PREGATRON M75 CAP             ",VDC-22339,2024-09-30 00:00:00.000
"7920  ","PREGAWARE CARD                ",NULL,NULL
"7921  ","PREGAZIN-M                    ",NULL,NULL
"7922  ","PREGCOL CAP                   ",NULL,NULL
"7923  ","PREGENCY CARD                 ",NULL,NULL
"7924  ","PREGLIX CARD                  ",NULL,NULL
"7925  ","PREGMAK TAB                   ",NULL,NULL
"7926  ","PREGMAK TAB                   ",NULL,NULL
"7927  ","PREGNANCY TEST STRIP          ",NULL,NULL
"7928  ","PREGNOT KIT TAB               ",NULL,NULL
"7929  ","PREGTEST CARD                 ",NULL,NULL
"7930  ","PREGVOM PLUS TAB              ",T0257123,2025-06-30 00:00:00.000
"7931  ","PREGVOM PLUS TAB              ",NULL,NULL
"7932  ","PREGVORM PLUS NF TAB          ",NULL,NULL
"7933  ","PREMENT-N TAB                 ",NULL,NULL
"7934  ","PREMONORT-N TAB               ",NULL,NULL
"7935  ","PREMONT-N                     ",NULL,NULL
"7936  ","PREMOOT-N                     ",PN023002,2025-10-30 00:00:00.000
"7937  ","PRENERV M CAP                 ",NULL,NULL
"7938  ","PRESLONE-5 TAB                ",NULL,NULL
"7939  ","PRESTIFLAM-SP                 ",NULL,NULL
"7940  ","PREVELON 1 LTR                ",NULL,NULL
"7941  ","PREVENT-N TAB                 ",HBH3W054,2026-09-30 00:00:00.000
"7941  ","PREVENT-N TAB                 ",HBH3X010,2027-02-28 00:00:00.000
"7942  ","PREVODINE 10                  ",NULL,NULL
"7943  ","PREVODINE OINT 125GM          ",NULL,NULL
"7944  ","PREVODINE OINT 15GM           ",0230088,2025-02-28 00:00:00.000
"7945  ","PRICKLY SOAP                  ",NULL,NULL
"7946  ","PRICON NEEDLE 23              ",NULL,NULL
"7947  ","PRICON NEEDLE NO.21           ",NULL,NULL
"7948  ","PRICON NEEDLE NO.22           ",NULL,NULL
"7949  ","PRIKCOOL POWDER               ",NULL,NULL
"7950  ","PRIMACOR-N TAB                ",NULL,NULL
"7951  ","PRIMAOUNT-N                   ",NULL,NULL
"7952  ","PRIMAQUINE 7.5MG TAB          ",NULL,NULL
"7953  ","PRIMAQUINE 7.5MG TAB          ",NULL,NULL
"7954  ","PRIMAQUINE 7.5MG.TAB          ",NULL,NULL
"7955  ","PRIMET-N TAB                  ",NULL,NULL
"7956  ","PRIMOKAA-N TAB                ",NULL,NULL
"7957  ","PRIMON-N TAB                  ",NULL,NULL
"7958  ","PRIMOUNT N TAB                ",HT230951,2025-10-30 00:00:00.000
"7959  ","PRIMOUNT-N TAB                ",PNN24001,2026-02-28 00:00:00.000
"7960  ","PRIMOUNT-N TAB                ",PNN24001,2026-02-28 00:00:00.000
"7961  ","PRIMOUNT-N TAB                ",PNN24001,2026-02-28 00:00:00.000
"7961  ","PRIMOUNT-N TAB                ",PNN24004,2026-04-30 00:00:00.000
"7962  ","PRIOCEPT (SACHET)             ",NULL,NULL
"7963  ","PRIQUIN-75MG                  ",NULL,NULL
"7964  ","PRO-BET OINTMENT 5GM          ",NULL,NULL
"7965  ","PROAN POWDER                  ",NULL,NULL
"7966  ","PROBE-JOPSON SPL              ",NULL,NULL
"7967  ","PROCET COLD TAB               ",TTV0178,2024-12-31 00:00:00.000
"7967  ","PROCET COLD TAB               ",TTV0179,2024-12-31 00:00:00.000
"7968  ","PROCET TAB                    ",NULL,NULL
"7969  ","PROCET TAB                    ",NULL,NULL
"7970  ","PROCHLOPERZINE TAB            ",NULL,NULL
"7971  ","PROCHLORERAZINE MALEATE TAB   ",NULL,NULL
"7972  ","PROCHLORPERAZIN TAB           ",PCP-159,2026-09-30 00:00:00.000
"7972  ","PROCHLORPERAZIN TAB           ",PP/062,2026-03-31 00:00:00.000
"7972  ","PROCHLORPERAZIN TAB           ",PP/571,2025-10-30 00:00:00.000
"7972  ","PROCHLORPERAZIN TAB           ",PP/784,2025-12-30 00:00:00.000
"7972  ","PROCHLORPERAZIN TAB           ",PP/896,2026-02-28 00:00:00.000
"7972  ","PROCHLORPERAZIN TAB           ",PP784,2025-12-31 00:00:00.000
"7973  ","PROCHLORPERAZINE 5MG TAB      ",NULL,NULL
"7974  ","PROCHLORPERAZINE MALEATE TAB  ",NULL,NULL
"7975  ","PROCHLORPERAZINE TAB          ",NULL,NULL
"7976  ","PROCHLORPERAZINE TAB          ",NULL,NULL
"7977  ","PROCHLORPERAZINE TAB          ",NULL,NULL
"7978  ","PROCHLORPROMAIZIN TAB         ",350,2026-08-30 00:00:00.000
"7979  ","PROCIN TAB                    ",NULL,NULL
"7980  ","PROCLIDE DHA CAP B/S          ",NULL,NULL
"7981  ","PROCLIDE DHA POWDER           ",NULL,NULL
"7982  ","PROCLIDE GRANULES             ",NULL,NULL
"7983  ","PROCLIDE MALT                 ",NULL,NULL
"7984  ","PROCLIDE(MANGO)GR.,POWDER     ",NULL,NULL
"7985  ","PRODOM TAB(DOMPERIDONE)       ",NULL,NULL
"7986  ","PROFAGISIC TAB                ",KT-23152,2026-09-30 00:00:00.000
"7986  ","PROFAGISIC TAB                ",KT-24028,2027-01-31 00:00:00.000
"7987  ","PROFEN-200 (IBU)              ",NULL,NULL
"7988  ","PROFEN-P (IBU)                ",NULL,NULL
"7989  ","PROFENOL-KID TAB              ",NULL,NULL
"7990  ","PROFOL-Z CAP                  ",NULL,NULL
"7991  ","PROLEENI-PLUS GEL 10GM        ",NULL,NULL
"7992  ","PROLICET TAB                  ",TTV1322,2024-08-30 00:00:00.000
"7993  ","PROLOC TAB                    ",NULL,NULL
"7994  ","PROMEFESPAS TAB               ",NULL,NULL
"7995  ","PROMET-N                      ",NULL,NULL
"7996  ","PROMETHAZIN HYDROCHLORIDE TAB ",PH-109,2026-10-30 00:00:00.000
"7997  ","PROMETHAZINE HCL TAB          ",NULL,NULL
"7998  ","PROMETHAZINE TAB              ",NULL,NULL
"7999  ","PROMETHAZINE TAB              ",NULL,NULL
"8000  ","PROMINE(L)(DICYCLO+PARA)      ",NULL,NULL
"8001  ","PROMOX 500MG CAP              ",NULL,NULL
"8002  ","PRONEM TAB                    ",TTU1039,2024-07-30 00:00:00.000
"8003  ","PRONEM-P TAB                  ",TTU1505,2024-09-30 00:00:00.000
"8004  ","PROPB(VICTUS Z SCOOP)SPL      ",NULL,NULL
"8005  ","PROPOWER 200GM                ",NULL,NULL
"8006  ","PROPOWER POWDER 12%           ",NULL,NULL
"8007  ","PROPRANOLOL TAB               ",NULL,NULL
"8008  ","PROPYLOK 20 CAP               ",NULL,NULL
"8009  ","PROPYLOK D CAP                ",230962,2026-04-30 00:00:00.000
"8010  ","PROSCAB LOTION                ",NULL,NULL
"8011  ","PROSUP DHA POWDER             ",NULL,NULL
"8012  ","PROSUP(PROTIN POWDER)         ",NULL,NULL
"8013  ","PROTAMINE CAP                 ",NULL,NULL
"8014  ","PROTAMINE CAP*                ",NULL,NULL
"8015  ","PROTEEN POWDER                ",NULL,NULL
"8016  ","PROTEEN POWDER.               ",NULL,NULL
"8017  ","PROTICO C POWDER              ",NULL,NULL
"8018  ","PROTICO E                     ",NULL,NULL
"8019  ","PROTICO PLUS (DHA)            ",NULL,NULL
"8020  ","PROTICO PLUS DHA GLA          ",NULL,NULL
"8021  ","PROTICO POWDER                ",SK7067,2026-08-30 00:00:00.000
"8022  ","PROTICO POWDER                ",NULL,NULL
"8023  ","PROTICO POWDER                ",NULL,NULL
"8024  ","PROTICO POWDER (B-S)          ",NULL,NULL
"8025  ","PROTICO POWDER (CH)           ",NULL,NULL
"8026  ","PROTICO POWDER (EL)           ",NULL,NULL
"8027  ","PROTICO POWDER (KB)           ",NULL,NULL
"8028  ","PROTICO POWDER IC             ",NULL,NULL
"8029  ","PROTICO POWDER(C)             ",NULL,NULL
"8030  ","PROTICO POWDER(ICE)           ",NULL,NULL
"8031  ","PROTICO POWDER(KP)            ",NULL,NULL
"8032  ","PROTICO POWDER(MANGO)         ",NULL,NULL
"8033  ","PROTICO POWER (A.I.C)         ",NULL,NULL
"8034  ","PROTICO SF POWDER             ",NULL,NULL
"8035  ","PROTIELY POWEDER              ",NULL,NULL
"8036  ","PROTIFRENCH POWDER            ",NULL,NULL
"8037  ","PROTIFUL DHA POWDER           ",NULL,NULL
"8038  ","PROTILAB POWDER               ",NULL,NULL
"8039  ","PROTILOX MALT                 ",NULL,NULL
"8040  ","PROTIMED POWDER               ",NULL,NULL
"8041  ","PROTIMINE CAPS                ",NULL,NULL
"8042  ","PROTIMOL POWDER               ",NULL,NULL
"8043  ","PROTIMOL POWDER(C)(GRANUAL)   ",NULL,NULL
"8044  ","PROTIMOL POWDER(E)(GRANUAL)   ",NULL,NULL
"8045  ","PROTIMOL POWDER(M)(GRANUAL)   ",NULL,NULL
"8046  ","PROTIMUM POWDER               ",NULL,NULL
"8047  ","PROTINOL GRANULE ELACI        ",NULL,NULL
"8048  ","PROTINUTS POWDER NEW          ",NULL,NULL
"8049  ","PROTIPARK CHOCO GLASS         ",NULL,NULL
"8050  ","PROTIPUNCH DHA POWDER         ",PD-12231,2025-05-31 00:00:00.000
"8051  ","PROTIRON POWDER               ",NULL,NULL
"8052  ","PROTITAS POWDER(V)            ",NULL,NULL
"8053  ","PROTITROX DF                  ",NULL,NULL
"8054  ","PROTIUM (CHO)                 ",NULL,NULL
"8055  ","PROTIUM POWDER                ",NULL,NULL
"8056  ","PROTIVISTA POWDER             ",NULL,NULL
"8057  ","PROTIVISTA POWDER             ",NULL,NULL
"8058  ","PROTIVITA POWDER              ",NULL,NULL
"8059  ","PROTIWEL PWD                  ",NULL,NULL
"8060  ","PROTIWON POWDER               ",NULL,NULL
"8061  ","PROTOBERT POWDER              ",NULL,NULL
"8062  ","PROTOBERT POWDER DHA          ",NULL,NULL
"8063  ","PROTOCOL CAP                  ",NULL,NULL
"8064  ","PROTODEX POWDER               ",NULL,NULL
"8065  ","PROTOLIFE POWDER              ",NULL,NULL
"8066  ","PROTOZEST POWDER              ",PDPC24001,2025-10-30 00:00:00.000
"8067  ","PROTYSIM D POWDER             ",NULL,NULL
"8068  ","PROVIDINE-AM                  ",NULL,NULL
"8069  ","PROVIDINE-AM OINTMENT         ",NULL,NULL
"8070  ","PROVIDIP OINMENT 15GM         ",NULL,NULL
"8071  ","PROVIDONE OINTMENT            ",NULL,NULL
"8072  ","PROVINOX (GRANULES).          ",NULL,NULL
"8073  ","PROVITA CAP                   ",NULL,NULL
"8074  ","PROVITA POWDER                ",NULL,NULL
"8075  ","PROVITA POWDER                ",NULL,NULL
"8076  ","PROVITA POWDER (AMERICAN ICE) ",NULL,NULL
"8077  ","PROVITA POWDER (CHOCOLATE)    ",NULL,NULL
"8078  ","PROVITA POWDER (ICE CREAM)    ",NULL,NULL
"8079  ","PROVITA POWDER (KESAR PISTA)  ",NULL,NULL
"8080  ","PROVITA POWDER (MANGO)        ",NULL,NULL
"8081  ","PROVITA POWDER (MANGO)        ",NULL,NULL
"8082  ","PROVITA POWDER K/P            ",NULL,NULL
"8083  ","PROXIMATE PLUD MD 35          ",NULL,NULL
"8084  ","PROXIMATE STAPLER 35          ",NULL,NULL
"8085  ","PROXIMATE STEPLER             ",NULL,NULL
"8086  ","PROXYCAM-20 TAB               ",181-76,2026-09-30 00:00:00.000
"8086  ","PROXYCAM-20 TAB               ",181-77,2026-09-30 00:00:00.000
"8086  ","PROXYCAM-20 TAB               ",181-78,2026-11-30 00:00:00.000
"8087  ","PROZIN TAB                    ",2723,2025-08-30 00:00:00.000
"8087  ","PROZIN TAB                    ",4295,2026-02-28 00:00:00.000
"8087  ","PROZIN TAB                    ",4525,2026-02-28 00:00:00.000
"8088  ","PROZOCO-150 TAB               ",NULL,NULL
"8089  ","PROZOL-P(PENTOPROZOLE)        ",NULL,NULL
"8090  ","PROZOLE-P TAB                 ",228-37,2026-08-30 00:00:00.000
"8090  ","PROZOLE-P TAB                 ",228-38,2027-01-31 00:00:00.000
"8090  ","PROZOLE-P TAB                 ",228-39,2027-04-30 00:00:00.000
"8091  ","PSEUDOEPHEDRINE 60MG TAB      ",NULL,NULL
"8092  ","PSEUDOEPHEDRINE HCL 30GT.     ",NULL,NULL
"8093  ","PSEUDOEPHEDRINE HCL TAB       ",NULL,NULL
"8094  ","PSEUDOEPHEDRINE I.P.30MG.TAB  ",NULL,NULL
"8095  ","PSEUDOEPHEDRINE TAB           ",NULL,NULL
"8096  ","PSEUDOEPHIDRINE 30M.TAB       ",NULL,NULL
"8097  ","PSEUDOEPHIDRINE 60M.TAB       ",NULL,NULL
"8098  ","PSORISES OINT                 ",NULL,NULL
"8099  ","PUDEEBACT-M OINT              ",NULL,NULL
"8100  ","PUREDINE OINT 15GM            ",NULL,NULL
"8101  ","PUREDINE SOLUTION             ",NULL,NULL
"8102  ","PURIDINE OINTMENT             ",NULL,NULL
"8103  ","PURIDINE SOLUTION             ",PS2211483A,2024-10-30 00:00:00.000
"8104  ","PURIDINE SOLUTION             ",NULL,NULL
"8105  ","PURIFIED TALC I.P             ",NULL,NULL
"8106  ","PYRAKEM 500MG TAB             ",NULL,NULL
"8107  ","PYRAMEF FORTE                 ",PFLT-2019,2025-08-30 00:00:00.000
"8107  ","PYRAMEF FORTE                 ",PPLT-2019,2025-09-30 00:00:00.000
"8108  ","PYRAMOL (O)TAB                ",NULL,NULL
"8109  ","PYRAMOL-650 MG TAB            ",NULL,NULL
"8110  ","PYREXON*500 TAB(PARA)         ",NULL,NULL
"8111  ","PYRICOOL 650MG TAB            ",NULL,NULL
"8112  ","PYRIMIDE TAB                  ",NULL,NULL
"8113  ","Q SODA 300MG TAB              ",NULL,NULL
"8114  ","Q-PAS                         ",NULL,NULL
"8115  ","QABZOFAST TAB                 ",ATB21044,2024-05-31 00:00:00.000
"8116  ","QUALGUT QNW 4241              ",NULL,NULL
"8117  ","QUALICEF-200 TAB              ",NULL,NULL
"8118  ","QUICK-NIM MD TAB              ",NULL,NULL
"8119  ","QUICKSPAS TAB                 ",NULL,NULL
"8120  ","QUINIDOCHLOR TAB              ",NULL,NULL
"8121  ","QUINIDOCHLOR TAB              ",NULL,NULL
"8122  ","QUINIIODOCHLOR TAB            ",NULL,NULL
"8123  ","QUININE SULPHATE TAB          ",NULL,NULL
"8124  ","QUINOBID-OZ TAB               ",NULL,NULL
"8125  ","QUITDERM CREAM                ",NULL,NULL
"8126  ",QUTABEC (GAMMA BENZENE LOTION),UE-2026,2024-05-31 00:00:00.000
"8127  ","QWIKDERM CREAM                ",NULL,NULL
"8128  ","R-THROX 150MG TAB             ",NULL,NULL
"8129  ","R-THROXY 150MG TAB            ",NULL,NULL
"8130  ","R-VIT CZ POWDER               ",NULL,NULL
"8131  ","R-VITEX CAP                   ",NULL,NULL
"8132  ","R-WINTAL CAP                  ",NULL,NULL
"8133  ","R.B.ZOLE                      ",NULL,NULL
"8134  ","RABALKEM-DSR                  ",NULL,NULL
"8135  ","RABALLEM-LS CAP               ",NULL,NULL
"8136  ","RABASTOL-LS CAP               ",NULL,NULL
"8137  ","RABEEMOON DSR CAP             ",NULL,NULL
"8138  ","RABEEMOON LSR CAP             ",C-68,2024-08-30 00:00:00.000
"8139  ","RABEEMOON-20 TAB              ",NULL,NULL
"8140  ","RABEFORD-LS                   ",NULL,NULL
"8141  ","RABEJOHN-D TAB                ",NULL,NULL
"8142  ","RABEN TAB                     ",NULL,NULL
"8143  ","RABEPRAZOLE TAB.20MG          ",NULL,NULL
"8144  ","RABEPRAZOLE(CID-O-RAB) TAB    ",NULL,NULL
"8145  ","RABEVAG 20 TAB                ",NULL,NULL
"8146  ","RABEVAG DSR                   ",NULL,NULL
"8147  ","RABEZOLE DSR CAP              ",NULL,NULL
"8148  ","RABI-D TAB                    ",NULL,NULL
"8149  ","RABICA-20 TAB                 ",NULL,NULL
"8150  ","RABICARE DSR CAP              ",NULL,NULL
"8151  ","RABICARE TAB                  ",NULL,NULL
"8152  ","RABICARE-A CAP                ",RCA-1006,2024-11-30 00:00:00.000
"8153  ","RABICARE-D                    ",NULL,NULL
"8154  ","RABICEA -20 TAB               ",NULL,NULL
"8155  ","RABICID-D                     ",NULL,NULL
"8156  ","RABICID-DSR CAP               ",NULL,NULL
"8157  ","RABICOL DSR CAP               ",NULL,NULL
"8158  ","RABICOR 20 TAB                ",NULL,NULL
"8159  ","RABICOR D TAB                 ",NULL,NULL
"8160  ","RABICOR LSR CAP               ",NULL,NULL
"8161  ","RABIDONE DSR                  ",NULL,NULL
"8162  ","RABIDONE-DSR                  ",FT-22170,2024-07-30 00:00:00.000
"8162  ","RABIDONE-DSR                  ",FT-22172,2024-07-30 00:00:00.000
"8162  ","RABIDONE-DSR                  ",FT-23160,2025-06-30 00:00:00.000
"8163  ","RABIDONE-DSR TAB              ",NULL,NULL
"8164  ","RABIFORD-D                    ",NULL,NULL
"8165  ","RABIFORD-D TAB                ",NULL,NULL
"8166  ","RABIFRENCH LSR                ",NULL,NULL
"8167  ","RABIGAL-D 20MG TAB            ",NULL,NULL
"8168  ","RABILIFE-20                   ",NULL,NULL
"8169  ","RABIMOON-DSR CAP              ",NULL,NULL
"8170  ","RABINOL-D                     ",NULL,NULL
"8171  ","RABITAC TAB                   ",NULL,NULL
"8172  ","RABITAC-D TAB(A/A)            ",NULL,NULL
"8173  ","RABITAS-D TAB                 ",NULL,NULL
"8174  ","RABIVIS-D TAB                 ",NULL,NULL
"8175  ","RABIWOK TAB                   ",NULL,NULL
"8176  ","RABIWOK-D                     ",NULL,NULL
"8177  ","RABSULAN-DSR CAP              ",MP652006,2024-04-30 00:00:00.000
"8177  ","RABSULAN-DSR CAP              ",MP652007,2024-05-31 00:00:00.000
"8178  ","RACEMOL 500 TAB(R)            ",NULL,NULL
"8179  ","RADIANT SONOPLAST BANDAGE     ",NULL,NULL
"8180  ","RADIENT PERI-SOFT 4""          ",NULL,NULL
"8181  ","RADIENT PERI-SOFT 6""          ",6727,NULL
"8182  ","RADIENT SONOCREPE 2""          ",NULL,NULL
"8183  ","RADIENT SONOCREPE 3""          ",NULL,NULL
"8184  ","RADIENT SONOCREPE 4""          ",358,2026-05-31 00:00:00.000
"8185  ","RADIENT SONOCREPE 6""          ",NULL,NULL
"8186  ","RADIENT SONOCREPE BAN.        ",NULL,NULL
"8187  ","RADIENT SONOCREPE BANDAGE     ",NULL,NULL
"8188  ","RADIENT SONOPLAST             ",NULL,NULL
"8189  ","RADIENT SONOPLAST             ",NULL,NULL
"8190  ","RAMGEE-5 TAB                  ",NULL,NULL
"8191  ","RAMIPHAR-5MG TAB              ",NULL,NULL
"8192  ","RAMIZEN-5 TAB                 ",NULL,NULL
"8193  ","RANCID-150 TAB                ",NULL,NULL
"8194  ","RANCOR-150 TAB                ",NULL,NULL
"8195  ","RANCOR-D                      ",NULL,NULL
"8196  ","RANETAK-150                   ",NULL,NULL
"8197  ","RANIAL 150 TAB                ",NULL,NULL
"8198  ","RANIAL D TAB                  ",NULL,NULL
"8199  ","RANIDAY 150MG TAB             ",NULL,NULL
"8200  ","RANILAR-150 TAB               ",NULL,NULL
"8201  ","RANINEC-150MG TAB             ",NULL,NULL
"8202  ","RANIPEP 150 TAB               ",NULL,NULL
"8203  ","RANIPEP TAB                   ",NULL,NULL
"8204  ","RANITAC-150 TAB               ",NULL,NULL
"8205  ","RANITAS-150 TAB               ",NULL,NULL
"8206  ","RANITAS-DM TAB                ",NULL,NULL
"8207  ","RANITIDINE 150MG TAB          ",NULL,NULL
"8208  ","RANITIDINE 150MG TAB          ",NULL,NULL
"8209  ","RANITIDINE 150MG.TAB          ",NULL,NULL
"8210  ","RANITIDINE 150MG.TAB          ",NULL,NULL
"8211  ","RANITIDINE TAB                ",NULL,NULL
"8212  ","RANITIDINE TAB                ",NULL,NULL
"8213  ","RANIUS 150 TAB                ",NULL,NULL
"8214  ","RANLOC-DM (RANI+DOM)TAB       ",NULL,NULL
"8215  ","RANORYL TAB                   ",NULL,NULL
"8216  ","RANSTAN-D TAB                 ",NULL,NULL
"8217  ","RANTAS 150 TAB                ",NULL,NULL
"8218  ","RANTAS-D                      ",NULL,NULL
"8219  ","RANZAC(RANITIDINE)150MG TAB   ",NULL,NULL
"8220  ","RAPID-650 TAB                 ",TMR-220756,2025-03-31 00:00:00.000
"8220  ","RAPID-650 TAB                 ",TMR220738,2025-03-31 00:00:00.000
"8221  ","RATIO TAB                     ",IPR231201,2025-11-30 00:00:00.000
"8222  ","RATIO-D                       ",NULL,NULL
"8223  ","RAXIM-O TAB                   ",NULL,NULL
"8224  ","RAZOKAM DSR CAP               ",NULL,NULL
"8225  ","RAZOSEC DSR CAP               ",NULL,NULL
"8226  ","RAZOSEC-LS CAP                ",NULL,NULL
"8227  ","RB-DOM                        ",NULL,NULL
"8228  ","RBC CARE CAP                  ",OF7-002,2025-03-30 00:00:00.000
"8228  ","RBC CARE CAP                  ",OF7-005,2025-11-30 00:00:00.000
"8229  ","RBC CARE XT TAB               ",RXT-1028,2025-05-31 00:00:00.000
"8229  ","RBC CARE XT TAB               ",RXT-1029,2025-07-30 00:00:00.000
"8230  ","RBC RED POWDER(DHA)           ",NULL,NULL
"8231  ","RBC RED SUPER ACTIVE          ",NULL,NULL
"8232  ","RBC RED XT TAB                ",RRX-1001,2025-09-30 00:00:00.000
"8233  ","RBX-AID (MICROPORUS) 1""       ",NULL,NULL
"8234  ","RCINEX E                      ",NULL,NULL
"8235  ","RECOPRESS-500                 ",NULL,NULL
"8236  ","RECTAL DIALATOR 1/2/3/4       ",121,2026-05-31 00:00:00.000
"8237  ","REDOXTREX-MF TAB              ",NULL,NULL
"8238  ","REEMOL 500MG TAB              ",NULL,NULL
"8239  ","REEVIT CAP(ALU-ALU)           ",NULL,NULL
"8240  ","RELAXKOF(CODIN)TAB            ",NULL,NULL
"8241  ","RELIKAST-FX TAB               ",NULL,NULL
"8242  ","RELISPRAY                     ",NULL,NULL
"8243  ","RELISPRAY                     ",NULL,NULL
"8244  ","REMINE-4MG.TAB                ",NULL,NULL
"8245  ","REMOL TAB                     ",NULL,NULL
"8246  ","RENACT-150 TAB                ",NULL,NULL
"8247  ","RENITAB-150 TAB               ",NULL,NULL
"8248  ","RENUPHYLINE TAB               ",016,2026-02-28 00:00:00.000
"8249  ","RENUSPAS TAB                  ",NULL,NULL
"8250  ","RENUTRA S/G CAP               ",NULL,NULL
"8251  ","RENVORAB-20MG TAB             ",2302036,2025-01-30 00:00:00.000
"8252  ","REPLEX PL TAB                 ",NULL,NULL
"8253  ","REPLEX PL TAB                 ",NULL,NULL
"8254  ","REPLEX TAB*500                ",NULL,NULL
"8255  ","RESENT (ONDEM)                ",1170,2024-05-31 00:00:00.000
"8255  ","RESENT (ONDEM)                ",1615,2024-10-30 00:00:00.000
"8255  ","RESENT (ONDEM)                ",4048,2025-11-30 00:00:00.000
"8256  ","RESGLOW SOAP                  ",NULL,NULL
"8257  ","RESTO`Z CAP B/S               ",NULL,NULL
"8258  ","RESTROE CAP                   ",NULL,NULL
"8259  ","REXIN MAKSAHI                 ",NULL,NULL
"8260  ","RHE-FD TAB                    ",NULL,NULL
"8261  ","RHINORYL TAB                  ",NULL,NULL
"8262  ","RHINUCET TAB                  ",98-204,2026-05-30 00:00:00.000
"8262  ","RHINUCET TAB                  ",98-206,2027-04-30 00:00:00.000
"8263  ","RHUMAZOX OIL                  ",NULL,NULL
"8264  ","RIACEE 50MG.TAB               ",3889,2025-09-30 00:00:00.000
"8264  ","RIACEE 50MG.TAB               ",5153,2026-04-30 00:00:00.000
"8265  ","RIACEE-100MG.TAB              ",NULL,NULL
"8266  ","RIACEE-50                     ",NULL,NULL
"8267  ","RIACOL (CHLORO)CAP            ",NULL,NULL
"8268  ","RIAPLEX TAB                   ",NULL,NULL
"8269  ","RIAQUINE (CHLOROQUINE)        ",NULL,NULL
"8270  ","RIAZEE 250 TAB                ",MT22176,2024-06-30 00:00:00.000
"8271  ","RIAZOL(OMEZ)CAP               ",NULL,NULL
"8272  ","RIAZOL-D (STRIPS)             ",NULL,NULL
"8273  ","RIAZOL-D(OMEZ&DOM)CAP         ",NULL,NULL
"8274  ","RICE                          ",NULL,NULL
"8275  ","RIDMOX-B-500                  ",NULL,NULL
"8276  ","RIDNOR 400MG TAB              ",NULL,NULL
"8277  ","RIDZOL-400MG TAB              ",NULL,NULL
"8278  ","RIEMANN ENERGY POWDER         ",NULL,NULL
"8279  ","RINILACT CAP                  ",NULL,NULL
"8280  ","RITEC 150MG TAB               ",NULL,NULL
"8281  ","ROAZOL-D CAP                  ",NULL,NULL
"8282  ","ROFINOX P TAB                 ",NULL,NULL
"8283  ","ROKO (LOPERAMIDE)CAP          ",NULL,NULL
"8284  ","ROLL BANDAGE 2""               ",NULL,NULL
"8285  ","ROLL BANDAGE 2""               ",NULL,NULL
"8286  ","ROLL BANDAGE 2""               ",NULL,NULL
"8287  ","ROLL BANDAGE 2""               ",NULL,NULL
"8288  ","ROLL BANDAGE 2""               ",NULL,NULL
"8289  ","ROLL BANDAGE 2""               ",NULL,NULL
"8290  ","ROLL BANDAGE 2""               ",NULL,NULL
"8291  ","ROLL BANDAGE 2""               ",NULL,NULL
"8292  ","ROLL BANDAGE 2""               ",NULL,NULL
"8293  ","ROLL BANDAGE 2""               ",NULL,NULL
"8294  ","ROLL BANDAGE 2""               ",NULL,NULL
"8295  ","ROLL BANDAGE 2""*              ",NULL,NULL
"8296  ","ROLL BANDAGE 2""*              ",NULL,NULL
"8297  ","ROLL BANDAGE 2""*              ",NULL,NULL
"8298  ","ROLL BANDAGE 2""*              ",NULL,NULL
"8299  ","ROLL BANDAGE 2""*              ",NULL,NULL
"8300  ","ROLL BANDAGE 2"".              ",NULL,NULL
"8301  ","ROLL BANDAGE 2*               ",NULL,NULL
"8302  ","ROLL BANDAGE 3""               ",NULL,NULL
"8303  ","ROLL BANDAGE 3""               ",NULL,NULL
"8304  ","ROLL BANDAGE 3""               ",NULL,NULL
"8305  ","ROLL BANDAGE 3""               ",NULL,NULL
"8306  ","ROLL BANDAGE 3""               ",NULL,NULL
"8307  ","ROLL BANDAGE 3""               ",NULL,NULL
"8308  ","ROLL BANDAGE 3""               ",NULL,NULL
"8309  ","ROLL BANDAGE 3""               ",NULL,NULL
"8310  ","ROLL BANDAGE 3""               ",NULL,NULL
"8311  ","ROLL BANDAGE 3""               ",NULL,NULL
"8312  ","ROLL BANDAGE 3""               ",NULL,NULL
"8313  ","ROLL BANDAGE 3""               ",NULL,NULL
"8314  ","ROLL BANDAGE 3""*              ",NULL,NULL
"8315  ","ROLL BANDAGE 3""*              ",NULL,NULL
"8316  ","ROLL BANDAGE 3""*              ",NULL,NULL
"8317  ","ROLL BANDAGE 3""*              ",NULL,NULL
"8318  ","ROLL BANDAGE 3"".              ",NULL,NULL
"8319  ","ROLL BANDAGE 3*               ",NULL,NULL
"8320  ","ROLL BANDAGE 4""               ",NULL,NULL
"8321  ","ROLL BANDAGE 4""               ",NULL,NULL
"8322  ","ROLL BANDAGE 4""               ",NULL,NULL
"8323  ","ROLL BANDAGE 4""               ",NULL,NULL
"8324  ","ROLL BANDAGE 4""               ",NULL,NULL
"8325  ","ROLL BANDAGE 4""*              ",NULL,NULL
"8326  ","ROLL BANDAGE 4""*              ",NULL,NULL
"8327  ","ROLL BANDAGE 4""*              ",NULL,NULL
"8328  ","ROLL BANDAGE 6""               ",NULL,NULL
"8329  ","ROLL BANDAGE 6""               ",NULL,NULL
"8330  ","ROLL BANDAGE 6""               ",NULL,NULL
"8331  ","ROLL BANDAGE 6""               ",NULL,NULL
"8332  ","ROLL BANDAGE 6""               ",NULL,NULL
"8333  ","ROLL BANDAGE 6""*              ",NULL,NULL
"8334  ","ROLL BANDAGE 6""*              ",NULL,NULL
"8335  ","ROLL BANDAGE 6""*              ",NULL,NULL
"8336  ","ROLL BANDAGE 6""*              ",NULL,NULL
"8337  ","ROM URETHRAL CATH 90          ",NULL,NULL
"8338  ","ROMIN(BROMHEXINE)TAB          ",NULL,NULL
"8339  ","ROMOLENE NO.8                 ",NULL,NULL
"8340  ","ROMOSON VENPROT G 20          ",NULL,NULL
"8341  ","ROMSON ALL SILCON CATHETER 14 ",NULL,NULL
"8342  ",ROMSON ALL SILICON CATHETER 16,NULL,NULL
"8343  ","ROMSON CORRUGATED DRAIN SHEET ",NULL,NULL
"8344  ","ROMSON FEEDING TUBE 6F        ",NULL,NULL
"8345  ","ROMSON NEEDLE NO.21           ",NULL,NULL
"8346  ","ROMSON NEEDLE NO.21           ",NULL,NULL
"8347  ","ROMSON NEEDLE NO.22           ",09363P,2028-02-28 00:00:00.000
"8348  ","ROMSON NEEDLE NO.26*0.5       ",NULL,NULL
"8349  ","ROMSON NEELDE NO.21(LOOSE)    ",NULL,NULL
"8350  ","ROMSON NIPRO NEEDLE 18*1      ",NULL,NULL
"8351  ","ROMSONS BLOOD ADM SET         ",NULL,NULL
"8352  ","ROMSONS EXXACTA 3 WAY         ",G24D010907,2029-03-31 00:00:00.000
"8353  ","ROMSONS FLAT DRAIN STE        ",NULL,NULL
"8354  ","ROMSONS NEEDLE 18*1.5         ",NULL,NULL
"8355  ","ROMSONS R-90 CATH             ",NULL,NULL
"8356  ","ROMSONS UNDER SHEET 60*90     ",NULL,NULL
"8357  ","ROMSONS VENPROT G 22          ",G21092504,2026-08-30 00:00:00.000
"8358  ","RONEMOX 250MG.TAB             ",NULL,NULL
"8359  ","RONEMOX-500MG CAP             ",NULL,NULL
"8360  ","RONIDA-200MG TAB              ",3030,2025-03-31 00:00:00.000
"8360  ","RONIDA-200MG TAB              ",3051,2025-03-30 00:00:00.000
"8360  ","RONIDA-200MG TAB              ",3273,2025-05-30 00:00:00.000
"8360  ","RONIDA-200MG TAB              ",3433(O+P),2025-06-30 00:00:00.000
"8360  ","RONIDA-200MG TAB              ",3989(P),2025-11-30 00:00:00.000
"8360  ","RONIDA-200MG TAB              ",4112,2025-12-31 00:00:00.000
"8360  ","RONIDA-200MG TAB              ",4112(O+Y),2025-12-31 00:00:00.000
"8360  ","RONIDA-200MG TAB              ",4292,2026-02-28 00:00:00.000
"8360  ","RONIDA-200MG TAB              ",4293,2026-02-28 00:00:00.000
"8360  ","RONIDA-200MG TAB              ",4294,2026-02-28 00:00:00.000
"8360  ","RONIDA-200MG TAB              ",5125,2026-04-30 00:00:00.000
"8360  ","RONIDA-200MG TAB              ",5171,2026-05-31 00:00:00.000
"8361  ","RONIDA-400 TAB                ",4360,2026-02-28 00:00:00.000
"8361  ","RONIDA-400 TAB                ",5170,2026-05-31 00:00:00.000
"8362  ","ROSEFAST 20                   ",NULL,NULL
"8363  ","ROSMOXCLAV 625 LB TAB         ",NULL,NULL
"8364  ","ROSU-HDL-40 TAB               ",NULL,NULL
"8365  ","ROSUDAY F10 TAB               ",NULL,NULL
"8366  ","ROVAMAYCIN FORT TAB           ",NULL,NULL
"8367  ","ROVASDAY 20 TAB               ",SPT232500C,2025-10-30 00:00:00.000
"8368  ","ROVATIN-10MG TAB              ",NULL,NULL
"8369  ","ROXCOL 150 TAB                ",NULL,NULL
"8370  ","ROXIFAR TAB                   ",NULL,NULL
"8371  ","ROXIFRENCH 150 TAB            ",NULL,NULL
"8372  ","ROXIKA 150MG.TAB              ",NULL,NULL
"8373  ","ROXIM-200 TAB                 ",NULL,NULL
"8374  ","ROXIM-200LB TAB               ",NULL,NULL
"8375  ","ROXINOVA TAB                  ",NULL,NULL
"8376  ","ROXLEY TAB                    ",NULL,NULL
"8377  ","ROXYLAB TAB                   ",NULL,NULL
"8378  ","ROXYTROMYCIN 150MG TAB.       ",NULL,NULL
"8379  ","ROXYWIN-150                   ",NULL,NULL
"8380  ","ROXYWOK TAB                   ",NULL,NULL
"8381  ","ROZYWIN CAP                   ",NULL,NULL
"8382  ","RT-VIDA-M500MG TAB            ",NULL,NULL
"8383  ","RUCIOF SHAMPOO                ",NULL,NULL
"8384  ","RUMADOL PLUS TAB              ",NULL,NULL
"8385  ","RUMADOL TAB(DICLO+PARA)       ",NULL,NULL
"8386  ","RUMANIL GEL                   ",NULL,NULL
"8387  ","RUMANIL TAB                   ",T-21176(G),2024-08-30 00:00:00.000
"8388  ","RUMAZOX OIL                   ",NULL,NULL
"8389  ","RUNN GEL 30GM                 ",NULL,NULL
"8390  ","RUSCH FOLEY CATHETER 16F      ",NULL,NULL
"8391  ","RUSCH FOLLY CATHETER 14F      ",NULL,NULL
"8392  ","RYLES TUBE 14F                ",NULL,NULL
"8393  ","RYLES TUBE 16F                ",NULL,NULL
"8394  ","S PAR KID TAB                 ",191,2026-11-30 00:00:00.000
"8395  ","S-BEX CAP                     ",NULL,NULL
"8396  ","S-CPM TAB                     ",NULL,NULL
"8397  ","S-KUINOL                      ",NULL,NULL
"8398  ","SACRO LUMBER BELT*            ",NULL,NULL
"8399  ","SACTIL SACHET                 ",NULL,NULL
"8400  ","SADAMIND TABS                 ",NULL,NULL
"8401  ","SAFE PLUS NEEDLE NO.23        ",NULL,NULL
"8402  ","SAFE-PLUS NEEDLE NO.24        ",NULL,NULL
"8403  ",SAFETY-MHP CLINICAL THERMOMETE,.,NULL
"8404  ","SAFEWAY NEEDLE 26/0.5         ",NULL,NULL
"8405  ","SAFEWAY NEEDLE NO.24          ",NULL,NULL
"8406  ","SAFEX-200MG TAB               ",NULL,NULL
"8407  ","SAFIXIME-O TAB                ",NULL,NULL
"8408  ","SAFTI DISP.NEEDLE.24*         ",NULL,NULL
"8409  ","SAFTI NEEDLE NO.23            ",NULL,NULL
"8410  ","SAFTI NEEDLE NO.24            ",NULL,NULL
"8411  ","SAIMIN CAP                    ",NULL,NULL
"8412  ","SAL-4 TAB                     ",NULL,NULL
"8413  ","SALAXIME-200MG TAB            ",NULL,NULL
"8414  ","SALBRIM TAB                   ",NULL,NULL
"8415  ","SALBUTAMOL 2MG TAB            ",NULL,NULL
"8416  ","SALBUTAMOL 2MG TAB            ",NULL,NULL
"8417  ","SALBUTAMOL 2MG TAB            ",NULL,NULL
"8418  ","SALBUTAMOL 2MG TAB            ",SB-64,2025-05-31 00:00:00.000
"8418  ","SALBUTAMOL 2MG TAB            ",SB-65,2026-06-30 00:00:00.000
"8419  ","SALBUTAMOL 2MG TAB            ",NULL,NULL
"8420  ","SALBUTAMOL 2MG TAB            ",NULL,NULL
"8421  ","SALBUTAMOL 2MG.TAB            ",NULL,NULL
"8422  ","SALBUTAMOL 2MG.TAB            ",PP/047,2026-03-31 00:00:00.000
"8422  ","SALBUTAMOL 2MG.TAB            ",PP047,2026-03-31 00:00:00.000
"8422  ","SALBUTAMOL 2MG.TAB            ",SB-66,2027-02-28 00:00:00.000
"8423  ","SALBUTAMOL 4MG TAB            ",NULL,NULL
"8424  ","SALBUTAMOL 4MG TAB            ",NULL,NULL
"8425  ","SALBUTAMOL 4MG TAB            ",NULL,NULL
"8426  ","SALBUTAMOL 4MG TAB            ",NULL,NULL
"8427  ","SALBUTAMOL I.P.2MG.TAB        ",NULL,NULL
"8428  ","SALBUTAMOL I.P.4MG TAB        ",NULL,NULL
"8429  ","SALBUTAMOL TAB                ",NULL,NULL
"8430  ","SALBUTAMOL TAB                ",NULL,NULL
"8431  ","SALBUTAMOL TAB 4MG            ",NULL,NULL
"8432  ","SALBUTAMOL+THEO,. TAB         ",NULL,NULL
"8433  ","SALMO-2 TAB                   ",NULL,NULL
"8434  ","SALOXINE TAB(SAL+BROM)        ",NULL,NULL
"8435  ","SAMCLOX-LB                    ",NULL,NULL
"8436  ","SANITARY PAD                  ",NULL,NULL
"8437  ","SANURIL-CZ(PARA+CETRIZINE)    ",NULL,NULL
"8438  ","SAR-D PARPLUS TAB             ",NULL,NULL
"8439  ","SAR-D-PAR                     ",NULL,NULL
"8440  ","SARBU-200MG.TAB               ",NULL,NULL
"8441  ","SARBUPAR(IBU+PARA)            ",NULL,NULL
"8442  ","SARCOLD TAB                   ",NULL,NULL
"8443  ","SARITHORICIN 250MG            ",NULL,NULL
"8444  ","SARKOFF TAB                   ",NULL,NULL
"8445  ","SAROGM(OMEZ) CAP              ",NULL,NULL
"8446  ","SAROM (OMEZ)CAP               ",NULL,NULL
"8447  ","SARPAS(OVAL)                  ",NULL,NULL
"8448  ",SARSULIDE(NIMESULIDE)100MG.TAB,NULL,NULL
"8449  ","SARSULIDE(NIMUSULIDE)TAB(O)   ",NULL,NULL
"8450  ","SARSULIDE-P(NISE+PARA)TAB     ",NULL,NULL
"8451  ","SATNAM DISP CUP 60ML          ",NULL,NULL
"8452  ","SCAABEL SOAP                  ",NULL,NULL
"8453  ","SCABI FIT LOTION              ",NULL,NULL
"8454  ","SCABICARE SOAP                ",NULL,NULL
"8455  ","SCABICHECK LOTION             ",NULL,NULL
"8456  ","SCABIKOP-P LOTION             ",NULL,NULL
"8457  ","SCABILIX SOAP                 ",DS-094,2024-07-30 00:00:00.000
"8457  ","SCABILIX SOAP                 ",E07-073,2025-09-30 00:00:00.000
"8458  ","SCABONA LOTION                ",NULL,NULL
"8459  ","SCABONA LOTION                ",NULL,NULL
"8460  ","SCABVENT SOAP                 ",NULL,NULL
"8461  ","SCABYZOL SOAP                 ",HS-1302,2024-09-30 00:00:00.000
"8462  ","SCALP VEIN SET NO.20          ",NULL,NULL
"8463  ","SCALP VEIN SET NO.20          ",3H03S,2028-07-30 00:00:00.000
"8463  ","SCALP VEIN SET NO.20          ",3H19S,2028-07-30 00:00:00.000
"8464  ","SCALP VEIN SET NO.20          ",NULL,NULL
"8465  ","SCALP VEIN SET NO.21          ",327151,NULL
"8466  ","SCALP VEIN SET NO.21          ",NULL,NULL
"8467  ","SCALP VEIN SET NO.21          ",2M02S,2027-10-30 00:00:00.000
"8467  ","SCALP VEIN SET NO.21          ",3626S,2028-06-30 00:00:00.000
"8467  ","SCALP VEIN SET NO.21          ",3G20S,2028-07-30 00:00:00.000
"8467  ","SCALP VEIN SET NO.21          ",3G26S,2028-08-30 00:00:00.000
"8467  ","SCALP VEIN SET NO.21          ",3K25S,2028-08-30 00:00:00.000
"8467  ","SCALP VEIN SET NO.21          ",3K27S,2028-08-30 00:00:00.000
"8467  ","SCALP VEIN SET NO.21          ",4C15S,2029-02-28 00:00:00.000
"8468  ","SCALP VEIN SET NO.21          ",NULL,NULL
"8469  ","SCALP VEIN SET NO.22          ",NULL,NULL
"8470  ","SCALP VEIN SET NO.22          ",NULL,NULL
"8471  ","SCALP VEIN SET NO.22          ",308411,2026-01-31 00:00:00.000
"8471  ","SCALP VEIN SET NO.22          ",318135,2026-04-30 00:00:00.000
"8471  ","SCALP VEIN SET NO.22          ",321451,2026-04-30 00:00:00.000
"8471  ","SCALP VEIN SET NO.22          ",336452,2026-08-30 00:00:00.000
"8471  ","SCALP VEIN SET NO.22          ",344453,2026-10-30 00:00:00.000
"8471  ","SCALP VEIN SET NO.22          ",403432,2026-12-30 00:00:00.000
"8471  ","SCALP VEIN SET NO.22          ",410137,2026-02-28 00:00:00.000
"8472  ","SCALP VEIN SET NO.22          ",NULL,NULL
"8473  ","SCALP VEIN SET NO.22          ",NULL,NULL
"8474  ","SCALP VEIN SET NO.22          ",2K21S,2027-08-30 00:00:00.000
"8474  ","SCALP VEIN SET NO.22          ",3C22S,2028-02-28 00:00:00.000
"8474  ","SCALP VEIN SET NO.22          ",3E09S,2028-04-30 00:00:00.000
"8474  ","SCALP VEIN SET NO.22          ",3H15S,2028-07-30 00:00:00.000
"8474  ","SCALP VEIN SET NO.22          ",3H185,2028-07-30 00:00:00.000
"8474  ","SCALP VEIN SET NO.22          ",3H19S,2028-07-30 00:00:00.000
"8474  ","SCALP VEIN SET NO.22          ",3H24S,2028-07-30 00:00:00.000
"8474  ","SCALP VEIN SET NO.22          ",3K06S,2028-08-31 00:00:00.000
"8474  ","SCALP VEIN SET NO.22          ",3K25S,2028-08-30 00:00:00.000
"8474  ","SCALP VEIN SET NO.22          ",3L02S,2028-09-30 00:00:00.000
"8474  ","SCALP VEIN SET NO.22          ",3L165,2028-09-30 00:00:00.000
"8474  ","SCALP VEIN SET NO.22          ",4805S,2029-01-31 00:00:00.000
"8474  ","SCALP VEIN SET NO.22          ",4807S,2029-01-31 00:00:00.000
"8474  ","SCALP VEIN SET NO.22          ",4A23S,2028-12-31 00:00:00.000
"8474  ","SCALP VEIN SET NO.22          ",4A24A,2028-12-31 00:00:00.000
"8474  ","SCALP VEIN SET NO.22          ",4A25S,2028-12-31 00:00:00.000
"8474  ","SCALP VEIN SET NO.22          ",4B13S,2029-01-31 00:00:00.000
"8474  ","SCALP VEIN SET NO.22          ",4C11S,2029-02-28 00:00:00.000
"8475  ","SCALP VEIN SET NO.22          ",NULL,NULL
"8476  ","SCALP VEIN SET NO.22          ",6230711007,2025-06-30 00:00:00.000
"8476  ","SCALP VEIN SET NO.22          ",G230810808,2028-07-30 00:00:00.000
"8476  ","SCALP VEIN SET NO.22          ",G23J010534,2028-09-30 00:00:00.000
"8476  ","SCALP VEIN SET NO.22          ",G23J010933,2028-09-30 00:00:00.000
"8477  ","SCALP VEIN SET NO.22          ",NULL,NULL
"8478  ","SCALP VEIN SET NO.23          ",NULL,NULL
"8479  ","SCALP VEIN SET NO.23          ",205167,2024-12-31 00:00:00.000
"8479  ","SCALP VEIN SET NO.23          ",412148,2027-02-28 00:00:00.000
"8480  ","SCALP VEIN SET NO.23          ",NULL,NULL
"8481  ","SCALP VEIN SET NO.23          ",NULL,NULL
"8482  ","SCALP VEIN SET NO.23          ",3E09S,2028-04-30 00:00:00.000
"8482  ","SCALP VEIN SET NO.23          ",3H15S,2028-07-30 00:00:00.000
"8482  ","SCALP VEIN SET NO.23          ",3H23S,2028-07-30 00:00:00.000
"8482  ","SCALP VEIN SET NO.23          ",3K05S,2028-08-30 00:00:00.000
"8482  ","SCALP VEIN SET NO.23          ",3K14S,2028-08-31 00:00:00.000
"8482  ","SCALP VEIN SET NO.23          ",3K30S,2028-03-31 00:00:00.000
"8482  ","SCALP VEIN SET NO.23          ",4A05S,2028-12-31 00:00:00.000
"8482  ","SCALP VEIN SET NO.23          ",4B19S,2029-01-31 00:00:00.000
"8483  ","SCALP VEIN SET NO.23          ",6230810584,2028-07-30 00:00:00.000
"8483  ","SCALP VEIN SET NO.23          ",G230311036,2027-02-28 00:00:00.000
"8483  ","SCALP VEIN SET NO.23          ",G238311935,2028-02-28 00:00:00.000
"8483  ","SCALP VEIN SET NO.23          ",G23J010952,2028-09-30 00:00:00.000
"8484  ","SCALP VEIN SET NO.24          ",4B01S,2029-01-31 00:00:00.000
"8485  ","SCALP VEIN SET NO.24          ",NULL,NULL
"8486  ","SCALP VEIN SET NO22           ",NULL,NULL
"8487  ","SCALP VEN SET 21              ",NULL,NULL
"8488  ","SCALP VEN SET 22              ",NULL,NULL
"8489  ","SCALP VEN SET 23              ",NULL,NULL
"8490  ","SCAR HIT LOTION               ",NULL,NULL
"8491  ","SCAR-X CREAM                  ",NULL,NULL
"8492  ","SCARBEL SOAP                  ",NULL,NULL
"8493  ","SCARHIT                       ",NULL,NULL
"8494  ","SCARHIT SOAP                  ",NULL,NULL
"8495  ","SCARICH SOAP                  ",NULL,NULL
"8496  ","SCARNIL CREAM                 ",NULL,NULL
"8497  ","SCAVISTA-12A                  ",NULL,NULL
"8498  ","SCRABEL LOTION                ",NULL,NULL
"8499  ","SDD-5G CAP                    ",NULL,NULL
"8500  ","SDYVOGLSM PLUS TAB            ",NULL,NULL
"8501  ","SEEFIX-200                    ",NULL,NULL
"8502  ","SEEZ 500 TAB                  ",NULL,NULL
"8503  ","SEFBACTUM 200 TAB             ",NULL,NULL
"8504  ","SEMIMOL TAB                   ",NULL,NULL
"8505  ","SENALGAN TAB                  ",NULL,NULL
"8506  ","SENNAVAC TAB                  ",NULL,NULL
"8507  ","SENSOMEND TOOTHPASTE          ",NULL,NULL
"8508  ","SEPLON ANTISEPTIC LIQUID      ",NULL,NULL
"8509  ","SEPNIL NEEDLE NO.24           ",NULL,NULL
"8510  ","SERADASE-10 TAB               ",NULL,NULL
"8511  ","SERIWOK 10 TAB                ",NULL,NULL
"8512  ","SERIWOK DPS                   ",NULL,NULL
"8513  ","SERIWOK-D TAB                 ",NULL,NULL
"8514  ","SERIWOK-DP                    ",NULL,NULL
"8515  ","SEROWEL -10 TAB               ",NULL,NULL
"8516  ","SERRAFAST 10                  ",NULL,NULL
"8517  ","SERRATIOPEPTIDASE TAB         ",NULL,NULL
"8518  ","SERRAVIN DP TAB               ",NULL,NULL
"8519  ","SERROPA-PK TAB                ",NULL,NULL
"8520  ","SERTACARE B CREAM             ",NULL,NULL
"8521  ","SERTAMOON CREAM 10GM          ",NULL,NULL
"8522  ","SERVIDINE 10GM OINT           ",NULL,NULL
"8523  ","SERVINADINE OINTMENT          ",NULL,NULL
"8524  ","SERVINDINE OINMENT            ",NULL,NULL
"8525  ","SET ON TAB                    ",NULL,NULL
"8526  ","SET-ON TAB                    ",NULL,NULL
"8527  ","SETRIDE 10MG.TAB(CETRIZINE)   ",WPE24008,2026-12-31 00:00:00.000
"8528  ","SETRIDE COLD TAB              ",NULL,NULL
"8529  ","SEXIGRA-100                   ",NULL,NULL
"8530  ","SEXIGRA-50                    ",NULL,NULL
"8531  ","SEXY NIGHT GOLD               ",NULL,NULL
"8532  ","SGS NAR-TZ TAB                ",NULL,NULL
"8533  ","SHAKTIMOX/250 CAP             ",NULL,NULL
"8534  ","SHANICOL CAPS                 ",NULL,NULL
"8535  ","SHANTAC-150MG.TAB             ",NULL,NULL
"8536  ","SHAPE N ACTIVE (STRIP PACK)   ",SA-399/21,2024-12-31 00:00:00.000
"8537  ","SHARODINE OINT.125GM          ",NULL,NULL
"8538  ","SHARONIM TAB                  ",NULL,NULL
"8539  ","SHELCAL 500MG                 ",NULL,NULL
"8540  ","SHELLCARE TAB*                ",NULL,NULL
"8541  ","SHELLGEL SOFTGEL              ",VDS-22221,2024-07-30 00:00:00.000
"8542  ","SHELLRICH TAB                 ",NULL,NULL
"8543  ","SHELLVIT-D3 (500)             ",NULL,NULL
"8544  ","SHELLWIN OS                   ",NULL,NULL
"8545  ","SHILAJEET CAP                 ",NULL,NULL
"8546  ","SHIPLEX CAP                   ",NULL,NULL
"8547  ","SHIPLEX-P CAP                 ",NULL,NULL
"8548  ","SHIVZOLE PLUS(ALBENDAZOLE)TAB ",NULL,NULL
"8549  ","SHIZOLE CAP(OMEZ)             ",NULL,NULL
"8550  ","SHIZOLE-D CAP                 ",NULL,NULL
"8551  ","SICO (B.C)                    ",NULL,NULL
"8552  ","SIGNA D3 TAB                  ",SP02,2026-02-28 00:00:00.000
"8552  ","SIGNA D3 TAB                  ",SP03,2026-02-28 00:00:00.000
"8553  ","SIGNALE BATHROOM SCALE-759    ",NULL,NULL
"8554  ","SILONATE C                    ",NULL,NULL
"8555  ","SILVACARE PLUS 15GM           ",NULL,NULL
"8556  ","SILVAKDOL GEL                 ",NULL,NULL
"8557  ","SILVAKOOL GEL                 ",NULL,NULL
"8558  ","SILVER SULPHADIAZINE(SSDEE)   ",NULL,NULL
"8559  ","SILVER SULPHADINAZINE CREAM   ",NULL,NULL
"8560  ","SILVERKOOLGEL-15GM CREAM      ",NULL,NULL
"8561  ","SILVERMOON CREAM 15GM         ",S480,2025-06-30 00:00:00.000
"8562  ","SIMVOTIN EZ 20                ",NULL,NULL
"8563  ","SINALGIN (PARA+CPM)TAB        ",NULL,NULL
"8564  ","SINHANAD GUGGULU              ",NULL,NULL
"8565  ","SIOBAN TAB                    ",2307041,2025-06-30 00:00:00.000
"8566  ","SIOBEN PLUS TAB               ",NULL,NULL
"8567  ","SIODERM-B CREAM               ",NULL,NULL
"8568  ","SIOFIN B CREAM                ",647,2025-11-30 00:00:00.000
"8568  ","SIOFIN B CREAM                ",654,2025-11-30 00:00:00.000
"8569  ","SIOFIN CREAM                  ",653,2025-11-30 00:00:00.000
"8570  ","SIOFLOX 200 TAB               ",NULL,NULL
"8571  ","SIOFLOX CX TAB                ",NULL,NULL
"8572  ","SIOSHINE CREAM                ",NULL,NULL
"8573  ","SIOTRIM CREAM                 ",NULL,NULL
"8574  ","SIOZOLE CAP                   ",NULL,NULL
"8575  ","SIOZOLE-D CAP                 ",DE22034,2024-10-30 00:00:00.000
"8576  ","SIROLONE-250MG TAB            ",NULL,NULL
"8577  ","SIROLONE-500MG TAB            ",NULL,NULL
"8578  ","SKEEN GLOW                    ",NULL,NULL
"8579  ","SKEEN GLOW SOAP               ",NULL,NULL
"8580  ","SKIN CLAIR CHARCOAL F/W       ",NULL,NULL
"8581  ","SKIN CLAIR WALNUT SCRUB       ",NULL,NULL
"8582  ","SKIN FRESH SOAP               ",NULL,NULL
"8583  ","SKIN STAPLER PLUS MERIL       ",IMSSP493,2026-03-31 00:00:00.000
"8584  ","SKINCARE SOAP                 ",NULL,NULL
"8585  ","SKINLIFE-HT                   ",NULL,NULL
"8586  ","SKINLIX SOAP                  ",S768,2025-09-30 00:00:00.000
"8587  ","SKINOLIGHT CRAM 15GM          ",NULL,NULL
"8588  ","SKINSHINE ACNE FREE FACE WASH ",NULL,NULL
"8589  ",SKINSHINE ACNE FREE FACE WASH.,NULL,NULL
"8590  ","SKINSHINE CREAM               ",NULL,NULL
"8591  ","SKINSHINE CREAM(WITH SUGAR)   ",NULL,NULL
"8592  ","SKINSHINE FAIRNESS FACE WASH. ",NULL,NULL
"8593  ","SKINSHINE GLOW TAB            ",NULL,NULL
"8594  ","SKINSHINE MOIS.BODY LOTION    ",NULL,NULL
"8595  ",SKINSHINE NEEM&ALOVERA FACEWAS,NULL,NULL
"8596  ","SKINSHINE OINTMENT            ",NULL,NULL
"8597  ","SKINSHINE PAPAYA FACE WASH.   ",NULL,NULL
"8598  ","SKINSHINE RICH 20GM+50GM      ",NULL,NULL
"8599  ","SKINSHINE SOAP                ",NULL,NULL
"8600  ","SKINSHINE SOAP                ",NULL,NULL
"8601  ",SKINSHINE STRAWBERY FACE WASH.,NULL,NULL
"8602  ","SKINSHINE SUNCREEN 30 SPF     ",NULL,NULL
"8603  ","SKINSHINE SUNSCREEN LOTION    ",NULL,NULL
"8604  ","SKINTONE CREAM                ",NULL,NULL
"8605  ","SKNOLL WEIGHING SCALE-747     ",NULL,NULL
"8606  ","SL FAM TAB                    ",NULL,NULL
"8607  ","SL MEGAMOL (OVAL) TAB         ",NULL,NULL
"8608  ","SL MEGAMOL (OVAL)TAB          ",NULL,NULL
"8609  ","SL MEGAMOL TAB                ",NULL,NULL
"8610  ","SL MEGAMOL(O) TAB             ",NULL,NULL
"8611  ","SL MOX 250 LB TAB             ",NULL,NULL
"8612  ","SL MOX 250MG TAB              ",NULL,NULL
"8613  ","SL MOX 500                    ",276,2025-01-30 00:00:00.000
"8613  ","SL MOX 500                    ",277,2026-02-28 00:00:00.000
"8614  ","SL MOX 500MG. CAP             ",NULL,NULL
"8615  ","SL PLEX CAP                   ",1075,2025-02-28 00:00:00.000
"8615  ","SL PLEX CAP                   ",1079,2025-04-30 00:00:00.000
"8615  ","SL PLEX CAP                   ",1082,2025-05-31 00:00:00.000
"8615  ","SL PLEX CAP                   ",1083,2025-05-31 00:00:00.000
"8616  ","SL PLEX CAP*                  ",NULL,NULL
"8617  ","SLIM TEA                      ",NULL,NULL
"8618  ","SLIM TRIM ACTIVE 60 CA        ",NULL,NULL
"8619  ","SLIM TRIM ACTIVE-120MG        ",NULL,NULL
"8620  ","SLIM TRIM CLA CAP             ",NULL,NULL
"8621  ","SLIM-CLIDE                    ",NULL,NULL
"8622  ","SLIMEX-0 CAP                  ",NULL,NULL
"8623  ","SLIMEX-10MG CAP               ",NULL,NULL
"8624  ","SLIMEX-15 CAP                 ",NULL,NULL
"8625  ","SLVIT CAP (B-COMPLEX)         ",NULL,NULL
"8626  ","SMYLIN GEL                    ",NULL,NULL
"8627  ","SNEEZA TAB                    ",NULL,NULL
"8628  ","SNEEZA TAB 10`S               ",NULL,NULL
"8629  ","SNEEZA-CN TAB                 ",NULL,NULL
"8630  ","SNEEZA-P TAB                  ",NULL,NULL
"8631  ","SNEEZA-PM TABLETS 10`S        ",NULL,NULL
"8632  ","SNEEZBYE GOLD                 ",NULL,NULL
"8633  ","SNEEZE OFF FORTE TAB          ",NULL,NULL
"8634  ","SODAMINT TAB                  ",NULL,NULL
"8635  ","SODAMINT TAB                  ",NULL,NULL
"8636  ","SODAMINT TAB                  ",NULL,NULL
"8637  ","SODAMINT TAB                  ",NULL,NULL
"8638  ","SODAMINT TAB                  ",NULL,NULL
"8639  ","SODAMINT TAB                  ",NULL,NULL
"8640  ","SODAMINT TAB                  ",NULL,NULL
"8641  ","SODAMINT TAB                  ",NULL,NULL
"8642  ","SODAMINT TAB                  ",NULL,NULL
"8643  ","SODAMINT TAB                  ",NULL,NULL
"8644  ","SODAMINT TAB                  ",NULL,NULL
"8645  ","SODAMINT TAB B.P              ",NULL,NULL
"8646  ","SODAMINT TAB I.P              ",NULL,NULL
"8647  ","SODAMINT TAB(GINGAMINT)       ",NULL,NULL
"8648  ","SODAMINT TAB.B.P.             ",PP/140,2026-04-30 00:00:00.000
"8648  ","SODAMINT TAB.B.P.             ",PP/170,2026-05-31 00:00:00.000
"8648  ","SODAMINT TAB.B.P.             ",PP/688,2025-11-30 00:00:00.000
"8648  ","SODAMINT TAB.B.P.             ",PP/821,2025-01-30 00:00:00.000
"8648  ","SODAMINT TAB.B.P.             ",PP/895,2026-02-28 00:00:00.000
"8648  ","SODAMINT TAB.B.P.             ",PP/905,2026-02-28 00:00:00.000
"8649  ","SODAMINT(A-MINT)TAB           ",16324,2026-02-28 00:00:00.000
"8649  ","SODAMINT(A-MINT)TAB           ",22224,2026-01-31 00:00:00.000
"8649  ","SODAMINT(A-MINT)TAB           ",3424,2026-03-31 00:00:00.000
"8650  ","SODIUM HYPO LR(NACIO)         ",NULL,NULL
"8651  ","SOFACIN SKIN CREAM            ",NULL,NULL
"8652  ","SOFRACARE CREAM               ",QO-23050,2025-07-30 00:00:00.000
"8652  ","SOFRACARE CREAM               ",QO-23067,2025-09-30 00:00:00.000
"8652  ","SOFRACARE CREAM               ",QO-23086,2025-11-30 00:00:00.000
"8653  ","SOFRACEN OINTMENT             ",NULL,NULL
"8654  ","SOFRACIN OINTMENT             ",NULL,NULL
"8655  ","SOFRAMYCIN SKIN CREAM         ",NULL,NULL
"8656  ","SOFRAMYCIN SKIN CREAM         ",NULL,NULL
"8657  ","SOFRANEX OINT                 ",DE3L25,2026-03-31 00:00:00.000
"8658  ","SOFRATAR CREAM                ",NULL,NULL
"8659  ","SOFRATAS CREAM                ",NULL,NULL
"8660  ","SOFRAWIN CREAM                ",NULL,NULL
"8661  ","SOGA                          ",NULL,NULL
"8662  ","SOLE A & D RED CAP            ",NULL,NULL
"8663  ","SOLOGUARD NEEDLE NO.22        ",NULL,NULL
"8664  ","SOLONI GEL                    ",NULL,NULL
"8665  ","SOLUDEX-05MG.TAB              ",NULL,NULL
"8666  ","SOLVIMOX 250MG CAP            ",NULL,NULL
"8667  ","SOMAGO TAB                    ",NULL,NULL
"8668  ","SOMU GOLD TAB                 ",NULL,NULL
"8669  ","SONAMINT TAB                  ",NULL,NULL
"8670  ","SORE CARE CREAM               ",NULL,NULL
"8671  ","SOREGEL                       ",C723012,2025-09-30 00:00:00.000
"8672  ","SP.CITROWIL 400ML             ",NULL,NULL
"8673  ","SP.NECSPAS DROPS              ",NULL,NULL
"8674  ","SP.NEEDLE NO.25               ",NULL,NULL
"8675  ","SP.NEELDE NO.23               ",NULL,NULL
"8676  ","SPA HEAL CREAM                ",NULL,NULL
"8677  ","SPARK ENERGY BOOSTER          ",NULL,NULL
"8678  ","SPARTAB-200 TAB               ",NULL,NULL
"8679  ","SPASAN TAB                    ",NULL,NULL
"8680  ","SPASLY TAB(DICY+PARA)         ",NULL,NULL
"8681  ","SPASMAK TAB                   ",NULL,NULL
"8682  ","SPASMAK TAB (ST)              ",NULL,NULL
"8683  ","SPASMAK TAB(CB)               ",NULL,NULL
"8684  ","SPASMAK TAB(CB)               ",NULL,NULL
"8685  ","SPASMAK TAB*                  ",NULL,NULL
"8686  ","SPASMAK WH TAB                ",NULL,NULL
"8687  ","SPASMAK WH TAB                ",NULL,NULL
"8688  ","SPASMAK WH TAB                ",NULL,NULL
"8689  ","SPASMAK-M 10                  ",NULL,NULL
"8690  ","SPASMAK-M TAB                 ",NULL,NULL
"8691  ","SPASMAK-Y TAB                 ",NULL,NULL
"8692  ","SPASMAK-YL TAB                ",AMK3002BO,2026-02-28 00:00:00.000
"8692  ","SPASMAK-YL TAB                ",AMK3007BO,2026-06-30 00:00:00.000
"8692  ","SPASMAK-YL TAB                ",AMK3008BO,2026-06-30 00:00:00.000
"8692  ","SPASMAK-YL TAB                ",AMK3011BO,2026-11-30 00:00:00.000
"8692  ","SPASMAK-YL TAB                ",AMK4001BO,2027-03-31 00:00:00.000
"8693  ","SPASMAK-YL TAB                ",AMK3007BO,2026-06-30 00:00:00.000
"8693  ","SPASMAK-YL TAB                ",AMK4002BO,2027-05-31 00:00:00.000
"8694  ","SPASMFREE TAB                 ",MKFT-001,2025-06-30 00:00:00.000
"8695  ","SPASMIDON TAB                 ",NULL,NULL
"8696  ","SPASMOBERT FORT TAB           ",DD23107,2025-09-30 00:00:00.000
"8697  ","SPASMOBERT M TAB              ",NULL,NULL
"8698  ","SPASMOKEM-G NF TAB            ",SPOT220078,2025-08-30 00:00:00.000
"8699  ","SPASMOMED TAB                 ",NULL,NULL
"8700  ","SPASMOPAAM TAB                ",T23017,2025-05-31 00:00:00.000
"8701  ","SPASMOPAAM-DL                 ",NULL,NULL
"8702  ","SPASREX MF TAB                ",SMLT-2027,2025-09-30 00:00:00.000
"8702  ","SPASREX MF TAB                ",SMLT-2031,2026-02-28 00:00:00.000
"8703  ","SPASREX MF TAB (10)           ",SMLT-2026,2025-09-30 00:00:00.000
"8704  ","SPASREX TAB                   ",SPLT-2027,2025-10-30 00:00:00.000
"8705  ","SPIN SP 10`S                  ",BCP3002CY,2025-08-30 00:00:00.000
"8706  ","SPIN SP TAB                   ",NULL,NULL
"8707  ","SPIN-AP TAB                   ",NULL,NULL
"8708  ","SPIN-AP TAB                   ",NULL,NULL
"8709  ","SPIN-AP TAB                   ",NULL,NULL
"8710  ","SPIN-APM TAB                  ",ATW30002CY,2025-06-30 00:00:00.000
"8710  ","SPIN-APM TAB                  ",ATW3003CY,2025-09-30 00:00:00.000
"8711  ","SPIN-APM TAB                  ",NULL,NULL
"8712  ","SPIN-CP TAB                   ",ATV3001CY,2025-02-28 00:00:00.000
"8713  ","SPIN-SP TAB                   ",NULL,NULL
"8714  ","SPIN-SP TAB                   ",NULL,NULL
"8715  ","SPIRIT                        ",NULL,NULL
"8716  ","SPIRIT                        ",5016,2025-08-30 00:00:00.000
"8716  ","SPIRIT                        ",5024,2025-08-30 00:00:00.000
"8716  ","SPIRIT                        ",5028,2025-08-30 00:00:00.000
"8716  ","SPIRIT                        ",5033,2025-08-30 00:00:00.000
"8716  ","SPIRIT                        ",5063,2025-10-30 00:00:00.000
"8717  ","SPIRIT                        ",NULL,NULL
"8718  ","SPIRIT                        ",NULL,NULL
"8719  ","SPIRIT (O.T.SPIRIT-25)        ",NULL,NULL
"8720  ","SPIRIT 400ML                  ",NULL,NULL
"8721  ","SPIRIT 400ML                  ",NULL,NULL
"8722  ","SPIRIT B.P                    ",NULL,NULL
"8723  ","SPIRIT B.P                    ",NULL,NULL
"8724  ","SPIRIT B.P(ZEE)               ",NULL,NULL
"8725  ","SPIRIT EASY                   ",NULL,NULL
"8726  ","SPIRIT I.P                    ",4919,2025-06-30 00:00:00.000
"8726  ","SPIRIT I.P                    ",5027,2025-08-30 00:00:00.000
"8727  ","SPIRIT SURGICAL SPRAY         ",NULL,NULL
"8728  ","SPIRIT SURGIWIL               ",NULL,NULL
"8729  ","SPORGHAT DS TAB               ",JYT-23006,2024-12-31 00:00:00.000
"8730  ","SPOTSRUB OINT(KOJIC+C)        ",NULL,NULL
"8731  ","SR MOX 250 LB                 ",NULL,NULL
"8732  ","SRS NEEDLE NO.23              ",NULL,NULL
"8733  ","SRS NEEDLE NO.24              ",NULL,NULL
"8734  ","STADFEN-MR                    ",NULL,NULL
"8735  ","STAIPLER ACOS                 ",NULL,NULL
"8736  ","STALPER SKIN (ADLISC)         ",S2210L07,2025-09-30 00:00:00.000
"8736  ","STALPER SKIN (ADLISC)         ",SKIS2303L0,2030-02-28 00:00:00.000
"8737  ","STAMINA RICH CAP              ",SR/09,2025-02-28 00:00:00.000
"8738  ","STANHIST-10                   ",NULL,NULL
"8739  ","STAPLER AIROSTRAP             ",NULL,NULL
"8740  ",STAPLER AIROSTRAP SKIN REMOVER,NULL,NULL
"8741  ","STAPLER MERIL SKIN PLUS       ",NULL,NULL
"8742  ","STAPLER NOVAKEM               ",2158U00028,NULL
"8743  ","STAPLER SKIN (EETA CARES)     ",2146101,2026-10-30 00:00:00.000
"8744  ","STAPLER SKIN DISPOSABLE       ",NULL,NULL
"8745  ","STARILIUM 500ML               ",NULL,NULL
"8746  ","STARLON SOLUTION              ",NULL,NULL
"8747  ","STARLON SOLUTION              ",MW23001,2025-08-30 00:00:00.000
"8748  ","STATHOSCOPE DUO SONIC         ",NULL,NULL
"8749  ","STEEL SYRINGE                 ",NULL,NULL
"8750  ","STEEL TRAY Z COVER            ",NULL,NULL
"8751  ","STEEL TRAY Z COVER            ",NULL,NULL
"8752  ","STEEL TREY 8*10               ",NULL,NULL
"8753  ","STEHOSCOPE CHEST PC-DELUX     ",.,2028-05-31 00:00:00.000
"8754  ","STEHOSCOPE FRAME Z TUBE       ",NULL,NULL
"8755  ","STEHOSCOPE TYGON              ",NULL,NULL
"8756  ","STEHOSOCOPE DIAMOND GOLD RING ",.,NULL
"8757  ","STEHTO EAR PCS                ",NULL,NULL
"8758  ","STEHTOSCOPE FRAME (B.D.TYPE)  ",.,2028-05-31 00:00:00.000
"8759  ","STEPLER EXTRACTRO (REMOVER)   ",H21019,2026-07-30 00:00:00.000
"8760  ","STEPLER SKIN                  ",NULL,NULL
"8761  ",STERIFINE SURFACE(DISIN.SPREAY,NULL,NULL
"8762  ","STERILE GLOVES NO.6           ",NULL,NULL
"8763  ","STERILE GLOVES NO.6.5         ",NULL,NULL
"8764  ","STERILE GLOVES NO.7           ",NULL,NULL
"8765  ","STERILE GLOVES NO.7.0         ",NULL,NULL
"8766  ","STERILE GLOVES NO.7.5         ",NULL,NULL
"8767  ","STERILE GLOVES NO.8           ",NULL,NULL
"8768  ","STERILIZED GAUZE SWABS        ",NULL,NULL
"8769  ","STERIWIL-PRO                  ",NULL,NULL
"8770  ","STETHO CHEST PCS              ",NULL,NULL
"8771  ","STETHO CHEST PIECE            ",.,2025-05-31 00:00:00.000
"8772  ","STETHO DUO SONIC              ",NULL,NULL
"8773  ","STETHO EAR PIECE              ",NULL,NULL
"8774  ","STETHO FREM (BIG)             ",NULL,NULL
"8775  ","STETHO GIBSON                 ",NULL,NULL
"8776  ","STETHO, CHAMPTONE             ",NULL,NULL
"8777  ","STETHO,.EAR PCS               ",NULL,NULL
"8778  ","STETHO,.FRAME                 ",NULL,NULL
"8779  ","STETHO,.FRAME(B.D.TYPE)(PARTS)",NULL,NULL
"8780  ","STETHO,.FRAME(DIAM)           ",NULL,NULL
"8781  ","STETHO,.MICRO-TONE            ",.,NULL
"8782  ","STETHO,.OXFORD                ",NULL,NULL
"8783  ","STETHO,BOKANG                 ",NULL,NULL
"8784  ","STETHO,CHEST PCS              ",NULL,NULL
"8785  ","STETHO,DUO SONIC              ",.,NULL
"8786  ","STETHO,FRAME (B.D.TYPE)       ",NULL,NULL
"8787  ","STETHO,TYGON.(M.S.I)          ",NULL,NULL
"8788  ","STETHO.FRAME (S)(PARTS)       ",.,2025-05-31 00:00:00.000
"8789  ","STETHO.MICRO-TONE*            ",NULL,NULL
"8790  ","STETHOSCOPE CHEK & SURE       ",NULL,NULL
"8791  ","STETHOSCOPE DIAMAOND(ST006)   ",GOLDEN RIN,NULL
"8792  ","STETHOSCOPE DIAMOND           ",NULL,NULL
"8793  ","STETHOSCOPE DIAPHRAM          ",.,2028-05-31 00:00:00.000
"8793  ","STETHOSCOPE DIAPHRAM          ",BAT,2028-05-31 00:00:00.000
"8794  ","STETHOSCOPE EAR PIECES        ",NULL,NULL
"8795  ","STETHOSCOPE LIFE CARD         ",NULL,NULL
"8796  ","STETHOSCOPE MICROTONE         ",NULL,NULL
"8797  ","STETHOSCOPE OXFORD            ",NULL,NULL
"8798  ","STETHOSCOPE SUPERSONIC        ",NULL,NULL
"8799  ","STETHOSCOPE Y-SHAPE TUBE      ",NULL,NULL
"8800  ","STETOSCOPE Y,SHAPE TUBE       ",.,NULL
"8800  ","STETOSCOPE Y,SHAPE TUBE       ",BAT,2025-05-31 00:00:00.000
"8801  ","STONE HIDE TAB                ",NULL,NULL
"8802  ","STONE HIDE TAB                ",NULL,NULL
"8803  ","STOPCID 20 TAB                ",NULL,NULL
"8804  ","STREESCIP CAP                 ",NULL,NULL
"8805  ","SU-PR-DU-PR-R POWDER          ",NULL,NULL
"8806  ","SUDOPAM TAB                   ",NULL,NULL
"8807  ","SUHAGRA-50MG.TAB              ",NULL,NULL
"8808  ","SULPHAPRIM TAB                ",NULL,NULL
"8809  ","SULTRIM TAB                   ",NULL,NULL
"8810  ","SUN BLOCK LOTION              ",NULL,NULL
"8811  ","SUNSCREEN LOTION              ",NULL,NULL
"8812  ","SUNWANE SUNSCREEN LOTION SPF3 ",NULL,NULL
"8813  ","SUPANAC TAB                   ",NULL,NULL
"8814  ","SUPLEX -12 (B.C)CAP           ",NULL,NULL
"8815  ","SUPRACIF 500MG TAB            ",NULL,NULL
"8816  ","SUPRACIF-250MG TAB            ",NULL,NULL
"8817  ","SUPRACIF-500                  ",NULL,NULL
"8818  ","SUPRCOR TAB                   ",NULL,NULL
"8819  ","SUPROTIN POWDER GR            ",NULL,NULL
"8820  ","SURGEON SURGICAL BLADES       ",.,NULL
"8821  ","SURGICAL BLADES               ",NULL,NULL
"8822  ","SURGICAL SPIRIT               ",NULL,NULL
"8823  ","SURGIKLIN SPIRT               ",NULL,NULL
"8824  ","SURGIPLER SKIN STAPLER 35W    ",NULL,NULL
"8825  ","SURGIPOROUS TAPE 1""           ",NULL,NULL
"8826  ","SURGON BLEDES                 ",NULL,NULL
"8827  ","SUTURE NEEDLE.                ",NULL,NULL
"8828  ","SUTURE NEEDLES                ",.,NULL
"8829  ","SUZEN-NS CREAM                ",NULL,NULL
"8830  ","SVIZCAL 500MG.TAB             ",NULL,NULL
"8831  ","SVIZFLOX-200MG TAB            ",NULL,NULL
"8832  ","SVIZLEX-250MG.TAB             ",NULL,NULL
"8833  ","SVIZLON LIQUD                 ",NULL,NULL
"8834  ","SVIZLON LITER                 ",NULL,NULL
"8835  ","SVIZMOX 250MG.CAP             ",NULL,NULL
"8836  ","SVIZMOX-500MG.CAP             ",NULL,NULL
"8837  ","SVP BAG  2*3 (180G)           ",NULL,NULL
"8838  ","SVP BAG 3*4                   ",NULL,NULL
"8839  ","SWICLOX DT TAB                ",NULL,NULL
"8840  ","SWIFLOX-TZ (CIPRO+TINI)TAB    ",NULL,NULL
"8841  ","SWILON ANTISEPTIC             ",NULL,NULL
"8842  ","SWITER 250MG TAB              ",NULL,NULL
"8843  ","SYNDINE POWDER                ",NULL,NULL
"8844  ","SYNOPHEN 250 CAP(CHLORO)      ",NULL,NULL
"8845  ","SYP.AARXONE SB                ",NULL,NULL
"8846  ","SYP.ABD PLUS                  ",NULL,NULL
"8847  ","SYP.ABDZOLE                   ",NULL,NULL
"8848  ","SYP.ABDZOLE-I                 ",NULL,NULL
"8849  ","SYP.ABEN                      ",NULL,NULL
"8850  ","SYP.ABEN PLUS                 ",NBEL-003,2025-08-30 00:00:00.000
"8850  ","SYP.ABEN PLUS                 ",NBEL-004,2025-10-30 00:00:00.000
"8851  ","SYP.ABENTEL-IMRO              ",NULL,NULL
"8852  ","SYP.ABENTEL-IMRO              ",NULL,NULL
"8853  ","SYP.ABIDE DROP                ",NULL,NULL
"8854  ","SYP.ACAMOL                    ",NULL,NULL
"8855  ","SYP.ACCENTRA PLUS             ",NULL,NULL
"8856  ","SYP.ACEFEX-P                  ",NULL,NULL
"8857  ","SYP.ACELYN-PLUS               ",NULL,NULL
"8858  ","SYP.ACETAPAR                  ",NULL,NULL
"8859  ","SYP.ACETAPAR                  ",NULL,NULL
"8860  ","SYP.ACETAPAR                  ",NULL,NULL
"8861  ","SYP.ACETAPAR                  ",NULL,NULL
"8862  ","SYP.ACETOPHEN                 ",NULL,NULL
"8863  ","SYP.ACETOPHEN                 ",24015,2025-12-30 00:00:00.000
"8863  ","SYP.ACETOPHEN                 ",24074,2026-02-28 00:00:00.000
"8863  ","SYP.ACETOPHEN                 ",24136,2026-05-31 00:00:00.000
"8864  ","SYP.ACIGON                    ",NULL,NULL
"8865  ","SYP.ACIKOOL MPS(O)            ",NULL,NULL
"8866  ","SYP.ACIKOOL MPS(PINK)         ",NULL,NULL
"8867  ","SYP.ACLOFAST                  ",NULL,NULL
"8868  ","SYP.ACOR Z                    ",NULL,NULL
"8869  ","SYP.ACOR Z                    ",ZL553,2026-07-30 00:00:00.000
"8870  ","SYP.ADC(AMBRO DEXTO, CETRI)   ",NULL,NULL
"8871  ","SYP.ADULSA                    ",NULL,NULL
"8872  ","SYP.ADULSA                    ",NULL,NULL
"8873  ","SYP.ADULSA VASA               ",VPL003,2026-02-28 00:00:00.000
"8874  ","SYP.ADULSA(VASA)(SHARBAT)     ",VPL-02,2027-03-31 00:00:00.000
"8874  ","SYP.ADULSA(VASA)(SHARBAT)     ",VPL-192,2026-02-28 00:00:00.000
"8874  ","SYP.ADULSA(VASA)(SHARBAT)     ",VPL003,2026-02-28 00:00:00.000
"8875  ","SYP.AEGICOFF                  ",NULL,NULL
"8876  ","SYP.AFDCAL                    ",NULL,NULL
"8877  ","SYP.AFDICLAVE DRY             ",NULL,NULL
"8878  ","SYP.AFDIZ-DS(AZITHORO 200)    ",NULL,NULL
"8879  ","SYP.AFDPROFEN PLUS            ",NULL,NULL
"8880  ","SYP.AGICAL 200ML              ",NULL,NULL
"8881  ","SYP.AGIMOX-LB                 ",NULL,NULL
"8882  ","SYP.ALACT COLD DROP           ",NULL,NULL
"8883  ","SYP.ALACT TULASI              ",NULL,NULL
"8884  ","SYP.ALBEFATE 100ML            ",NULL,NULL
"8885  ","SYP.ALBENDAZOLE               ",NULL,NULL
"8886  ","SYP.ALBENDAZOLE               ",NULL,NULL
"8887  ","SYP.ALBENDOL                  ",NULL,NULL
"8888  ","SYP.ALBENDOL PLUS             ",NULL,NULL
"8889  ","SYP.ALBERTDRYL CR             ",NULL,NULL
"8890  ","SYP.ALBERTDRYL DR             ",NULL,NULL
"8891  ","SYP.ALBERZEN                  ",NULL,NULL
"8892  ","SYP.ALBERZEN 60ML             ",NULL,NULL
"8893  ","SYP.ALBERZEN COLD             ",NULL,NULL
"8894  ","SYP.ALBISTI PLUS              ",NULL,NULL
"8895  ","SYP.ALBITHRAL 100MG DROPS     ",DA23075,2025-05-31 00:00:00.000
"8896  ","SYP.ALBITHRAL 200             ",NULL,NULL
"8897  ","SYP.ALBOCEF 100 D/S           ",NULL,NULL
"8898  ","SYP.ALBOCEF 50MG (WFI)        ",NULL,NULL
"8899  ","SYP.ALBOCEF DRY               ",NULL,NULL
"8900  ","SYP.ALBOMOL 15ML DROP         ",NULL,NULL
"8901  ","SYP.ALBOMOL DS                ",NULL,NULL
"8902  ","SYP.ALBROX JR                 ",NULL,NULL
"8903  ","SYP.ALBROX-AP                 ",NULL,NULL
"8904  ","SYP.ALCKAMED                  ",NULL,NULL
"8905  ","SYP.ALDIREX                   ",24063,2026-01-31 00:00:00.000
"8906  ","SYP.ALDIREX EXPECTORANT       ",NULL,NULL
"8907  ","SYP.ALKACARE                  ",NULL,NULL
"8908  ","SYP.ALKALIDE                  ",NULL,NULL
"8909  ","SYP.ALKALISER                 ",NULL,NULL
"8910  ","SYP.ALKALITH                  ",NULL,NULL
"8911  ","SYP.ALKAMED                   ",NULL,NULL
"8912  ","SYP.ALKAMOON                  ",TBHV1401,2024-10-30 00:00:00.000
"8912  ","SYP.ALKAMOON                  ",TBHW0364,2025-03-31 00:00:00.000
"8913  ","SYP.ALKARYL                   ",NULL,NULL
"8914  ","SYP.ALKATRAL                  ",NULL,NULL
"8915  ","SYP.ALKATROL                  ",NULL,NULL
"8916  ","SYP.ALKAWOCK                  ",NULL,NULL
"8917  ","SYP.ALKEMDRYL                 ",NULL,NULL
"8918  ","SYP.ALKOF                     ",NULL,NULL
"8919  ","SYP.ALKOF-DX                  ",NULL,NULL
"8920  ","SYP.ALLUGEL MPS               ",NULL,NULL
"8921  ","SYP.ALLVITAL DROP             ",NULL,NULL
"8922  ","SYP.ALVIRID-COLD              ",NULL,NULL
"8923  ","SYP.AMBRID-LS                 ",NULL,NULL
"8924  ","SYP.AMBRID-T                  ",NULL,NULL
"8925  ","SYP.AMBRO-S 100ML             ",NULL,NULL
"8926  ","SYP.AMBROCLEAR LS             ",SPS-23K01,2025-10-30 00:00:00.000
"8927  ","SYP.AMBRODYNE PLUS            ",NULL,NULL
"8928  ","SYP.AMBRODYNE PLUS            ",NULL,NULL
"8929  ","SYP.AMBROLIV LS               ",NULL,NULL
"8930  ","SYP.AMIROSS PLUS              ",NULL,NULL
"8931  ","SYP.AMOXIVAN                  ",NULL,NULL
"8932  ","SYP.AMOXYCILLINE DRY          ",NULL,NULL
"8933  ","SYP.AMOXYCILLINE DRY          ",NULL,NULL
"8934  ","SYP.AMOXYCILLINE ORAL         ",NULL,NULL
"8935  ","SYP.AMOXYCILLINE ORAL*        ",NULL,NULL
"8936  ","SYP.AMOXYCLAV DRY             ",NULL,NULL
"8937  ","SYP.AMOXYCLAV DRY             ",NULL,NULL
"8938  ","SYP.AMOXYNEC-CV DUO           ",NULL,NULL
"8939  ","SYP.ANCET COLD                ",NULL,NULL
"8940  ","SYP.ANCET PLUS                ",NULL,NULL
"8941  ","SYP.ANCOLD                    ",NULL,NULL
"8942  ","SYP.ANGEFLOX-OZ               ",NULL,NULL
"8943  ","SYP.ANGEKOLD-PLUS             ",DL40403,2026-02-28 00:00:00.000
"8944  ","SYP.ANGEMEF P                 ",NULL,NULL
"8945  ","SYP.ANGLOCET                  ",L2312126,2025-11-30 00:00:00.000
"8946  ","SYP.ANGLOCID MPS              ",LAP-2324,2025-03-31 00:00:00.000
"8947  ","SYP.ANGLOCITRAL               ",LAF-24050,2025-12-31 00:00:00.000
"8947  ","SYP.ANGLOCITRAL               ",LAF-24131,2026-01-30 00:00:00.000
"8947  ","SYP.ANGLOCITRAL               ",LAF-24132,2026-01-30 00:00:00.000
"8948  ","SYP.ANGLOFF                   ",NULL,NULL
"8949  ","SYP.ANGLOPAR DS               ",NULL,NULL
"8950  ","SYP.ANKOLD-PLUS               ",NULL,NULL
"8951  ","SYP.ANTACID                   ",24017,2025-06-30 00:00:00.000
"8951  ","SYP.ANTACID                   ",24109,2025-09-30 00:00:00.000
"8952  ","SYP.ANTACID                   ",NULL,NULL
"8953  ","SYP.ANTACID                   ",NULL,NULL
"8954  ","SYP.ANTACID                   ",NULL,NULL
"8955  ","SYP.ANTACID                   ",NULL,NULL
"8956  ","SYP.ANTACID M.P.S             ",3P03024A,2025-11-30 00:00:00.000
"8956  ","SYP.ANTACID M.P.S             ",3P03034A,2025-11-30 00:00:00.000
"8957  ","SYP.ANTACID MPS               ",NULL,NULL
"8958  ","SYP.ANTACID MPS               ",24109,2026-05-31 00:00:00.000
"8958  ","SYP.ANTACID MPS               ",24110,2025-09-30 00:00:00.000
"8958  ","SYP.ANTACID MPS               ",24149,2025-05-31 00:00:00.000
"8959  ","SYP.ANTACID MPS               ",NULL,NULL
"8960  ","SYP.ANTACID MPS               ",NULL,NULL
"8961  ","SYP.ANTACID MPS               ",NULL,NULL
"8962  ","SYP.ANTACID MPS               ",NULL,NULL
"8963  ","SYP.ANTACID MPS MINT          ",NULL,NULL
"8964  ","SYP.ANTACID(WOGENE GEL)       ",NULL,NULL
"8965  ","SYP.ANTACLICK                 ",NULL,NULL
"8966  ","SYP.ANTAVIS MPS               ",NULL,NULL
"8967  ","SYP.ANTAXID M.P.S             ",3P03034,2025-11-30 00:00:00.000
"8968  ","SYP.ANTIGEN (MINT)            ",S238015,2025-07-30 00:00:00.000
"8969  ","SYP.APPETIME                  ",NULL,NULL
"8970  ","SYP.APPZYME (ENZYME)          ",NULL,NULL
"8971  ","SYP.APTAUP                    ",APLS-2034,2024-08-30 00:00:00.000
"8972  ","SYP.ARICEF-0 50 D/S           ",NULL,NULL
"8973  ","SYP.ARICEF-O 100MG            ",NULL,NULL
"8974  ","SYP.ARICEF-O 50               ",MCL2412,2026-01-31 00:00:00.000
"8975  ","SYP.ARICEF-O D/S              ",NULL,NULL
"8976  ","SYP.ARICEF-O DUO              ",NULL,NULL
"8977  ","SYP.ARTIMER-LF                ",NULL,NULL
"8978  ","SYP.ASCOCARE 60ML             ",EAR-031,2025-10-30 00:00:00.000
"8978  ","SYP.ASCOCARE 60ML             ",EAR-033,2025-12-31 00:00:00.000
"8979  ","SYP.ASCOL                     ",NULL,NULL
"8980  ","SYP.ASCOL                     ",NULL,NULL
"8981  ","SYP.ASCOLIX                   ",L2L167,2024-11-30 00:00:00.000
"8982  ","SYP.ASCONIT LS                ",NULL,NULL
"8983  ","SYP.ASCOTRIX LS DROP          ",NULL,NULL
"8984  ","SYP.ASCOZEN                   ",ZAZ014,2024-08-30 00:00:00.000
"8985  ","SYP.ASGEL (E)                 ",NULL,NULL
"8986  ","SYP.ASGEL (O)                 ",NULL,NULL
"8987  ","SYP.ASHCLAV DRY               ",NULL,NULL
"8988  ","SYP.ASMAWEL                   ",NULL,NULL
"8989  ","SYP.ASTHACARE AG              ",NULL,NULL
"8990  ","SYP.ASTHACOL L                ",NULL,NULL
"8991  ","SYP.ASTHAWIN-L                ",ASLS-2009,2025-07-30 00:00:00.000
"8992  ","SYP.ASTHAZIN AG               ",NULL,NULL
"8993  ","SYP.ASTHMA CURE               ",NULL,NULL
"8994  ","SYP.ASTROZYME                 ",NULL,NULL
"8995  ","SYP.ASWACITRON                ",NULL,NULL
"8996  ","SYP.ATACARE DROPS             ",ATD-010,2024-10-30 00:00:00.000
"8997  ","SYP.ATAGEN DROP               ",NULL,NULL
"8998  ","SYP.ATANEC DROPS              ",NULL,NULL
"8999  ","SYP.ATHARESH AF               ",MD058,2026-02-28 00:00:00.000
"9000  ","SYP.AUGMED                    ",GBR0360,2024-04-30 00:00:00.000
"9001  ","SYP.AUGMED DDS                ",GBR0544,2025-05-31 00:00:00.000
"9002  ","SYP.AUGULAB DS                ",NULL,NULL
"9003  ","SYP.AUGYFAST DUO              ",NULL,NULL
"9004  ","SYP.AVIT-Z DROPS              ",NULL,NULL
"9005  ","SYP.AXICOLD P DROPS           ",NULL,NULL
"9006  ","SYP.AYURCOLD DRY POWDER       ",NULL,NULL
"9007  ","SYP.AZAX 100MG                ",NULL,NULL
"9008  ","SYP.AZAX 200                  ",NULL,NULL
"9009  ","SYP.AZIBOLD 100               ",NULL,NULL
"9010  ","SYP.AZIBOLD 200               ",NULL,NULL
"9011  ","SYP.AZID KID-100              ",NULL,NULL
"9012  ","SYP.AZID KID-200              ",NULL,NULL
"9013  ","SYP.AZIDUS                    ",NULL,NULL
"9014  ","SYP.AZIFLEX                   ",NULL,NULL
"9015  ","SYP.AZIFORD-200 DRY           ",NULL,NULL
"9016  ","SYP.AZIGAL DROP(AZITHO)IP.    ",NULL,NULL
"9017  ","SYP.AZIGEN 200MG              ",NULL,NULL
"9018  ","SYP.AZIGEN-100                ",NULL,NULL
"9019  ","SYP.AZIKAA READYMIX           ",NULL,NULL
"9020  ","SYP.AZIKEM 100MG              ",NULL,NULL
"9021  ","SYP.AZIKEM 200                ",NULL,NULL
"9022  ","SYP.AZIKEM 200MG              ",NULL,NULL
"9023  ","SYP.AZILAB 100MG              ",NULL,NULL
"9024  ","SYP.AZILAB 200MG              ",NULL,NULL
"9025  ","SYP.AZINETRA.200MG            ",NULL,NULL
"9026  ","SYP.AZINTAS 200MG             ",NULL,NULL
"9027  ","SYP.AZIPEN (AZITHRO)          ",NULL,NULL
"9028  ","SYP.AZIPHAR                   ",NULL,NULL
"9029  ","SYP.AZIPHAR-200               ",NULL,NULL
"9030  ","SYP.AZIROX 100MG              ",3YDL036,2025-03-31 00:00:00.000
"9031  ","SYP.AZIROX 200                ",NULL,NULL
"9032  ","SYP.AZIROX-200                ",NULL,NULL
"9033  ","SYP.AZITFORD-200 (W.F.I)      ",NULL,NULL
"9034  ","SYP.AZITHORMAX 200MG          ",SLAZ2-004,2025-12-31 00:00:00.000
"9035  ","SYP.AZITHRO 100               ",NULL,NULL
"9036  ","SYP.AZITHRO 200               ",NULL,NULL
"9037  ","SYP.AZITHROBACT-200           ",NULL,NULL
"9038  ","SYP.AZITHROMAX 100MG          ",SLAZ1-003,2025-09-30 00:00:00.000
"9038  ","SYP.AZITHROMAX 100MG          ",SLAZ1-004,2025-12-31 00:00:00.000
"9038  ","SYP.AZITHROMAX 100MG          ",SLAZ2-004,2025-12-31 00:00:00.000
"9039  ","SYP.AZIZEN DROP               ",NULL,NULL
"9040  ","SYP.AZOPIL-200                ",NULL,NULL
"9041  ","SYP.B-COMPLEX                 ",NULL,NULL
"9042  ","SYP.B-VIT DROPS               ",NULL,NULL
"9043  ","SYP.B.COMPLEX-S               ",NULL,NULL
"9044  ","SYP.BANZITH-100 DRY           ",NULL,NULL
"9045  ","SYP.BANZITH-200               ",SVD-230008,2025-04-30 00:00:00.000
"9046  ","SYP.BAYDRYL                   ",S-2210085,2024-09-30 00:00:00.000
"9047  ","SYP.BECTODINE                 ",NULL,NULL
"9048  ","SYP.BEECOFIX                  ",NULL,NULL
"9049  ","SYP.BEECOFIX PLUS DROP        ",NULL,NULL
"9050  ","SYP.BEECOFIX PLUS DROP *      ",NULL,NULL
"9051  ","SYP.BEND(ALBENADAZOLE)        ",NULL,NULL
"9052  ","SYP.BEPLACIN PLUS             ",ML-24151,2025-11-30 00:00:00.000
"9053  ","SYP.BIDRYL 100ML              ",NULL,NULL
"9054  ","SYP.BIOCET                    ",NULL,NULL
"9055  ","SYP.BIOCOF T                  ",NULL,NULL
"9056  ","SYP.BIOCOF-T (60ML)           ",NULL,NULL
"9057  ","SYP.BIOCOFF-AM                ",NULL,NULL
"9058  ","SYP.BKON PLUS-ZN              ",NULL,NULL
"9059  ","SYP.BKONPLUS-ZN               ",NULL,NULL
"9060  ","SYP.BODY GROW                 ",NULL,NULL
"9061  ","SYP.BOSS-Q                    ",NULL,NULL
"9062  ","SYP.BRALSPAS KID              ",2217063L02,2024-10-30 00:00:00.000
"9062  ","SYP.BRALSPAS KID              ",2317063L00,2025-10-30 00:00:00.000
"9062  ","SYP.BRALSPAS KID              ",2317063L02,2025-10-30 00:00:00.000
"9063  ","SYP.BREAKUF BLUE              ",NULL,NULL
"9064  ","SYP.BREAKUF RED               ",NULL,NULL
"9065  ","SYP.BRO-MYCODEX               ",NULL,NULL
"9066  ","SYP.BRODEX-D                  ",NULL,NULL
"9067  ","SYP.BRODEX-D                  ",NULL,NULL
"9068  ","SYP.BRODEX-T                  ",NULL,NULL
"9069  ","SYP.BROMCHOUGH                ",NULL,NULL
"9070  ","SYP.BROMCOUH                  ",NULL,NULL
"9071  ","SYP.BROMOL                    ",NULL,NULL
"9072  ","SYP.BROMOL                    ",NULL,NULL
"9073  ","SYP.BROMOL                    ",NULL,NULL
"9074  ","SYP.BRONCHOHIST               ",NULL,NULL
"9075  ","SYP.BRONCHOHIST               ",NULL,NULL
"9076  ","SYP.BROSIN 50ML               ",NULL,NULL
"9077  ","SYP.BROWISAL                  ",NULL,NULL
"9078  ","SYP.BROWISAL(BROMH+SALBU)     ",NULL,NULL
"9079  ","SYP.BRUCE                     ",NULL,NULL
"9080  ","SYP.BRUGIN                    ",NULL,NULL
"9081  ","SYP.BRUGIN                    ",NULL,NULL
"9082  ","SYP.BRUGIN                    ",NULL,NULL
"9083  ","SYP.BRUPAR                    ",NULL,NULL
"9084  ","SYP.BUDHI VIKASH              ",NULL,NULL
"9085  ","SYP.C-FIT                     ",NULL,NULL
"9086  ","SYP.C-FIT P US                ",NULL,NULL
"9087  ","SYP.C-ZEN PLUS                ",ZCS027,2024-07-30 00:00:00.000
"9088  ","SYP.C-ZEN PLUS DS             ",PNC053,2024-12-31 00:00:00.000
"9088  ","SYP.C-ZEN PLUS DS             ",PNC054,2025-02-28 00:00:00.000
"9089  ","SYP.C-ZIN(CETRIZINE)          ",NULL,NULL
"9090  ","SYP.C2G (MULTIVITAMINS DROP)  ",NULL,NULL
"9091  ","SYP.CADEX                     ",NULL,NULL
"9092  ","SYP.CADEX 50ML                ",NULL,NULL
"9093  ","SYP.CADEX DX                  ",NULL,NULL
"9094  ","SYP.CADI OR                   ",NULL,NULL
"9095  ","SYP.CADI-O (60ML)             ",NULL,NULL
"9096  ","SYP.CADI-O (OFLOX)            ",NULL,NULL
"9097  ","SYP.CADI-OR                   ",NULL,NULL
"9098  ","SYP.CADICITRON                ",NULL,NULL
"9099  ","SYP.CADITHRO(ROXI)            ",NULL,NULL
"9100  ","SYP.CADIXIM OF                ",NULL,NULL
"9101  ","SYP.CADIXIM ORAL              ",NULL,NULL
"9102  ","SYP.CADPRO                    ",NULL,NULL
"9103  ","SYP.CALBERT D3 SHOTS          ",NULL,NULL
"9104  ","SYP.CALBRO-D3                 ",NULL,NULL
"9105  ","SYP.CALCIBON                  ",NULL,NULL
"9106  ","SYP.CALCIBONE                 ",NULL,NULL
"9107  ","SYP.CALCICAL-D3               ",NULL,NULL
"9108  ","SYP.CALCIKOP                  ",NULL,NULL
"9109  ","SYP.CALCINA D3 DROPS          ",ZL490,2025-11-30 00:00:00.000
"9110  ","SYP.CALCIUM FULRICH           ",NULL,NULL
"9111  ","SYP.CALCLIDE                  ",NULL,NULL
"9112  ","SYP.CALCLIDE D3 DROP          ",NULL,NULL
"9113  ","SYP.CALCOL                    ",NULL,NULL
"9114  ","SYP.CALDAL                    ",NULL,NULL
"9115  ","SYP.CALDAL                    ",NULL,NULL
"9116  ","SYP.CALDICARE-D3              ",NULL,NULL
"9117  ","SYP.CALIFUL B12               ",NULL,NULL
"9118  ","SYP.CANTEL                    ",NULL,NULL
"9119  ","SYP.CANTEL                    ",NULL,NULL
"9120  ","SYP.CAPCOLD-L                 ",NULL,NULL
"9121  ","SYP.CARE D3                   ",NULL,NULL
"9122  ","SYP.CAREDEX                   ",NULL,NULL
"9123  ","SYP.CARMINATIVE MIXTURE       ",NULL,NULL
"9124  ","SYP.CARMNIATIVE               ",NULL,NULL
"9125  ","SYP.CCZ PLUS                  ",NULL,NULL
"9126  ","SYP.CCZ PLUS DS               ",NULL,NULL
"9127  ","SYP.CEDOX-CV                  ",NULL,NULL
"9128  ","SYP.CEEBRU PLUS               ",NULL,NULL
"9129  ","SYP.CEEFIX                    ",NULL,NULL
"9130  ","SYP.CEFAXIME-O                ",NULL,NULL
"9131  ","SYP.CEFDOT 50 WFS             ",NULL,NULL
"9132  ","SYP.CEFDRYL D/S 100MG         ",NULL,NULL
"9133  ","SYP.CEFDRYL-D/S 50            ",NULL,NULL
"9134  ","SYP.CEFICO                    ",NULL,NULL
"9135  ","SYP.CEFIGLEN DRY              ",NULL,NULL
"9136  ","SYP.CEFIMAK DRY               ",NULL,NULL
"9137  ","SYP.CEFIMAK DRY               ",NULL,NULL
"9138  ","SYP.CEFIMOON-50               ",CF3001,2024-06-30 00:00:00.000
"9139  ","SYP.CEFINEX DRY               ",NULL,NULL
"9140  ","SYP.CEFINTAS DRY              ",NULL,NULL
"9141  ","SYP.CEFIPAAM-50               ",NULL,NULL
"9142  ","SYP.CEFIQUIK-100DS            ",NULL,NULL
"9143  ","SYP.CEFIX DS                  ",NULL,NULL
"9144  ","SYP.CEFIXIM ORAL              ",NULL,NULL
"9145  ","SYP.CEFMITAS                  ",NULL,NULL
"9146  ","SYP.CEFOLIFE                  ",NULL,NULL
"9147  ","SYP.CEFPODAX 50MG DRY         ",NULL,NULL
"9148  ","SYP.CEFPOMAK 50 D/S WFS       ",D-230910,2025-08-30 00:00:00.000
"9149  ","SYP.CEFPOSIGN 50MG ORAL       ",CD0423043,2025-11-30 00:00:00.000
"9149  ","SYP.CEFPOSIGN 50MG ORAL       ",CDO423043,2025-05-30 00:00:00.000
"9150  ","SYP.CEFPOSIGN CV              ",NULL,NULL
"9151  ","SYP.CEFPOTECH DR              ",NULL,NULL
"9152  ","SYP.CEFRENCH FORT DRY         ",D230429,2025-03-31 00:00:00.000
"9153  ","SYP.CEFTAS 50 DS              ",NULL,NULL
"9154  ","SYP.CEFX O PLUS (WITH WATER)  ",NULL,NULL
"9155  ","SYP.CEFXI DRY                 ",D-221221,2024-11-30 00:00:00.000
"9155  ","SYP.CEFXI DRY                 ",D-230427,2025-11-30 00:00:00.000
"9156  ","SYP.CEFYCO-PX                 ",NULL,NULL
"9157  ","SYP.CEFYM-O DRY               ",NULL,NULL
"9158  ","SYP.CEFYXIM-100               ",CD0223029,2025-09-30 00:00:00.000
"9158  ","SYP.CEFYXIM-100               ",CDO123004,2025-09-30 00:00:00.000
"9159  ","SYP.CEFYXIM-50                ",CD0123004,2025-09-30 00:00:00.000
"9159  ","SYP.CEFYXIM-50                ",CD123006,2025-11-30 00:00:00.000
"9160  ","SYP.CEITICOLD PLUS            ",NULL,NULL
"9161  ","SYP.CENET PLUS                ",ECT-034,2024-10-30 00:00:00.000
"9161  ","SYP.CENET PLUS                ",MLD114,2025-02-28 00:00:00.000
"9162  ","SYP.CENET PLUS DS             ",ECD-022,2024-11-30 00:00:00.000
"9163  ","SYP.CENTROZINE                ",3L01013,2025-03-31 00:00:00.000
"9163  ","SYP.CENTROZINE                ",3LO1013,2025-03-31 00:00:00.000
"9164  ","SYP.CERIZ                     ",NULL,NULL
"9165  ","SYP.CET-AM                    ",NULL,NULL
"9166  ","SYP.CETAZET PLUS              ",NULL,NULL
"9167  ","SYP.CETCOR COLD               ",NULL,NULL
"9168  ","SYP.CETCOR COLD DROPS         ",NULL,NULL
"9169  ","SYP.CETCOR L                  ",NULL,NULL
"9170  ","SYP.CETHINOZ-LM               ",NULL,NULL
"9171  ","SYP.CETICLIDE                 ",NULL,NULL
"9172  ","SYP.CETIZ                     ",NULL,NULL
"9173  ","SYP.CETIZ-COLD DROPS          ",NULL,NULL
"9174  ","SYP.CETIZ-COLD FORTE          ",PCCF2301,2025-09-30 00:00:00.000
"9175  ","SYP.CETMOON LC                ",AXL-007,2025-01-31 00:00:00.000
"9176  ","SYP.CETNAZ COLD               ",ML-5307,2025-06-30 00:00:00.000
"9177  ","SYP.CETNET                    ",M22247,2024-11-30 00:00:00.000
"9178  ","SYP.CETRAZ                    ",NULL,NULL
"9179  ","SYP.CETRI-10                  ",NULL,NULL
"9180  ","SYP.CETRILIX                  ",L3H118,2025-07-30 00:00:00.000
"9181  ","SYP.CETRIVIK-5                ",NULL,NULL
"9182  ","SYP.CETRIVIK-5                ",NULL,NULL
"9183  ","SYP.CETRIZIL                  ",NULL,NULL
"9184  ","SYP.CETRIZINE                 ",NULL,NULL
"9185  ","SYP.CETZIN                    ",NULL,NULL
"9186  ","SYP.CHASKADRL                 ",NULL,NULL
"9187  ","SYP.CHERIDRYL JU.             ",NULL,NULL
"9188  ","SYP.CHERRYLAB                 ",NULL,NULL
"9189  ","SYP.CHILY KOLD                ",NULL,NULL
"9190  ","SYP.CHLORAMPHENICOL           ",NULL,NULL
"9191  ","SYP.CHLOROMPHENICOL           ",NULL,NULL
"9192  ","SYP.CHLOROQUIN(MELE)          ",NULL,NULL
"9193  ","SYP.CHUPKI                    ",NULL,NULL
"9194  ","SYP.CIFTOX-100 DS             ",NULL,NULL
"9195  ","SYP.CIROCITROL                ",3P02033A,2025-10-30 00:00:00.000
"9196  ","SYP.CIROCITROL 1000ML         ",3P02033A,2025-10-30 00:00:00.000
"9197  ","SYP.CIROCITROL 4500ML         ",NULL,NULL
"9198  ","SYP.CIROGYL -200MG            ",NULL,NULL
"9199  ","SYP.CIROGYL-100               ",NULL,NULL
"9200  ","SYP.CIROGYL-100               ",NULL,NULL
"9201  ","SYP.CIROGYL-100               ",NULL,NULL
"9202  ","SYP.CITRA-C                   ",NULL,NULL
"9203  ","SYP.CITRAL                    ",NULL,NULL
"9204  ","SYP.CITRAL 100ML              ",NULL,NULL
"9205  ","SYP.CITRAMIC                  ",NULL,NULL
"9206  ","SYP.CITRAMOL                  ",NULL,NULL
"9207  ","SYP.CITRASOL PLUS             ",30706,2025-03-31 00:00:00.000
"9208  ","SYP.CITRONOL                  ",NULL,NULL
"9209  ","SYP.CITRONOL                  ",NULL,NULL
"9210  ","SYP.CITROWIL                  ",NULL,NULL
"9211  ","SYP.CITROWIL                  ",NULL,NULL
"9212  ","SYP.CITROWIL                  ",NULL,NULL
"9213  ","SYP.CITVIN 60ML               ",NULL,NULL
"9214  ","SYP.CITVIN-P                  ",NULL,NULL
"9215  ","SYP.CITVIN-P DS               ",NULL,NULL
"9216  ","SYP.CLAVMENTIN DUO            ",NULL,NULL
"9217  ","SYP.CLAVOXYL DUO              ",NULL,NULL
"9218  ","SYP.CLAVUNOM DDS              ",DB230170,2025-05-31 00:00:00.000
"9219  ","SYP.CLAVUNOM DRY              ",AD23318F,2025-05-31 00:00:00.000
"9220  ","SYP.CLEARTUSS D               ",NULL,NULL
"9221  ","SYP.CLEARTUSS LS              ",NULL,NULL
"9222  ","SYP.CLEARTUSS T               ",NULL,NULL
"9223  ","SYP.CLEARTUSS T               ",NULL,NULL
"9224  ","SYP.CLEARTUSS-D               ",NULL,NULL
"9225  ","SYP.CLIDE PANCH TULSI RAS     ",NULL,NULL
"9226  ","SYP.CLIZOLE PLUS              ",NULL,NULL
"9227  ","SYP.CLIZYME (ELAICHI)         ",NULL,NULL
"9228  ","SYP.CLOJEET                   ",NULL,NULL
"9229  ","SYP.CLOMET                    ",NULL,NULL
"9230  ","SYP.CLOMET                    ",NULL,NULL
"9231  ","SYP.CLOSPAS                   ",NULL,NULL
"9232  ","SYP.CNEEZA COLD               ",NULL,NULL
"9233  ","SYP.CO-COF                    ",NULL,NULL
"9234  ","SYP.CO-COF                    ",2271,2025-07-30 00:00:00.000
"9234  ","SYP.CO-COF                    ",KCR22019,2024-10-30 00:00:00.000
"9235  ","SYP.CO-COLDD                  ",NULL,NULL
"9236  ","SYP.CO-TRIMOXAZOLE            ",NULL,NULL
"9237  ","SYP.CO-TRIMOXAZOLE            ",NULL,NULL
"9238  ","SYP.CO-TRIMOXAZOLE            ",NULL,NULL
"9239  ","SYP.CO-TRIMOXAZOLE            ",NULL,NULL
"9240  ","SYP.CO-TRIMOXAZOLE ORAL       ",NULL,NULL
"9241  ","SYP.CO-TRIMOXXAZOLE.          ",NULL,NULL
"9242  ","SYP.COCEF D/S                 ",NULL,NULL
"9243  ","SYP.COCEF DROP                ",NULL,NULL
"9244  ","SYP.COCEF-DS                  ",D230360D,2025-07-30 00:00:00.000
"9245  ","SYP.COCEF-OZ                  ",NULL,NULL
"9246  ","SYP.CODEX                     ",NULL,NULL
"9247  ","SYP.CODICURE DX               ",AXL-006,2024-12-31 00:00:00.000
"9248  ","SYP.CODOREX-DX                ",NULL,NULL
"9249  ","SYP.COFCOL PLUS 60ML          ",NULL,NULL
"9250  ","SYP.COFCONTROL                ",NULL,NULL
"9251  ","SYP.COFCONTROL DX             ",AQL30010,2025-07-30 00:00:00.000
"9252  ","SYP.COFFWIN 100ML             ",NULL,NULL
"9253  ","SYP.COFFWIN 100ML             ",NULL,NULL
"9254  ","SYP.COFFWIN 100ML             ",NULL,NULL
"9255  ","SYP.COFFWIN AMB               ",CHS-3029,2025-01-31 00:00:00.000
"9255  ","SYP.COFFWIN AMB               ",CHS-3220,2025-11-30 00:00:00.000
"9256  ","SYP.COFFWIN DXP               ",L20654A,2024-11-30 00:00:00.000
"9256  ","SYP.COFFWIN DXP               ",L30515A,2025-07-30 00:00:00.000
"9256  ","SYP.COFFWIN DXP               ",LI2049A,2024-08-30 00:00:00.000
"9257  ","SYP.COFFWIN EX                ",NULL,NULL
"9258  ","SYP.COFFWIN-AMB               ",NULL,NULL
"9259  ","SYP.COFFWIN-AMB               ",NULL,NULL
"9260  ","SYP.COFFWIN-AMB               ",CHS-3220,2025-11-30 00:00:00.000
"9261  ","SYP.COFFWIN-DX                ",NULL,NULL
"9262  ","SYP.COFFWIN-DXP               ",NULL,NULL
"9263  ","SYP.COFFWIN-DXP               ",NULL,NULL
"9264  ","SYP.COFFWIN-EX                ",NULL,NULL
"9265  ","SYP.COFFWIN-EX 100ML          ",NULL,NULL
"9266  ","SYP.COFFWIN-EX 100ML          ",NULL,NULL
"9267  ","SYP.COFFWIN-GR                ",NULL,NULL
"9268  ","SYP.COFLAM                    ",1314,2026-03-31 00:00:00.000
"9269  ","SYP.COFNILL-TG                ",NULL,NULL
"9270  ","SYP.COLACTIN                  ",CL021,2025-07-30 00:00:00.000
"9270  ","SYP.COLACTIN                  ",CLO-022,2025-10-30 00:00:00.000
"9270  ","SYP.COLACTIN                  ",CLO022,2025-01-30 00:00:00.000
"9270  ","SYP.COLACTIN                  ",CLS-077(S),2024-10-30 00:00:00.000
"9270  ","SYP.COLACTIN                  ",CLS-119,2026-01-31 00:00:00.000
"9270  ","SYP.COLACTIN                  ",CLS108,2025-10-30 00:00:00.000
"9270  ","SYP.COLACTIN                  ",CMZ-011(M),2024-05-31 00:00:00.000
"9270  ","SYP.COLACTIN                  ",CMZ011,2024-05-30 00:00:00.000
"9270  ","SYP.COLACTIN                  ",CMZ015,2026-03-31 00:00:00.000
"9270  ","SYP.COLACTIN                  ",CMZ2013,2025-03-31 00:00:00.000
"9271  ","SYP.COLACTIN PLUS             ",CPS033,2025-10-30 00:00:00.000
"9271  ","SYP.COLACTIN PLUS             ",CPS036,2026-03-31 00:00:00.000
"9272  ","SYP.COLBEN                    ",NULL,NULL
"9273  ","SYP.COLCID                    ",NULL,NULL
"9274  ","SYP.COLCOF DM 50ML            ",NULL,NULL
"9275  ","SYP.COLCOF-DM                 ",NULL,NULL
"9276  ","SYP.COLD GARD                 ",NULL,NULL
"9277  ","SYP.COLD+CLEAR                ",NULL,NULL
"9278  ","SYP.COLDDY                    ",NULL,NULL
"9279  ","SYP.COLDDY DROPS              ",NULL,NULL
"9280  ","SYP.COLDDY STRONG             ",NULL,NULL
"9281  ","SYP.COLDNECT DROP             ",NULL,NULL
"9282  ","SYP.COLDOVA DS                ",L30102A,2025-01-31 00:00:00.000
"9282  ","SYP.COLDOVA DS                ",L30486A,2025-07-30 00:00:00.000
"9283  ","SYP.COLDRYL                   ",NULL,NULL
"9284  ","SYP.COLDRYL                   ",NULL,NULL
"9285  ","SYP.COLDWELL                  ",NULL,NULL
"9286  ","SYP.COLDWOK 250               ",NULL,NULL
"9287  ","SYP.COLDWOK PLUS              ",NULL,NULL
"9288  ","SYP.COLDY                     ",NULL,NULL
"9289  ","SYP.COLDY PLUS                ",NULL,NULL
"9290  ","SYP.COLDYCO PLUS              ",NULL,NULL
"9291  ","SYP.COLECET                   ",NULL,NULL
"9292  ","SYP.COLES-L                   ",NULL,NULL
"9293  ","SYP.COLFER                    ",NULL,NULL
"9294  ","SYP.COLGADINE(PET)            ",NULL,NULL
"9295  ","SYP.COLICAINE                 ",NULL,NULL
"9296  ","SYP.COLIV-DS                  ",NULL,NULL
"9297  ","SYP.COLLINCOFF-LS DROP        ",MDS-23E12,2025-04-30 00:00:00.000
"9297  ","SYP.COLLINCOFF-LS DROP        ",MDS-24A15,2025-12-31 00:00:00.000
"9298  ","SYP.COLMOL                    ",CMO004,2025-04-30 00:00:00.000
"9299  ","SYP.COLMOL-DS 60ML.           ",NULL,NULL
"9300  ","SYP.COLMOX DRY                ",NULL,NULL
"9301  ","SYP.COLRICH                   ",NULL,NULL
"9302  ","SYP.COLSPAS DROPS             ",NULL,NULL
"9303  ","SYP.COLTUS-Q                  ",NULL,NULL
"9304  ","SYP.COLZYME PLUS              ",NULL,NULL
"9305  ","SYP.COMBICOL                  ",NULL,NULL
"9306  ","SYP.COMBINAM                  ",NULL,NULL
"9307  ","SYP.COMBIPAAR                 ",BRC062,2025-11-30 00:00:00.000
"9308  ","SYP.COMBIPAIN (IBU+PARA)      ",NULL,NULL
"9309  ","SYP.COMBIVIS                  ",NULL,NULL
"9310  ","SYP.COMBYPEN                  ",NULL,NULL
"9311  ","SYP.CONPAR PLUS               ",NULL,NULL
"9312  ","SYP.CONPAR-DS                 ",NULL,NULL
"9313  ","SYP.CONPOD 50MG WFL           ",NULL,NULL
"9314  ","SYP.CONPOD-100                ",NULL,NULL
"9315  ","SYP.CONSPAS                   ",Z495,2026-03-31 00:00:00.000
"9316  ","SYP.CONSPAS DROP              ",NULL,NULL
"9317  ","SYP.CONSTIWELL                ",NULL,NULL
"9318  ","SYP.COPLEX-12                 ",NULL,NULL
"9319  ","SYP.COPODEX                   ",NULL,NULL
"9320  ","SYP.COPODEX 100 DS            ",NULL,NULL
"9321  ","SYP.COPODEX CV                ",D240136A,2025-09-30 00:00:00.000
"9322  ","SYP.COR Q                     ",NULL,NULL
"9323  ","SYP.COR Q                     ",NULL,NULL
"9324  ","SYP.CORCID-MPS(SAUF)          ",NULL,NULL
"9325  ","SYP.CORCIL-MPS                ",NULL,NULL
"9326  ","SYP.CORFFIN PLUS              ",NULL,NULL
"9327  ","SYP.CORMOX DS                 ",NULL,NULL
"9328  ","SYP.CORSPAS PLUS              ",NULL,NULL
"9329  ","SYP.CORZI-100(AZITHRO)        ",S-231019,2025-09-30 00:00:00.000
"9330  ","SYP.CORZI-200(AZITHRO)        ",S-231020,2025-09-30 00:00:00.000
"9331  ","SYP.COTRIMOXAZLE MIX I.P      ",NULL,NULL
"9332  ","SYP.COTRIMOXAZOLE             ",NULL,NULL
"9333  ","SYP.COTRIMOXAZOLE             ",23212,2025-07-30 00:00:00.000
"9334  ","SYP.COTRIMOXAZOLE ORAL        ",NULL,NULL
"9335  ","SYP.COTRIMOXAZOLE ORAL        ",NULL,NULL
"9336  ","SYP.COUGH COLD RELIFE         ",NULL,NULL
"9337  ","SYP.COUGHTEK AG               ",MSL231036,2025-08-30 00:00:00.000
"9338  ","SYP.CREAMACARE                ",NULL,NULL
"9339  ","SYP.CREAMACARE PLUS           ",NULL,NULL
"9340  ","SYP.CREMABLESS PLUS           ",LWN-24022,2025-12-31 00:00:00.000
"9340  ","SYP.CREMABLESS PLUS           ",LWN23376,2025-04-30 00:00:00.000
"9341  ","SYP.CREMAFIT LAXATIVE         ",NULL,NULL
"9342  ","SYP.CREMAFIT PLUS             ",NULL,NULL
"9343  ","SYP.CREMAMOON PLUS            ",NULL,NULL
"9344  ","SYP.CREMASTAR PLUS LAXATIVE   ",NULL,NULL
"9345  ","SYP.CREMAZEN                  ",L3B093,2025-01-31 00:00:00.000
"9345  ","SYP.CREMAZEN                  ",MDS-23L04,2025-11-30 00:00:00.000
"9346  ","SYP.CREMAZEN PLUS             ",MDS-23L15,2025-11-30 00:00:00.000
"9347  ","SYP.CREMOPEN LAXATIVE         ",NULL,NULL
"9348  ","SYP.CRIMAWOK                  ",NULL,NULL
"9349  ","SYP.CROSSFLAM                 ",NULL,NULL
"9350  ","SYP.CULE-DS                   ",NULL,NULL
"9351  ","SYP.CURAGYL-100               ",NULL,NULL
"9352  ","SYP.CURASIL MPS               ",NULL,NULL
"9353  ","SYP.CYCLOMAX PLUS             ",NULL,NULL
"9354  ","SYP.CYCLOSPAS                 ",NULL,NULL
"9355  ","SYP.CYFYXIM 100MG             ",NULL,NULL
"9356  ","SYP.CYP-APP                   ",NULL,NULL
"9357  ","SYP.CYPNECTIN-T               ",BNS-23101,2025-08-30 00:00:00.000
"9357  ","SYP.CYPNECTIN-T               ",BNS-23I01,2025-08-30 00:00:00.000
"9358  ","SYP.CYPOMAK                   ",NULL,NULL
"9359  ","SYP.CYPOMAK                   ",NULL,NULL
"9360  ","SYP.CYPOMAK 200ML             ",NULL,NULL
"9361  ","SYP.CYPOMAK DROP              ",NULL,NULL
"9362  ","SYP.CYPOTIN PLUS              ",NULL,NULL
"9363  ","SYP.CYPRO L                   ",NULL,NULL
"9364  ","SYP.CYPRO L FORTE             ",NULL,NULL
"9365  ","SYP.CYPRO-L FORTE 220ML       ",RL-231223,2025-08-30 00:00:00.000
"9365  ","SYP.CYPRO-L FORTE 220ML       ",RL-23761,2025-04-30 00:00:00.000
"9366  ","SYP.CYPROJEET 200ML           ",NULL,NULL
"9367  ","SYP.CYPROMOON                 ",AXO-008,2025-02-28 00:00:00.000
"9368  ","SYP.CYPROMOON-FORTE           ",AXO-009,2025-02-28 00:00:00.000
"9369  ","SYP.CYWIN                     ",24079,2026-02-28 00:00:00.000
"9370  ","SYP.CYWIN                     ",NULL,NULL
"9371  ","SYP.D3 STONGE DROP            ",NULL,NULL
"9372  ","SYP.DAMENTIN DDS              ",NULL,NULL
"9373  ","SYP.DAVERCOF BR               ",NULL,NULL
"9374  ","SYP.DAVOCID MPS               ",NULL,NULL
"9375  ","SYP.DECOFF DMR COUGH          ",NULL,NULL
"9376  ","SYP.DENGUE CARE               ",NULL,NULL
"9377  ","SYP.DIGEL                     ",NULL,NULL
"9378  ","SYP.DIGESTIN P DROPS          ",NULL,NULL
"9379  ","SYP.DIGICID GEL               ",NULL,NULL
"9380  ","SYP.DIGICOOL                  ",NULL,NULL
"9381  ","SYP.DIGIZYME                  ",NULL,NULL
"9382  ","SYP.DL-FLAM                   ",NULL,NULL
"9383  ","SYP.DOLOCARE-DS               ",DCD-017,2024-07-30 00:00:00.000
"9383  ","SYP.DOLOCARE-DS               ",DCD-019,2024-08-30 00:00:00.000
"9384  ","SYP.DOLOCOL                   ",NULL,NULL
"9385  ","SYP.DOLOCOLD DS               ",MO30132,2024-09-30 00:00:00.000
"9386  ","SYP.DOLOCOLD SUPS             ",NULL,NULL
"9387  ","SYP.DOLOMOL 125MG             ",ML23053,2025-06-30 00:00:00.000
"9388  ","SYP.DOLOMOL-250               ",NULL,NULL
"9389  ","SYP.DOLOPYRIN 125MG           ",NULL,NULL
"9390  ","SYP.DOLOQUIK-125              ",NULL,NULL
"9391  ","SYP.DOLOQUIK-250              ",ML22169,2024-11-30 00:00:00.000
"9392  ","SYP.DOLOROFF-DS               ",NULL,NULL
"9393  ","SYP.DOM-ONE                   ",NULL,NULL
"9394  ","SYP.DOM-ONE                   ",NULL,NULL
"9395  ","SYP.DOM-ONE                   ",NULL,NULL
"9396  ","SYP.DOMID                     ",NULL,NULL
"9397  ","SYP.DOO-CLAV                  ",NULL,NULL
"9398  ","SYP.DOXETIN-50 DRY            ",NULL,NULL
"9399  ","SYP.DR MONTELOOK LC           ",LDP-23804,2025-10-30 00:00:00.000
"9400  ","SYP.DRICOFF                   ",NULL,NULL
"9401  ","SYP.DROX(CEFADROXIL)          ",NULL,NULL
"9402  ","SYP.DRYODEX SF                ",NULL,NULL
"9403  ","SYP.DRYODEX T                 ",S237115,2025-06-30 00:00:00.000
"9404  ","SYP.DUASAFE FORTE             ",NULL,NULL
"9405  ","SYP.DUASAFE FORTE DS          ",NULL,NULL
"9406  ","SYP.DUBAMOL-DS                ",NULL,NULL
"9407  ","SYP.DUCAL                     ",NULL,NULL
"9408  ","SYP.DUCET 30ML                ",NULL,NULL
"9409  ","SYP.DUCET 60ML                ",NULL,NULL
"9410  ","SYP.DUCOF                     ",NULL,NULL
"9411  ","SYP.DUCOF-DX                  ",NULL,NULL
"9412  ","SYP.DUCOF-LS                  ",NULL,NULL
"9413  ","SYP.DULAC                     ",NULL,NULL
"9414  ","SYP.DUOMENTINE DDS            ",NULL,NULL
"9415  ","SYP.DURAMOL                   ",NULL,NULL
"9416  ","SYP.DURAMOL                   ",NULL,NULL
"9417  ","SYP.DURAMOL                   ",NULL,NULL
"9418  ","SYP.DURAMOL 60ML              ",NULL,NULL
"9419  ","SYP.DURAMOL-DS                ",NULL,NULL
"9420  ","SYP.DUROXYL                   ",NULL,NULL
"9421  ","SYP.DYGEMAX                   ",NULL,NULL
"9422  ","SYP.EASYLAX                   ",NULL,NULL
"9423  ","SYP.EAZYSPAS                  ",NULL,NULL
"9424  ","SYP.ECOPEPTINE DROPS          ",NULL,NULL
"9425  ","SYP.ELBUGESIC PLUS            ",NULL,NULL
"9426  ","SYP.ELDERVIT DROPS            ",NULL,NULL
"9427  ","SYP.ELIXR`S SUCRASAN O        ",NULL,NULL
"9428  ","SYP.EMANTHAL                  ",NULL,NULL
"9429  ","SYP.EMBULIDE                  ",NULL,NULL
"9430  ","SYP.EMBULIDE(NISE)            ",NULL,NULL
"9431  ","SYP.EMCEF DROP                ",NULL,NULL
"9432  ","SYP.EMVON DROP                ",NULL,NULL
"9433  ","SYP.EMVON PLUS                ",NULL,NULL
"9434  ","SYP.ENGEPLEX                  ",NULL,NULL
"9435  ","SYP.ENROBACT FORTE            ",NULL,NULL
"9436  ","SYP.ENTEROBACT                ",NULL,NULL
"9437  ","SYP.ENTEROGEM                 ",NULL,NULL
"9438  ","SYP.ENZYME DROPS              ",NULL,NULL
"9439  ","SYP.EQUADYL                   ",NULL,NULL
"9440  ","SYP.ERYTHROKEM                ",NULL,NULL
"9441  ","SYP.ESBROM                    ",NULL,NULL
"9442  ","SYP.ESBROM                    ",NULL,NULL
"9443  ","SYP.ESCARMIN 4500ML           ",22364,2024-11-30 00:00:00.000
"9444  ","SYP.ESCARMIN(CARMINATIVE MIX) ",NULL,NULL
"9445  ","SYP.ESCARMINE                 ",NULL,NULL
"9446  ","SYP.ESCITROL                  ",23341,2025-11-30 00:00:00.000
"9447  ","SYP.ESCITROL                  ",24093,2026-03-31 00:00:00.000
"9447  ","SYP.ESCITROL                  ",24143,2026-05-31 00:00:00.000
"9448  ","SYP.ESCOL                     ",NULL,NULL
"9449  ","SYP.ESCOPIN BR                ",NULL,NULL
"9450  ","SYP.ESHIST EXPECTRONAT        ",24024,2025-12-31 00:00:00.000
"9450  ","SYP.ESHIST EXPECTRONAT        ",240886,2026-02-28 00:00:00.000
"9451  ","SYP.ESMOL                     ",NULL,NULL
"9452  ","SYP.ESMOL*                    ",NULL,NULL
"9453  ","SYP.ESPHOREX B                ",NULL,NULL
"9454  ","SYP.EUCAINE GEL               ",EEL-017,2025-06-30 00:00:00.000
"9455  ","SYP.EUCAL D3                  ",ECL-021,2025-06-30 00:00:00.000
"9455  ","SYP.EUCAL D3                  ",ECL-022,2025-02-28 00:00:00.000
"9456  ","SYP.EUCEE (ENERGY DRINK)      ",NULL,NULL
"9457  ","SYP.EUCID                     ",NULL,NULL
"9458  ","SYP.EUCOFF DM                 ",EFD-037,2025-09-30 00:00:00.000
"9458  ","SYP.EUCOFF DM                 ",EFD-038,2025-11-30 00:00:00.000
"9458  ","SYP.EUCOFF DM                 ",EFD-039,2025-12-31 00:00:00.000
"9459  ","SYP.EUCOFF DM                 ",EDF-032,2025-04-30 00:00:00.000
"9459  ","SYP.EUCOFF DM                 ",EDF-034,2025-08-30 00:00:00.000
"9459  ","SYP.EUCOFF DM                 ",EDF-037,2025-12-31 00:00:00.000
"9460  ","SYP.EUCOLD                    ",NULL,NULL
"9461  ","SYP.EUCOLD DROPS              ",NULL,NULL
"9462  ","SYP.EUCOLD DS                 ",SLS277,2025-11-30 00:00:00.000
"9463  ","SYP.EUCOVIT                   ",EVT-037,2025-04-30 00:00:00.000
"9463  ","SYP.EUCOVIT                   ",EVT-039,2025-08-30 00:00:00.000
"9463  ","SYP.EUCOVIT                   ",EVT-040,2025-10-30 00:00:00.000
"9464  ","SYP.EULACTIN                  ",ENO-016,2025-05-31 00:00:00.000
"9464  ","SYP.EULACTIN                  ",ENS-018,2025-10-30 00:00:00.000
"9465  ","SYP.EULACTIN PLUS             ",NEO-013,2025-07-30 00:00:00.000
"9465  ","SYP.EULACTIN PLUS             ",NEO-014,2026-01-31 00:00:00.000
"9465  ","SYP.EULACTIN PLUS             ",NEO013,2025-07-30 00:00:00.000
"9466  ","SYP.EULIV DS                  ",NULL,NULL
"9467  ","SYP.EUPLEX DROPS              ",NULL,NULL
"9468  ","SYP.EUPLEX-L                  ",NULL,NULL
"9469  ","SYP.EUPOD DS                  ",NULL,NULL
"9470  ","SYP.EUPROM                    ",NULL,NULL
"9471  ","SYP.EUPROM                    ",NULL,NULL
"9472  ","SYP.EUPROM(PROMETHAZINE)      ",NULL,NULL
"9473  ","SYP.EUROS DENGUE CARE         ",PBL-386,2024-05-30 00:00:00.000
"9474  ","SYP.EUROSPAS                  ",EPS-022,2025-04-30 00:00:00.000
"9474  ","SYP.EUROSPAS                  ",EPS-025,2026-02-28 00:00:00.000
"9475  ","SYP.EUSAL                     ",NULL,NULL
"9476  ","SYP.EUSBROM(SAL+BROM)         ",NULL,NULL
"9477  ","SYP.EUSOL                     ",NULL,NULL
"9478  ","SYP.EUVENT LS DROPS           ",NULL,NULL
"9479  ","SYP.EUVENT LS JUNIOR          ",ESR-003,2025-03-31 00:00:00.000
"9480  ","SYP.EUVENT LS(W/C)            ",EVS-016,2025-10-30 00:00:00.000
"9481  ","SYP.EUVIL                     ",NULL,NULL
"9482  ","SYP.EUZYME DROP               ",NULL,NULL
"9483  ","SYP.EUZYME PLUS               ",NULL,NULL
"9484  ","SYP.EX-ORANGE                 ",NULL,NULL
"9485  ","SYP.EXCOF-SG                  ",NULL,NULL
"9486  ","SYP.EXPOME-DX                 ",NULL,NULL
"9487  ","SYP.EXYLIN CLV KID DRY        ",MKLD-2302,2024-08-30 00:00:00.000
"9487  ","SYP.EXYLIN CLV KID DRY        ",MKLD-2329,2025-06-30 00:00:00.000
"9488  ","SYP.EXYLIN CLV KID DRY (W)    ",MKLD-2323,2025-05-31 00:00:00.000
"9489  ","SYP.EXYLIN DRY                ",NULL,NULL
"9490  ","SYP.EXYLIN DRY                ",NULL,NULL
"9491  ","SYP.EXYLIN DRY                ",NULL,NULL
"9492  ","SYP.EXYT                      ",NULL,NULL
"9493  ","SYP.FEFO-UP                   ",NULL,NULL
"9494  ","SYP.FEMINTON PLUS             ",NULL,NULL
"9495  ","SYP.FEMTONE                   ",HAC-228,2026-12-31 00:00:00.000
"9496  ","SYP.FERCEE RED                ",NULL,NULL
"9497  ","SYP.FERINA                    ",NULL,NULL
"9498  ","SYP.FERPOD D/S 100MG          ",D563Z004,2025-05-31 00:00:00.000
"9499  ","SYP.FERPOD DRY                ",NULL,NULL
"9500  ","SYP.FERROTROY                 ",NULL,NULL
"9501  ","SYP.FERRY                     ",NULL,NULL
"9502  ","SYP.FERTIMAK                  ",NULL,NULL
"9503  ","SYP.FERTIMAK                  ",NULL,NULL
"9504  ","SYP.FERTIMAK                  ",NULL,NULL
"9505  ","SYP.FERTIRO                   ",NULL,NULL
"9506  ","SYP.FEXIM O 50                ",GAN1992,2024-09-30 00:00:00.000
"9507  ","SYP.FEXOCARE 100ML            ",NULL,NULL
"9508  ","SYP.FIXIME                    ",NULL,NULL
"9509  ","SYP.FIXIME DS                 ",NULL,NULL
"9510  ","SYP.FIXINECT DRY              ",NULL,NULL
"9511  ","SYP.FLEXIB                    ",NULL,NULL
"9512  ","SYP.FLOXIBACT-OZ              ",NULL,NULL
"9513  ","SYP.FLOXID M PLUS             ",NULL,NULL
"9514  ","SYP.FLOXID-M                  ",NULL,NULL
"9515  ","SYP.FLOXYCO(OFLOX)            ",NULL,NULL
"9516  ","SYP.FLUFLY PLUS               ",HK23117,2025-09-30 00:00:00.000
"9516  ","SYP.FLUFLY PLUS               ",HL23115,2025-10-30 00:00:00.000
"9516  ","SYP.FLUFLY PLUS               ",HL23117,2025-10-30 00:00:00.000
"9516  ","SYP.FLUFLY PLUS               ",L20564A,2024-10-30 00:00:00.000
"9516  ","SYP.FLUFLY PLUS               ",L20658A,2024-11-30 00:00:00.000
"9516  ","SYP.FLUFLY PLUS               ",L30009BA,2025-01-31 00:00:00.000
"9516  ","SYP.FLUFLY PLUS               ",L30098A,2025-01-31 00:00:00.000
"9517  ","SYP.FLUKUFF NF                ",NULL,NULL
"9518  ","SYP.FLUNETRA                  ",NULL,NULL
"9519  ","SYP.FLUNIK KOLD               ",ABLOA007,2025-12-31 00:00:00.000
"9519  ","SYP.FLUNIK KOLD               ",ABLQA007,2025-12-30 00:00:00.000
"9520  ","SYP.FLURELIFE DS              ",NULL,NULL
"9521  ","SYP.FLUWOK-P                  ",NULL,NULL
"9522  ","SYP.FLUWOK-PLUS               ",NULL,NULL
"9523  ","SYP.FOLIPAR DROPS             ",NULL,NULL
"9524  ","SYP.FOTAZ O                   ",NULL,NULL
"9525  ","SYP.FOUREX PLUS               ",NULL,NULL
"9526  ","SYP.FOUREX PLUS               ",NULL,NULL
"9527  ","SYP.FRESHCO(MOUTWASH)         ",NULL,NULL
"9528  ","SYP.FRUITON                   ",NULL,NULL
"9529  ","SYP.FULRICH CALCIUM           ",NULL,NULL
"9530  ","SYP.FURACURE-M CCI            ",NULL,NULL
"9531  ","SYP.FURAGYL-M                 ",NULL,NULL
"9532  ","SYP.FURAGYL-M(MET+FURA)*      ",NULL,NULL
"9533  ","SYP.FURAMET                   ",NULL,NULL
"9534  ","SYP.FURAMET                   ",NULL,NULL
"9535  ","SYP.FURAMET                   ",NULL,NULL
"9536  ","SYP.FURAZOLIDONE              ",NULL,NULL
"9537  ","SYP.FURAZOLIDONE              ",NULL,NULL
"9538  ","SYP.FURAZOLIDONE              ",NULL,NULL
"9539  ","SYP.FURAZYL-M(FURA+METRO)     ",NULL,NULL
"9540  ","SYP.GAMA BENZOIN              ",NULL,NULL
"9541  ","SYP.GASOFRESH MPS             ",TBHW0798,2025-06-30 00:00:00.000
"9542  ","SYP.GATOP                     ",NULL,NULL
"9543  ","SYP.GEL MPS                   ",NULL,NULL
"9544  ","SYP.GEMSOLINE-P DROPS         ",NULL,NULL
"9545  ","SYP.GENCAL C                  ",NULL,NULL
"9546  ","SYP.GENKUFF-DMR               ",GL22157,2024-10-30 00:00:00.000
"9547  ","SYP.GENKUFF-DMR 60ML          ",NULL,NULL
"9548  ","SYP.GERCODRYL                 ",NULL,NULL
"9549  ","SYP.GERCODRYL-LS              ",NULL,NULL
"9550  ","SYP.GESIC (IBU)               ",NULL,NULL
"9551  ","SYP.GEXOPHEN (IBU+PARA)       ",NULL,NULL
"9552  ","SYP.GROWFAST                  ",NULL,NULL
"9553  ","SYP.HAPPZYME DROPS            ",NULL,NULL
"9554  ","SYP.HB-ORANGE NF              ",NULL,NULL
"9555  ","SYP.HEALTHCAL                 ",S-235262,2024-10-30 00:00:00.000
"9556  ","SYP.HELEXIN DRY               ",NULL,NULL
"9557  ","SYP.HEM GALPHA                ",NULL,NULL
"9558  ","SYP.HEMOSYP                   ",NULL,NULL
"9559  ","SYP.HEPITUS-T                 ",NULL,NULL
"9560  ","SYP.HEPLIV-70                 ",NULL,NULL
"9561  ","SYP.HEXAMENTIN DUO            ",NULL,NULL
"9562  ","SYP.HEXAPOD 100MG             ",NULL,NULL
"9563  ","SYP.HIBAMOX-CV                ",NULL,NULL
"9564  ","SYP.HIPEN CLAV DRY            ",NULL,NULL
"9565  ","SYP.HIPEN-P                   ",NULL,NULL
"9566  ","SYP.HISTACET                  ",NULL,NULL
"9567  ","SYP.HISTACET COLD             ",NULL,NULL
"9568  ","SYP.HISTANIL                  ",NULL,NULL
"9569  ","SYP.HISTARYL GREEN            ",NULL,NULL
"9570  ","SYP.HOLDAY                    ",NULL,NULL
"9571  ","SYP.HONEY KOFF                ",NULL,NULL
"9572  ","SYP.HONYCOR                   ",NULL,NULL
"9573  ","SYP.HUNGREE                   ",NULL,NULL
"9574  ","SYP.HY ALKA                   ",NULL,NULL
"9575  ","SYP.IBU PARA                  ",NULL,NULL
"9576  ","SYP.IBU+PARA                  ",NULL,NULL
"9577  ","SYP.IBUBEST                   ",NULL,NULL
"9578  ","SYP.IBUCARE                   ",EBI-052,2025-10-30 00:00:00.000
"9578  ","SYP.IBUCARE                   ",EBI-053,2025-11-30 00:00:00.000
"9579  ","SYP.IBULAB 60ML               ",NIFL-002,2025-03-31 00:00:00.000
"9579  ","SYP.IBULAB 60ML               ",NINL-002,2025-03-31 00:00:00.000
"9579  ","SYP.IBULAB 60ML               ",NNOL-002,2025-03-31 00:00:00.000
"9579  ","SYP.IBULAB 60ML               ",NRNL-002,2025-04-30 00:00:00.000
"9580  ","SYP.IBURELIFE PLUS            ",HC24019,2026-02-28 00:00:00.000
"9581  ","SYP.IBUVIS                    ",NULL,NULL
"9582  ","SYP.IBUVON                    ",NULL,NULL
"9583  ","SYP.IBUWIL                    ",NULL,NULL
"9584  ","SYP.IBUWIL                    ",NULL,NULL
"9585  ","SYP.IBUZEN                    ",IBZ083,2026-01-31 00:00:00.000
"9586  ","SYP.IBUZONE                   ",NULL,NULL
"9587  ","SYP.IBUZONE PLUS              ",NULL,NULL
"9588  ","SYP.IKOFER PLUS               ",NULL,NULL
"9589  ","SYP.IKOMENTIN DRY             ",IKOD23004,2025-01-31 00:00:00.000
"9589  ","SYP.IKOMENTIN DRY             ",IKOD23007,2025-07-30 00:00:00.000
"9589  ","SYP.IKOMENTIN DRY             ",IKOD23009,2025-07-30 00:00:00.000
"9590  ","SYP.ILU                       ",2P01085,2024-09-30 00:00:00.000
"9591  ","SYP.ILU(SALBUTAMOL)           ",NULL,NULL
"9592  ","SYP.INAPOD-50                 ",NULL,NULL
"9593  ","SYP.INFACOLD                  ",NULL,NULL
"9594  ","SYP.INFACOLD-DS               ",NULL,NULL
"9595  ","SYP.INFADEX LS 100ML          ",NULL,NULL
"9596  ","SYP.INFAMEF-DS                ",IL-1070,2024-06-30 00:00:00.000
"9597  ","SYP.INFAMEF-P                 ",NULL,NULL
"9598  ","SYP.INQU-PARA DS              ",NULL,NULL
"9599  ","SYP.INTABION -L               ",NULL,NULL
"9600  ","SYP.INTACID MPS               ",NULL,NULL
"9601  ","SYP.INTAZIN-AM                ",NULL,NULL
"9602  ","SYP.IQ MEM                    ",NULL,NULL
"9603  ","SYP.IROBOOST                  ",NULL,NULL
"9604  ","SYP.IVAZOL                    ",NULL,NULL
"9605  ","SYP.IVCOL A                   ",NULL,NULL
"9606  ","SYP.IVERZEN-A                 ",NULL,NULL
"9607  ","SYP.JAMUN KARELA PLUS         ",NULL,NULL
"9608  ","SYP.JANAM GHUTI               ",NULL,NULL
"9609  ","SYP.JANAM GUTTI               ",NULL,NULL
"9610  ","SYP.JEEDREX                   ",2138,2026-05-31 00:00:00.000
"9610  ","SYP.JEEDREX                   ",24042,2026-01-30 00:00:00.000
"9610  ","SYP.JEEDREX                   ",24073,2026-02-28 00:00:00.000
"9610  ","SYP.JEEDREX                   ",24094,2026-03-31 00:00:00.000
"9610  ","SYP.JEEDREX                   ",24114,2026-03-31 00:00:00.000
"9610  ","SYP.JEEDREX                   ",24129,2026-04-30 00:00:00.000
"9611  ","SYP.JEETCHLOR                 ",NULL,NULL
"9612  ","SYP.JEETCOF                   ",NULL,NULL
"9613  ","SYP.JEETDREX                  ",NULL,NULL
"9614  ","SYP.JEETDREX                  ",NULL,NULL
"9615  ","SYP.JEETPLEX EXP              ",NULL,NULL
"9616  ","SYP.JEETREX                   ",NULL,NULL
"9617  ","SYP.JEETREX                   ",NULL,NULL
"9618  ","SYP.JEETREX                   ",NULL,NULL
"9619  ","SYP.JEETREX PLUS              ",NULL,NULL
"9620  ","SYP.JEETREX PLUS              ",NULL,NULL
"9621  ","SYP.JONMIL EXPECTORANT        ",NULL,NULL
"9622  ","SYP.K-CEF                     ",DS240236,2026-01-31 00:00:00.000
"9622  ","SYP.K-CEF                     ",NLT87723,2026-01-31 00:00:00.000
"9623  ","SYP.K-CET                     ",31876,2026-10-30 00:00:00.000
"9624  ","SYP.K-COLD                    ",NULL,NULL
"9625  ","SYP.K-COLD DS                 ",32006,2025-11-30 00:00:00.000
"9626  ","SYP.K-MOL PLUS                ",NULL,NULL
"9627  ","SYP.KALSOLINE                 ",NULL,NULL
"9628  ","SYP.KAM-ON DROPS              ",NULL,NULL
"9629  ","SYP.KAXIM(CEFEXIME)           ",NULL,NULL
"9630  ","SYP.KAYCOLD                   ",NULL,NULL
"9631  ","SYP.KAYKOFF-DMR               ",NULL,NULL
"9632  ","SYP.KAYKOFF-DMR               ",NULL,NULL
"9633  ","SYP.KAYKOFF-DX                ",NULL,NULL
"9634  ","SYP.KAYMOXMENTIN DUO          ",NULL,NULL
"9635  ","SYP.KAYSLIDE AP               ",NULL,NULL
"9636  ","SYP.KAYSLIDE-MP               ",NULL,NULL
"9637  ","SYP.KAYZYEM DROPS             ",NULL,NULL
"9638  ","SYP.KAYZYME                   ",NULL,NULL
"9639  ","SYP.KEALVERM                  ",NULL,NULL
"9640  ","SYP.KEEBEND                   ",NULL,NULL
"9641  ","SYP.KEMLACTIN                 ",NULL,NULL
"9642  ","SYP.KIDIVITES                 ",NULL,NULL
"9643  ","SYP.KIDSPAS DROP              ",230079BL00,2025-03-31 00:00:00.000
"9644  ","SYP.KOFCLEAR LS KID           ",NULL,NULL
"9645  ","SYP.KOFDOZ DX                 ",NULL,NULL
"9646  ","SYP.KOFFOVA DS 60ML           ",NULL,NULL
"9647  ","SYP.KOFFOVA DX                ",HH23051,2025-07-30 00:00:00.000
"9647  ","SYP.KOFFOVA DX                ",HM23139,2025-11-30 00:00:00.000
"9647  ","SYP.KOFFOVA DX                ",S-2211166,2024-10-30 00:00:00.000
"9648  ","SYP.KOFFSHANT-AM              ",NULL,NULL
"9649  ","SYP.KOFFVOA DX                ",G23165,2025-06-30 00:00:00.000
"9650  ","SYP.KOFRADEX AM               ",NULL,NULL
"9651  ","SYP.KOFRADEX LS JUNIOR        ",NULL,NULL
"9652  ","SYP.KOFRADEX-AM               ",NULL,NULL
"9653  ","SYP.KOFRADEX-LS DROPS         ",S-227013,2024-06-30 00:00:00.000
"9653  ","SYP.KOFRADEX-LS DROPS         ",S-233236,2025-02-28 00:00:00.000
"9654  ","SYP.KOFRADEX-T                ",NULL,NULL
"9655  ","SYP.KOFROS                    ",NULL,NULL
"9656  ","SYP.KOFROS BR                 ",NULL,NULL
"9657  ","SYP.KOFROS-LS                 ",NULL,NULL
"9658  ","SYP.KOFSTRILL JUNIOR          ",KRLS-2011,2025-11-30 00:00:00.000
"9659  ","SYP.KOLDCARE                  ",NULL,NULL
"9660  ","SYP.KOLDKEM DS                ",NULL,NULL
"9661  ","SYP.KOTFEN PLUS               ",NULL,NULL
"9662  ","SYP.KOTMOL-250                ",NULL,NULL
"9663  ","SYP.KREAMVIN                  ",NULL,NULL
"9664  ","SYP.KSP-MP(M+P)               ",NULL,NULL
"9665  ","SYP.KUF G-DX                  ",NULL,NULL
"9666  ","SYP.KUFDOSE 100ML             ",KL23142,2025-02-28 00:00:00.000
"9666  ","SYP.KUFDOSE 100ML             ",KL23620,2025-10-30 00:00:00.000
"9667  ","SYP.KUFDOSE BR 100ML          ",NULL,NULL
"9668  ","SYP.KUFDOSE-DX                ",NULL,NULL
"9669  ","SYP.KUFDOX BR                 ",NULL,NULL
"9670  ","SYP.KUFDOZ                    ",NULL,NULL
"9671  ","SYP.KUFDOZ AM                 ",NULL,NULL
"9672  ","SYP.KUFDOZ BABY               ",NULL,NULL
"9673  ","SYP.KUFDOZ BR                 ",2212123L00,2024-05-31 00:00:00.000
"9673  ","SYP.KUFDOZ BR                 ",2311197L01,2025-06-30 00:00:00.000
"9673  ","SYP.KUFDOZ BR                 ",2312123L00,2025-01-31 00:00:00.000
"9673  ","SYP.KUFDOZ BR                 ",2412123L00,2025-12-31 00:00:00.000
"9674  ","SYP.KUFDOZ DX                 ",2214516L00,2024-09-30 00:00:00.000
"9674  ","SYP.KUFDOZ DX                 ",2314516L04,2025-09-30 00:00:00.000
"9675  ","SYP.KUFDOZ DX                 ",NULL,NULL
"9676  ","SYP.KUFDOZ DX                 ",NULL,NULL
"9677  ","SYP.KUFDOZ X                  ",NULL,NULL
"9678  ","SYP.KUFF-D                    ",NULL,NULL
"9679  ","SYP.KUFF-D NF                 ",NULL,NULL
"9680  ","SYP.KUFF-X                    ",NULL,NULL
"9681  ","SYP.KUFF-X NF                 ",NULL,NULL
"9682  ","SYP.KUFFRAN-AM                ",NULL,NULL
"9683  ","SYP.KUFFREST-LS               ",NULL,NULL
"9684  ","SYP.KUFFTAS-LS                ",INS-22K048,2024-10-30 00:00:00.000
"9685  ","SYP.L HIST                    ",NULL,NULL
"9686  ","SYP.L-CETRIVER                ",NULL,NULL
"9687  ","SYP.L-HIST MONT               ",NULL,NULL
"9688  ","SYP.L-LORDIZIN                ",NULL,NULL
"9689  ","SYP.LACTIGEN-Z                ",NULL,NULL
"9690  ","SYP.LACTIGEN-Z                ",NULL,NULL
"9691  ","SYP.LACTOPLEX-Z DRY           ",NULL,NULL
"9692  ","SYP.LACTOVAC                  ",NULL,NULL
"9693  ","SYP.LACTUFORD                 ",NULL,NULL
"9694  ","SYP.LAXIFEN                   ",NULL,NULL
"9695  ","SYP.LAXIKEM                   ",NULL,NULL
"9696  ","SYP.LAXIKEM PLUS              ",NULL,NULL
"9697  ","SYP.LAXODOC                   ",NULL,NULL
"9698  ","SYP.LCZ-M                     ",NULL,NULL
"9699  ","SYP.LEAVOCET AG               ",NULL,NULL
"9700  ","SYP.LEAVOCET COLD             ",NULL,NULL
"9701  ","SYP.LEAVOCET M                ",ELM-033,2025-07-30 00:00:00.000
"9701  ","SYP.LEAVOCET M                ",ELM-036,2025-11-30 00:00:00.000
"9702  ","SYP.LECARE                    ",NULL,NULL
"9703  ","SYP.LENA                      ",626,2025-08-30 00:00:00.000
"9704  ","SYP.LEUKOLIDE                 ",NULL,NULL
"9705  ","SYP.LEVCET M                  ",NULL,NULL
"9706  ","SYP.LEVIC M                   ",L3J125,2025-09-30 00:00:00.000
"9707  ","SYP.LEVIN                     ",L2K020,2024-11-30 00:00:00.000
"9708  ","SYP.LEVIN-AM                  ",NULL,NULL
"9709  ","SYP.LEVOBERT                  ",NULL,NULL
"9710  ","SYP.LEVOCAD-M                 ",NULL,NULL
"9711  ","SYP.LEVOCUFF-AM               ",NULL,NULL
"9712  ","SYP.LEVOLIDE                  ",NULL,NULL
"9713  ","SYP.LEVOSALMOLIN-LS JUNIOR    ",LTM-23951,2025-11-30 00:00:00.000
"9714  ","SYP.LEVOSAMOLIN-LS            ",31899,2025-10-30 00:00:00.000
"9715  ","SYP.LEVOSETRIDE AM            ",NULL,NULL
"9716  ","SYP.LINDANE LOTTION USP       ",NULL,NULL
"9717  ","SYP.LINORID                   ",NULL,NULL
"9718  ","SYP.LIV N ZYME                ",NULL,NULL
"9719  ","SYP.LIV N ZYME DROP           ",NULL,NULL
"9720  ","SYP.LIV P ZYME DS             ",NULL,NULL
"9739  ","SYP.LIV`P`DROPS               ",NULL,NULL
"9721  ","SYP.LIV`P`ZIME                ",NULL,NULL
"9740  ","SYP.LIV`P`ZIME DS             ",AHN-23156,2026-12-31 00:00:00.000
"9740  ","SYP.LIV`P`ZIME DS             ",AHS-22155,2025-12-31 00:00:00.000
"9740  ","SYP.LIV`P`ZIME DS             ",ANS-21098,2024-07-30 00:00:00.000
"9722  ","SYP.LIVACT                    ",NULL,NULL
"9723  ","SYP.LIVCOR                    ",NULL,NULL
"9724  ","SYP.LIVERLY                   ",NULL,NULL
"9725  ","SYP.LIVERXZYME                ",NULL,NULL
"9726  ","SYP.LIVFORTE ZYME             ",NULL,NULL
"9727  ","SYP.LIVJET                    ",NULL,NULL
"9728  ","SYP.LIVOCARE                  ",NULL,NULL
"9729  ","SYP.LIVOCEL-A-TONIC           ",NULL,NULL
"9730  ","SYP.LIVOCINE                  ",NULL,NULL
"9731  ","SYP.LIVOKON                   ",NULL,NULL
"9732  ","SYP.LIVOKONZYME-DS            ",NULL,NULL
"9733  ","SYP.LIVONOXX-DS               ",NULL,NULL
"9734  ","SYP.LIVORAN                   ",NULL,NULL
"9735  ","SYP.LIVORON                   ",NULL,NULL
"9736  ","SYP.LIVOT PLUS KID            ",NULL,NULL
"9737  ","SYP.LIVTRIN-AM                ",NULL,NULL
"9738  ","SYP.LIVZYME                   ",HAC-183,2026-04-30 00:00:00.000
"9738  ","SYP.LIVZYME                   ",HAC-195,2026-07-30 00:00:00.000
"9741  ","SYP.LOOGYL-N                  ",NULL,NULL
"9742  ","SYP.LOPACURE(LOPRAMIDE)       ",NULL,NULL
"9743  ","SYP.LORDIZIN                  ",NULL,NULL
"9744  ","SYP.LUCKYZYME PLUS            ",NULL,NULL
"9745  ","SYP.LUPIBEND                  ",22002AT-SD,2024-06-30 00:00:00.000
"9746  ","SYP.LUPICET                   ",LB022303,2025-01-31 00:00:00.000
"9746  ","SYP.LUPICET                   ",LB02303,2025-01-31 00:00:00.000
"9747  ","SYP.LUPIHIST                  ",NULL,NULL
"9748  ","SYP.LUPIMENCTIN FORTE         ",NULL,NULL
"9749  ","SYP.LUPISULIDE-P              ",NULL,NULL
"9750  ","SYP.LUPIZYME                  ",NULL,NULL
"9751  ","SYP.LUPIZYME                  ",NULL,NULL
"9752  ","SYP.LUPIZYME DROPS            ",NULL,NULL
"9753  ","SYP.LYBEN                     ",NULL,NULL
"9754  ","SYP.LYCOBERI KIDZ             ",NULL,NULL
"9755  ","SYP.LYCOBERI-DS               ",NULL,NULL
"9756  ","SYP.LYCOBOOST                 ",NULL,NULL
"9757  ","SYP.LYCOLD PLUS               ",NULL,NULL
"9758  ","SYP.LYCOSIGN                  ",NULL,NULL
"9759  ","SYP.MAFLAB DROP               ",NULL,NULL
"9760  ","SYP.MAFLAB-DS                 ",NULL,NULL
"9761  ","SYP.MAHAMENTIN-DDS FORTE      ",NULL,NULL
"9762  ","SYP.MAHAMOX CV DRY            ",NULL,NULL
"9763  ","SYP.MAHAMOX DRY               ",NULL,NULL
"9764  ","SYP.MAHILA MITRA              ",NULL,NULL
"9765  ","SYP.MAKAIR                    ",GL2210001,2024-09-30 00:00:00.000
"9766  ","SYP.MANSI                     ",S-2248,2025-04-30 00:00:00.000
"9767  ","SYP.MANSI.                    ",NULL,NULL
"9768  ","SYP.MARCOLD PLUS              ",NULL,NULL
"9769  ","SYP.MARKCAIN-GEL              ",NULL,NULL
"9770  ","SYP.MARKOLD PLUS DROP         ",L3D066,2025-03-31 00:00:00.000
"9771  ","SYP.MARTIVIT DROP             ",NULL,NULL
"9772  ","SYP.MAXCAL                    ",NULL,NULL
"9773  ","SYP.MAXI PLUS                 ",NULL,NULL
"9774  ","SYP.MAXIMIZIN DDS DRY         ",NULL,NULL
"9775  ","SYP.MAXIMIZIN DRY             ",NULL,NULL
"9776  ","SYP.MAXIRICH                  ",NULL,NULL
"9777  ","SYP.MAYCET                    ",NULL,NULL
"9778  ","SYP.MAYOGYL(NOR+METRO)        ",NULL,NULL
"9779  ","SYP.MDL COLD DROPS            ",NULL,NULL
"9780  ","SYP.MECARE-P DS               ",NULL,NULL
"9781  ","SYP.MEDESTRON DROPS           ",NULL,NULL
"9782  ","SYP.MEDGEL PLUS               ",LPS-230535,2025-04-30 00:00:00.000
"9782  ","SYP.MEDGEL PLUS               ",PMGS-2401(,2025-12-31 00:00:00.000
"9782  ","SYP.MEDGEL PLUS               ",PMGS2402,2025-12-31 00:00:00.000
"9783  ","SYP.MEDISPAS P-DS             ",NULL,NULL
"9784  ","SYP.MEDISPAS-P                ",NULL,NULL
"9785  ","SYP.MEF-FORT                  ",NULL,NULL
"9786  ","SYP.MEF-P                     ",NULL,NULL
"9787  ","SYP.MEFACID PLUS              ",NULL,NULL
"9788  ","SYP.MEFADE-P DS               ",NULL,NULL
"9789  ","SYP.MEFCARE-P DS              ",MCD-021,2025-08-30 00:00:00.000
"9789  ","SYP.MEFCARE-P DS              ",MCD-024,2025-11-30 00:00:00.000
"9790  ","SYP.MEFE-PASS DS              ",LHR-24298,2026-03-31 00:00:00.000
"9791  ","SYP.MEFEGICS-P                ",NULL,NULL
"9792  ","SYP.MEFEX PLUS                ",NULL,NULL
"9793  ","SYP.MEFGESIC P                ",NULL,NULL
"9794  ","SYP.MEFIGESIC P               ",NULL,NULL
"9795  ","SYP.MEFIGESIC P FORTE         ",NULL,NULL
"9796  ","SYP.MEFLONIC JUNIOR           ",A24054,2025-12-31 00:00:00.000
"9796  ","SYP.MEFLONIC JUNIOR           ",M23168,2025-11-30 00:00:00.000
"9797  ","SYP.MEFNETRA DS               ",S401006,2025-12-31 00:00:00.000
"9798  ","SYP.MEFNETRA-DS               ",NULL,NULL
"9799  ","SYP.MEFNETRA-P                ",H22090,2024-07-30 00:00:00.000
"9800  ","SYP.MEFORD PLUS DS            ",NULL,NULL
"9801  ","SYP.MEFPAR                    ",NULL,NULL
"9802  ","SYP.MEFPAR DS                 ",30704,2025-03-31 00:00:00.000
"9803  ","SYP.MEFPEN PLUS               ",S3100334,2025-09-30 00:00:00.000
"9804  ","SYP.MEFRIL-P                  ",NULL,NULL
"9805  ","SYP.MEFRIL-P DS               ",NULL,NULL
"9806  ","SYP.MEFSEL SPAS DS            ",2413604L00,2026-02-28 00:00:00.000
"9807  ","SYP.MEFTAGAL-P                ",NULL,NULL
"9808  ","SYP.MEFTEC-P                  ",NULL,NULL
"9809  ","SYP.MEFTEE DS                 ",LPS-220235,2024-05-31 00:00:00.000
"9810  ","SYP.MEFTEE SPAS               ",NULL,NULL
"9811  ","SYP.MEFTY DS                  ",NULL,NULL
"9812  ","SYP.MEFTY P                   ",NULL,NULL
"9813  ","SYP.MEGACITRAL                ",2308444L01,2025-03-31 00:00:00.000
"9813  ","SYP.MEGACITRAL                ",2400844L00,2026-02-28 00:00:00.000
"9814  ","SYP.MEGAMENTIN                ",NULL,NULL
"9815  ","SYP.MEGAMENTIN DUO            ",NULL,NULL
"9816  ","SYP.MEGAMENTIN DUO            ",NULL,NULL
"9817  ","SYP.MEMO SHARP                ",NULL,NULL
"9818  ","SYP.MENIZYME (APPI)           ",NULL,NULL
"9819  ","SYP.MEPCAIN GEL               ",NULL,NULL
"9820  ","SYP.MERIFOL PLUS              ",NULL,NULL
"9821  ","SYP.MERIFOL PLUS              ",NULL,NULL
"9822  ","SYP.MERIFOL PLUS              ",NULL,NULL
"9823  ","SYP.MERIMOL                   ",NULL,NULL
"9824  ","SYP.MERIMOL 250MG             ",WCG230006,2025-06-30 00:00:00.000
"9825  ","SYP.MERIPROT PLUS             ",NULL,NULL
"9826  ","SYP.MERIPROT PLUS             ",NULL,NULL
"9827  ","SYP.MERISULIDE                ",NULL,NULL
"9828  ","SYP.MERISULIDE PLUS           ",NULL,NULL
"9829  ","SYP.MET FUR                   ",NULL,NULL
"9830  ","SYP.METAFLOX                  ",NULL,NULL
"9831  ","SYP.METAMIDE                  ",NULL,NULL
"9832  ","SYP.METAZOLE                  ",NULL,NULL
"9833  ","SYP.METAZOLE                  ",24101,2026-03-30 00:00:00.000
"9834  ","SYP.METAZOLE                  ",23218,2025-07-30 00:00:00.000
"9835  ","SYP.METFUR                    ",NULL,NULL
"9836  ","SYP.METFUR                    ",NULL,NULL
"9837  ","SYP.METOCLOPRAMIDE I.P        ",NULL,NULL
"9838  ","SYP.METRO                     ",NULL,NULL
"9839  ","SYP.METRO                     ",NULL,NULL
"9840  ","SYP.METRO BENZOATE            ",NULL,NULL
"9841  ","SYP.METRO BENZOATE            ",NULL,NULL
"9842  ","SYP.METRO BENZOATE            ",NULL,NULL
"9843  ","SYP.METRO-FLOX                ",NULL,NULL
"9844  ","SYP.METRON OF                 ",NULL,NULL
"9845  ","SYP.METRONIDAZOLE BENZOATE    ",NULL,NULL
"9846  ","SYP.METRONIDAZOLE BENZOATE    ",NULL,NULL
"9847  ","SYP.METROZOX                  ",NULL,NULL
"9848  ","SYP.MEXAFLO(OFLOX)            ",NULL,NULL
"9849  ","SYP.MEXAFORM (NOR+METRO)      ",NULL,NULL
"9850  ","SYP.MEXPOD DRY                ",NULL,NULL
"9851  ","SYP.MEXPOD DS                 ",NULL,NULL
"9852  ","SYP.MFNISPAS-DS               ",NULL,NULL
"9853  ","SYP.MICEF-O DRY               ",NULL,NULL
"9854  ","SYP.MICORPOD                  ",NULL,NULL
"9855  ","SYP.MICROBID-M                ",M370013,2025-03-31 00:00:00.000
"9855  ","SYP.MICROBID-M                ",M370033,2025-10-30 00:00:00.000
"9856  ","SYP.MICROCAINE NOVO(MIN)      ",NULL,NULL
"9857  ","SYP.MICROKOLD                 ",NULL,NULL
"9858  ","SYP.MICROKOLD DS              ",NULL,NULL
"9859  ","SYP.MICROMENTIN DDS           ",NULL,NULL
"9860  ","SYP.MICROMENTIN DUO           ",NULL,NULL
"9861  ","SYP.MICROSPAS P DS            ",NULL,NULL
"9862  ","SYP.MICROSPAS-P               ",NULL,NULL
"9863  ","SYP.MIFUCET(MEFE+PARA)        ",NULL,NULL
"9864  ","SYP.MILCOFF-DX                ",NULL,NULL
"9865  ","SYP.MILMAFIN                  ",L20481A,2024-09-30 00:00:00.000
"9866  ","SYP.MILMAFIN PLUS             ",L-40004A,2025-12-31 00:00:00.000
"9866  ","SYP.MILMAFIN PLUS             ",L40004A,2025-12-31 00:00:00.000
"9866  ","SYP.MILMAFIN PLUS             ",L40005A,2025-12-31 00:00:00.000
"9866  ","SYP.MILMAFIN PLUS             ",L40015A,2025-11-30 00:00:00.000
"9867  ","SYP.MINODEX-4500ML            ",24066,2026-01-31 00:00:00.000
"9868  ","SYP.MINOGEL                   ",NULL,NULL
"9869  ","SYP.MINTAGESIC-P              ",VHL2311032,2025-10-30 00:00:00.000
"9869  ","SYP.MINTAGESIC-P              ",VHL2401061,2025-12-31 00:00:00.000
"9870  ","SYP.MOBEND                    ",L2301006,2024-12-31 00:00:00.000
"9871  ","SYP.MOBEND PLUS               ",L2301003,2024-12-31 00:00:00.000
"9872  ","SYP.MOKCAN CV                 ",NULL,NULL
"9873  ","SYP.MONLU-L                   ",NULL,NULL
"9874  ","SYP.MONOGEE-DS                ",NULL,NULL
"9875  ","SYP.MONOXIL-LC KID            ",NULL,NULL
"9876  ","SYP.MONOZYME                  ",NULL,NULL
"9877  ","SYP.MONTEL LC                 ",NULL,NULL
"9878  ","SYP.MONTEWOK LC               ",NULL,NULL
"9879  ","SYP.MONTIFRENCH-L             ",NULL,NULL
"9880  ","SYP.MONTINOR LC               ",NULL,NULL
"9881  ","SYP.MONTOGY LC                ",NULL,NULL
"9882  ","SYP.MONTOVENT LC KID          ",NULL,NULL
"9883  ","SYP.MONTRELIFE LC             ",SLML-003,2025-08-30 00:00:00.000
"9884  ","SYP.MOONCOF NATURAL ADULSA    ",NULL,NULL
"9885  ","SYP.MOONCOF-DX (100ML)        ",AXL-014,2025-03-31 00:00:00.000
"9885  ","SYP.MOONCOF-DX (100ML)        ",AXO-013,2025-03-31 00:00:00.000
"9886  ","SYP.MOONCOF-DX 60ML           ",AXL-015,2025-04-30 00:00:00.000
"9887  ","SYP.MOONCOF-LS 100ML          ",NULL,NULL
"9888  ","SYP.MOONCOF-LS 60ML           ",TBHV1548,2024-11-30 00:00:00.000
"9889  ","SYP.MOONCOF-TM 100ML          ",TBHV1590,2024-11-30 00:00:00.000
"9890  ","SYP.MOONCOF-TM 60ML           ",NULL,NULL
"9891  ","SYP.MOONCOLD DS               ",NULL,NULL
"9892  ","SYP.MOONCOLD-CZ 60ML          ",TBHW0144,2025-01-31 00:00:00.000
"9893  ","SYP.MOONCOLD-CZ FORTE         ",NULL,NULL
"9894  ","SYP.MOONDRYL 100ML            ",NULL,NULL
"9895  ","SYP.MOONGESIC-DS 250MG        ",NULL,NULL
"9896  ","SYP.MOONMOX CV DUO            ",NULL,NULL
"9897  ","SYP.MOONMOX-CV                ",NULL,NULL
"9898  ","SYP.MOONPOD 50                ",JUB-23019,2024-11-30 00:00:00.000
"9899  ","SYP.MOONSTAR SAFE             ",NULL,NULL
"9900  ","SYP.MOSQUIN(CHLOROQUINE)      ",NULL,NULL
"9901  ","SYP.MOVIDOL 60ML              ",40,2024-07-30 00:00:00.000
"9902  ","SYP.MOVIDOL-MF 60ML           ",NULL,NULL
"9903  ","SYP.MOVIDOL-MF FORTE          ",TBHV1315,2024-09-30 00:00:00.000
"9904  ","SYP.MOXABERT CV               ",NULL,NULL
"9905  ","SYP.MOXATE CV                 ",NULL,NULL
"9906  ","SYP.MOXIDOSE CV DDS           ",DD230071H,2024-11-30 00:00:00.000
"9907  ","SYP.MOXIDOSE-CV DRY           ",NULL,NULL
"9908  ","SYP.MOXIKAM CV                ",NULL,NULL
"9909  ","SYP.MOXILIUM(AMOX)*           ",NULL,NULL
"9910  ","SYP.MOXINA CV D/S             ",NULL,NULL
"9911  ","SYP.MOXINA CV DRY             ",NULL,NULL
"9912  ","SYP.MOXINA DRY                ",NULL,NULL
"9913  ","SYP.MOXINIL CV                ",NULL,NULL
"9914  ","SYP.MOXINIL CV DUO            ",NULL,NULL
"9915  ","SYP.MOXINTA CLAV DUO          ",NULL,NULL
"9916  ","SYP.MOXIPIL CL 200DS(SWFI)    ",NULL,NULL
"9917  ","SYP.MOXMED-CV                 ",NULL,NULL
"9918  ","SYP.MOXNECS-CLAV              ",NULL,NULL
"9919  ","SYP.MOXNECS-CLAV DROPS        ",NULL,NULL
"9920  ","SYP.MOXNECS-CLAV DS           ",NULL,NULL
"9921  ","SYP.MOXNECS-CLV DS(GL+WIFI)   ",NULL,NULL
"9922  ","SYP.MOXTAS CV                 ",WBT-453,2024-06-30 00:00:00.000
"9923  ","SYP.MOXTAS CV (GB WITH SWFI)  ",NULL,NULL
"9924  ","SYP.MOXTAS CV DRY             ",NULL,NULL
"9925  ","SYP.MOXVID DRY                ",NULL,NULL
"9926  ","SYP.MUCAROX                   ",NULL,NULL
"9927  ","SYP.MUCAZONE GEL              ",NULL,NULL
"9928  ","SYP.MUCOCIL                   ",NULL,NULL
"9929  ","SYP.MUCOCIL LS                ",NULL,NULL
"9930  ","SYP.MUCOWIN                   ",NULL,NULL
"9931  ","SYP.MUITVITAMIN               ",NULL,NULL
"9932  ","SYP.MULIMIK                   ",NULL,NULL
"9933  ","SYP.MULTICAIN GEL             ",NULL,NULL
"9934  ","SYP.MULTIHIT                  ",NULL,NULL
"9935  ","SYP.MULTILITE DROP            ",NULL,NULL
"9936  ","SYP.MULTIPAC DROP             ",NULL,NULL
"9937  ","SYP.MULTISAN                  ",NULL,NULL
"9938  ","SYP.MULTITEC DROPS            ",NULL,NULL
"9939  ","SYP.MULTIVILL FORTE           ",NULL,NULL
"9940  ","SYP.MULTIVINO                 ",NULL,NULL
"9941  ","SYP.MULTIVITAMIN GOLD         ",NULL,NULL
"9942  ","SYP.MUSLI PLUS                ",NULL,NULL
"9943  ","SYP.MYBEND                    ",NULL,NULL
"9944  ","SYP.MYCET                     ",S3100311,2025-09-30 00:00:00.000
"9945  ","SYP.N.T.COLD PLUS S.          ",NULL,NULL
"9946  ","SYP.NAMIBLISS                 ",NULL,NULL
"9947  ","SYP.NAMIBLISS                 ",NULL,NULL
"9948  ","SYP.NANOCOLD CT               ",NULL,NULL
"9949  ","SYP.NANOSPAS                  ",NULL,NULL
"9950  ","SYP.NECDRYN                   ",NULL,NULL
"9951  ","SYP.NECFIX 100MG(OS)          ",D220389A,2024-10-30 00:00:00.000
"9952  ","SYP.NECFLO                    ",NULL,NULL
"9953  ","SYP.NECFLO 60ML               ",NULL,NULL
"9954  ","SYP.NECFLO-M                  ",NULL,NULL
"9955  ","SYP.NECFOLIC FORTE            ",NULL,NULL
"9956  ","SYP.NECLIX-50MG(GL&WFI)       ",NULL,NULL
"9957  ","SYP.NECLIX-OS                 ",CD003304,2025-03-31 00:00:00.000
"9958  ","SYP.NECLOZYME DROPS           ",NULL,NULL
"9959  ","SYP.NECLOZYME PLUS            ",NULL,NULL
"9960  ","SYP.NECPARA 125MG             ",NULL,NULL
"9961  ","SYP.NECPARA DS                ",NULL,NULL
"9962  ","SYP.NECPARA-KID DROP          ",NULL,NULL
"9963  ","SYP.NECSPAS DROPS             ",NULL,NULL
"9964  ","SYP.NECTUS JUNIOR             ",NULL,NULL
"9965  ","SYP.NECTUS PLUS               ",NULL,NULL
"9966  ","SYP.NECXON-O                  ",NULL,NULL
"9967  ","SYP.NECXON-O 100MG            ",NULL,NULL
"9968  ","SYP.NEL M PLUS                ",CHM009,2025-11-30 00:00:00.000
"9969  ","SYP.NEL M PLUS DS             ",CHW-019,2025-08-30 00:00:00.000
"9970  ","SYP.NEL-AF                    ",NULL,NULL
"9971  ","SYP.NELAC-P                   ",NULL,NULL
"9972  ","SYP.NEUROVIT                  ",NULL,NULL
"9973  ","SYP.NEW LIVFORT DS            ",NULL,NULL
"9974  ","SYP.NEW POWERGLY              ",NULL,NULL
"9975  ","SYP.NEW SNEEZY                ",NULL,NULL
"9976  ","SYP.NEW ZENCID                ",NULL,NULL
"9977  ","SYP.NEW ZENCOFF PLUS          ",NULL,NULL
"9978  ","SYP.NEXPORIN                  ",NULL,NULL
"9979  ","SYP.NIKPOD 100 D/S WITH W.F.I ",NULL,NULL
"9980  ","SYP.NIKPOD-50 D/S W.F.I       ",NULL,NULL
"9981  ","SYP.NIKVOM DROP               ",DLS-2543,2025-06-30 00:00:00.000
"9981  ","SYP.NIKVOM DROP               ",L-2402004,2026-01-31 00:00:00.000
"9982  ","SYP.NIMA                      ",NULL,NULL
"9983  ","SYP.NIMA                      ",NULL,NULL
"9984  ","SYP.NIMA(NISE)                ",NULL,NULL
"9985  ","SYP.NIMAX                     ",NULL,NULL
"9986  ","SYP.NIMESULIDE & PARACETAMOL  ",NULL,NULL
"9987  ","SYP.NIMESULIDE-P              ",NULL,NULL
"9988  ","SYP.NIMESULIDE-P              ",NULL,NULL
"9989  ","SYP.NIMMI(NISE)               ",NULL,NULL
"9990  ","SYP.NIMO-PLUS (M)             ",NULL,NULL
"9991  ","SYP.NIMO-PLUS (O)             ",NULL,NULL
"9992  ","SYP.NIMO-PLUS (P)             ",NULL,NULL
"9993  ","SYP.NIMOL PLUS(NISE+PARA)     ",NULL,NULL
"9994  ","SYP.NIMOL-P                   ",NULL,NULL
"9995  ","SYP.NIMOOGESIC                ",NULL,NULL
"9996  ","SYP.NIMOTAS P-AF              ",NULL,NULL
"9997  ","SYP.NIMSIM PLUS               ",NM0008,2025-02-28 00:00:00.000
"9998  ","SYP.NIMSIM-M PLUS             ",NULL,NULL
"9999  ","SYP.NIMSIM-M PLUS DS          ",NPD016,2025-05-31 00:00:00.000
"10000 ","SYP.NIMU                      ",NULL,NULL
"10001 ","SYP.NIMU                      ",NULL,NULL
"10002 ","SYP.NIMUCET                   ",NULL,NULL
"10003 ","SYP.NIMUCET                   ",NULL,NULL
"10004 ","SYP.NIMUCET-AF                ",NULL,NULL
"10005 ","SYP.NIMUCET-MF                ",NULL,NULL
"10006 ","SYP.NIMUSULIDE                ",NULL,NULL
"10007 ","SYP.NIMUVIK                   ",NULL,NULL
"10008 ","SYP.NIMUVIK                   ",NULL,NULL
"10009 ","SYP.NIMUVIK-5                 ",NULL,NULL
"10010 ","SYP.NIMUVIK-5                 ",NULL,NULL
"10011 ","SYP.NIMUVIK-50                ",NULL,NULL
"10012 ","SYP.NIMUVIK-50                ",NULL,NULL
"10013 ","SYP.NIMUVIK-50                ",NULL,NULL
"10014 ","SYP.NIMUVIK-P                 ",NULL,NULL
"10015 ","SYP.NIMUVIK-P                 ",NULL,NULL
"10016 ","SYP.NIMUVIK-P                 ",NULL,NULL
"10017 ","SYP.NIMUWIN PLUS (C)          ",NULL,NULL
"10018 ","SYP.NIMUWIN PLUS (C)          ",NULL,NULL
"10019 ","SYP.NIMUWIN PLUS (M)          ",NULL,NULL
"10020 ","SYP.NIMUWIN PLUS (M)          ",NULL,NULL
"10021 ","SYP.NIMUWIN PLUS (O)          ",NULL,NULL
"10022 ","SYP.NIMUWIN PLUS (O)          ",NULL,NULL
"10023 ","SYP.NIMUWIN PLUS (P)          ",NULL,NULL
"10024 ","SYP.NIMUWIN PLUS (P)          ",NULL,NULL
"10025 ","SYP.NIMUWIN PLUS 60ML         ",NULL,NULL
"10026 ","SYP.NIRCITRAL                 ",NULL,NULL
"10027 ","SYP.NIRZIME                   ",NULL,NULL
"10028 ","SYP.NO MOTION(NOR+METRO)      ",NULL,NULL
"10029 ","SYP.NOCHIL                    ",NULL,NULL
"10030 ","SYP.NOISSY COLD PLUS          ",NULL,NULL
"10031 ","SYP.NONI(CORONA FUEL)         ",NULL,NULL
"10032 ","SYP.NORAMAX                   ",NULL,NULL
"10033 ","SYP.NORBAX                    ",NULL,NULL
"10034 ","SYP.NORBAX M                  ",NULL,NULL
"10035 ","SYP.NORBAX MS                 ",NULL,NULL
"10036 ","SYP.NORFLOX & METRO           ",NULL,NULL
"10037 ","SYP.NORFLOXACIN & METRO       ",NULL,NULL
"10038 ","SYP.NORGYL                    ",NULL,NULL
"10039 ","SYP.NORMED                    ",NULL,NULL
"10040 ","SYP.NORZET-M                  ",NULL,NULL
"10041 ","SYP.NOSOCEF-O                 ",NULL,NULL
"10042 ","SYP.NOVAGYL(NOR+METRO)        ",NULL,NULL
"10043 ","SYP.NOVAHIST                  ",NULL,NULL
"10044 ","SYP.NOVAMENTIN-DS             ",NULL,NULL
"10045 ","SYP.NOVIBEND                  ",NBLS-2012,2024-08-30 00:00:00.000
"10046 ","SYP.NOVIBEND PLUS             ",NPLS-2010,2024-10-30 00:00:00.000
"10047 ","SYP.NOVIBEX-L                 ",NULL,NULL
"10048 ","SYP.NOVIDAY-DX                ",NULL,NULL
"10049 ","SYP.NOVOCOF-DX                ",NULL,NULL
"10050 ","SYP.NT-VOM                    ",NULL,NULL
"10051 ","SYP.NUCET COLD NF             ",NULL,NULL
"10052 ","SYP.NUSIDE(NIMESULIDE)        ",NULL,NULL
"10053 ","SYP.NUSIDE(NIMESULIDE)        ",NULL,NULL
"10054 ","SYP.NUTRIWAR                  ",NULL,NULL
"10055 ","SYP.NUTRIWAR DROP             ",NULL,NULL
"10056 ","SYP.NUTRIZYME                 ",NULL,NULL
"10057 ","SYP.OEF-M                     ",L4D086,2026-03-31 00:00:00.000
"10057 ","SYP.OEF-M                     ",L4D131,2026-03-31 00:00:00.000
"10058 ","SYP.OFAX 60ML                 ",NULL,NULL
"10059 ","SYP.OFBID                     ",NULL,NULL
"10060 ","SYP.OFBID-M                   ",NULL,NULL
"10061 ","SYP.OFBID-OR                  ",NULL,NULL
"10062 ","SYP.OFCARE M                  ",NULL,NULL
"10063 ","SYP.OFCARE ORD                ",NULL,NULL
"10064 ","SYP.OFCOL                     ",NULL,NULL
"10065 ","SYP.OFCOL ORD                 ",NULL,NULL
"10066 ","SYP.OFCOL-M                   ",NULL,NULL
"10067 ","SYP.OFLAMOON-OZ               ",TBHW0151,2025-01-31 00:00:00.000
"10068 ","SYP.OFLAMOON-RT               ",APL-R339,2025-06-30 00:00:00.000
"10069 ","SYP.OFLOACTIV M               ",3YFL056,2025-05-31 00:00:00.000
"10070 ","SYP.OFLODON O                 ",NULL,NULL
"10071 ","SYP.OFLOFAST-O                ",NULL,NULL
"10072 ","SYP.OFLOFRENCH                ",2YLL007,2024-11-30 00:00:00.000
"10072 ","SYP.OFLOFRENCH                ",3Y1024,2025-08-30 00:00:00.000
"10072 ","SYP.OFLOFRENCH                ",3YI024,2025-08-30 00:00:00.000
"10073 ","SYP.OFLOFRENCH                ",NULL,NULL
"10074 ","SYP.OFLOFRENCH-M              ",L40180A,2026-02-28 00:00:00.000
"10074 ","SYP.OFLOFRENCH-M              ",L404458,2026-05-31 00:00:00.000
"10074 ","SYP.OFLOFRENCH-M              ",L40445B,2026-05-31 00:00:00.000
"10075 ","SYP.OFLOGYL-MZ                ",4YEL013,2026-04-30 00:00:00.000
"10076 ","SYP.OFLOKAY                   ",NULL,NULL
"10077 ","SYP.OFLOKAY-OZ                ",NULL,NULL
"10078 ","SYP.OFLOKEM                   ",NULL,NULL
"10079 ","SYP.OFLOKEM-OZ                ",NULL,NULL
"10080 ","SYP.OFLONA MS                 ",NULL,NULL
"10081 ","SYP.OFLONA OZ                 ",NULL,NULL
"10082 ","SYP.OFLONA RC                 ",S239133D,2025-06-30 00:00:00.000
"10082 ","SYP.OFLONA RC                 ",S2450920,2026-04-30 00:00:00.000
"10083 ","SYP.OFLONA-NT                 ",NULL,NULL
"10084 ","SYP.OFLOPEN-M                 ",NULL,NULL
"10085 ","SYP.OFLORENCH                 ",NULL,NULL
"10086 ","SYP.OFLOSET-30                ",NULL,NULL
"10087 ","SYP.OFLOSIGN-M                ",NULL,NULL
"10088 ","SYP.OFLOTAS-MZ                ",3YLL033,2025-11-30 00:00:00.000
"10088 ","SYP.OFLOTAS-MZ                ",3YLL033CY,2025-11-30 00:00:00.000
"10088 ","SYP.OFLOTAS-MZ                ",4YAL031,2025-12-31 00:00:00.000
"10088 ","SYP.OFLOTAS-MZ                ",4YAL040,2025-12-31 00:00:00.000
"10089 ","SYP.OFLOTAS-OZ                ",3YLL033,2025-11-30 00:00:00.000
"10090 ","SYP.OFLOTEC-OZ                ",NULL,NULL
"10091 ","SYP.OFLOTON OZ                ",2311068,2025-08-30 00:00:00.000
"10091 ","SYP.OFLOTON OZ                ",S239032,2025-08-30 00:00:00.000
"10091 ","SYP.OFLOTON OZ                ",S243006A,2026-02-28 00:00:00.000
"10092 ","SYP.OFLOWIN                   ",NULL,NULL
"10093 ","SYP.OFLOWIN                   ",NULL,NULL
"10094 ","SYP.OFLOWIN-OZ                ",NULL,NULL
"10095 ","SYP.OFLOWIN.                  ",NULL,NULL
"10096 ","SYP.OFLOXIBACT-50MG           ",NULL,NULL
"10097 ","SYP.OFOXO-MZ                  ",NULL,NULL
"10098 ","SYP.OFREX                     ",NULL,NULL
"10099 ","SYP.OFREX-OR                  ",NULL,NULL
"10100 ","SYP.OFRIVID M                 ",NULL,NULL
"10101 ","SYP.OFRIVID OR                ",NULL,NULL
"10102 ","SYP.OFRIVID-OR                ",NULL,NULL
"10103 ","SYP.OKS-OZ                    ",NULL,NULL
"10104 ","SYP.OMEE MPS                  ",OLMS24009S,2026-07-31 00:00:00.000
"10105 ","SYP.OMEE-CAINE GEL            ",NULL,NULL
"10106 ","SYP.OMINIL DROP               ",NULL,NULL
"10107 ","SYP.OMNITUSS-DX               ",M560052,2024-06-30 00:00:00.000
"10108 ","SYP.ONCO DROP                 ",NULL,NULL
"10109 ","SYP.ONCOR                     ",NULL,NULL
"10110 ","SYP.ONCOR DROPS               ",NULL,NULL
"10111 ","SYP.ONCOR.                    ",NULL,NULL
"10112 ","SYP.ONDANSETRON ORAL(NELDON)  ",NULL,NULL
"10113 ","SYP.ONDASET                   ",TBHW0150,2025-01-31 00:00:00.000
"10113 ","SYP.ONDASET                   ",TBHW0720,2025-06-30 00:00:00.000
"10114 ","SYP.ONDEE                     ",NULL,NULL
"10115 ","SYP.ONDEN                     ",NULL,NULL
"10116 ","SYP.ONDET                     ",NULL,NULL
"10117 ","SYP.ONDET DROPS               ",NULL,NULL
"10118 ","SYP.ONDICARE DROPS            ",ODR-023,2025-07-30 00:00:00.000
"10119 ","SYP.ONDICON                   ",NULL,NULL
"10120 ","SYP.ONDIMARK DROPS            ",NULL,NULL
"10121 ","SYP.ONDINTRON                 ",NULL,NULL
"10122 ","SYP.ONDIRON DROPS             ",NULL,NULL
"10123 ","SYP.ONDISET                   ",NULL,NULL
"10124 ","SYP.ONDITRON                  ",NULL,NULL
"10125 ","SYP.ONDITRON                  ",WMP23001,2025-02-28 00:00:00.000
"10126 ","SYP.ONDIVID                   ",NULL,NULL
"10127 ","SYP.ONFLOX(OFLOX)             ",NULL,NULL
"10128 ","SYP.ONOFF                     ",NULL,NULL
"10129 ","SYP.ONTASYN DROP              ",G22109B,2024-06-30 00:00:00.000
"10130 ","SYP.ONVIN NF                  ",NULL,NULL
"10131 ","SYP.ONVIN NF                  ",NULL,NULL
"10132 ","SYP.ORAFLOX-M                 ",NULL,NULL
"10133 ","SYP.ORANGE I.P                ",NULL,NULL
"10134 ","SYP.ORIOPAS-OZ                ",NULL,NULL
"10135 ","SYP.ORITAXIM O                ",NULL,NULL
"10136 ","SYP.ORPET                     ",NULL,NULL
"10137 ","SYP.OSPAMOX DRY               ",NULL,NULL
"10138 ","SYP.OTRON                     ",NULL,NULL
"10139 ","SYP.OTRON(ONDEANSETRAON)      ",NULL,NULL
"10140 ","SYP.OTROY                     ",NULL,NULL
"10141 ","SYP.OXOSIP-OZ(OF+OR)          ",NULL,NULL
"10142 ","SYP.OXOVID-ORD                ",NULL,NULL
"10143 ","SYP.OXYCHARGE                 ",NULL,NULL
"10144 ","SYP.OXYVIT-19                 ",NULL,NULL
"10145 ","SYP.OXYVIT-19 (WARNER)        ",OIS-2203,2025-08-30 00:00:00.000
"10146 ","SYP.OZICIN(AZITHOMYCIN)       ",NULL,NULL
"10147 ",SYP.PACKER-XT (PARACETAMOL250),NULL,NULL
"10148 ","SYP.PARA 250                  ",NULL,NULL
"10149 ","SYP.PARABOOST 250 SUS         ",NULL,NULL
"10150 ","SYP.PARACETAMOL               ",NULL,NULL
"10151 ","SYP.PARACETAMOL               ",169,2026-01-31 00:00:00.000
"10152 ","SYP.PARACETAMOL               ",NULL,NULL
"10153 ","SYP.PARACETAMOL               ",NULL,NULL
"10154 ","SYP.PARACETAMOL 1000ML        ",NULL,NULL
"10155 ","SYP.PARACETAMOL ORAL          ",NULL,NULL
"10156 ","SYP.PARACETAMOL ORAL          ",NULL,NULL
"10157 ","SYP.PARACTIVE                 ",NULL,NULL
"10158 ","SYP.PARAFEN                   ",NULL,NULL
"10159 ","SYP.PARAFEN                   ",NULL,NULL
"10160 ","SYP.PARAFERENCH-DS            ",LAF-24351,2026-04-30 00:00:00.000
"10161 ","SYP.PARAGEE                   ",NULL,NULL
"10162 ","SYP.PARAMOL DS                ",NULL,NULL
"10163 ","SYP.PARANAM 15ML              ",NULL,NULL
"10164 ","SYP.PARANIR DS                ",NULL,NULL
"10165 ","SYP.PARAPIC-100 DROPS         ",NULL,NULL
"10166 ","SYP.PARASET 98 DROPS          ",NULL,NULL
"10167 ","SYP.PARAVID DS                ",NULL,NULL
"10168 ","SYP.PARAWIN                   ",NULL,NULL
"10169 ","SYP.PARGYL-N(NOR+METRO)       ",NULL,NULL
"10170 ","SYP.PARKID PLUS               ",NULL,NULL
"10171 ","SYP.PARMOX DRY(AMOX)          ",NULL,NULL
"10172 ","SYP.PATHRI-NASAK              ",LPNY002,2024-06-30 00:00:00.000
"10173 ","SYP.PEPCURE                   ",NULL,NULL
"10174 ","SYP.PEPCURE-O                 ",NULL,NULL
"10175 ","SYP.PERIGYL                   ",NULL,NULL
"10176 ","SYP.PHENKUFF 100ML            ",NULL,NULL
"10177 ","SYP.PICEF DRY                 ",NULL,NULL
"10178 ","SYP.PINNOX M                  ",NULL,NULL
"10179 ","SYP.PLETHIMOL-250             ",NULL,NULL
"10180 ","SYP.PLUSDRYL                  ",NULL,NULL
"10181 ","SYP.PODOBERT 100 D/S          ",NULL,NULL
"10182 ","SYP.PODOBERT CV(GLASS)        ",NULL,NULL
"10183 ","SYP.PODOXIM 50MG DRY          ",NULL,NULL
"10184 ","SYP.POLYMOL KID DROP          ",2300937L02,2025-03-31 00:00:00.000
"10185 ","SYP.POLYMOL-DS                ",2401174L02,2026-01-31 00:00:00.000
"10186 ","SYP.POWERCAL                  ",NULL,NULL
"10187 ","SYP.PRIMCET                   ",NULL,NULL
"10188 ","SYP.PROBICAM DRY              ",NULL,NULL
"10189 ","SYP.PROCET                    ",24056,2026-01-31 00:00:00.000
"10189 ","SYP.PROCET                    ",24117,2026-03-30 00:00:00.000
"10189 ","SYP.PROCET                    ",27117,2026-03-31 00:00:00.000
"10190 ","SYP.PROCET                    ",NULL,NULL
"10191 ","SYP.PROCET (IBU+PARA)         ",NULL,NULL
"10192 ","SYP.PROCET 60ML               ",NULL,NULL
"10193 ","SYP.PROCET COLD               ",LTM-22432,2024-07-30 00:00:00.000
"10194 ","SYP.PROCOF T                  ",NULL,NULL
"10195 ","SYP.PRODOM(DOMPERIDONE)       ",NULL,NULL
"10196 ","SYP.PROFACE                   ",NULL,NULL
"10197 ","SYP.PROFLAM                   ",LTM-22393,2024-07-30 00:00:00.000
"10198 ","SYP.PROMETHASINE              ",NULL,NULL
"10199 ","SYP.PROMETHAZIN               ",NULL,NULL
"10200 ","SYP.PROMETHAZINE              ",NULL,NULL
"10201 ","SYP.PROMETHAZINE              ",NULL,NULL
"10202 ","SYP.PROMETHAZINE              ",NULL,NULL
"10203 ","SYP.PROMETHAZINE              ",NULL,NULL
"10204 ","SYP.PROMETHAZINE 400ML        ",158,2025-04-30 00:00:00.000
"10205 ","SYP.PROMETHAZINE HCL          ",3P02023A,2025-07-31 00:00:00.000
"10206 ","SYP.PROMETHAZINE HCL          ",NULL,NULL
"10207 ","SYP.PROMETHAZINE HCL          ",NULL,NULL
"10208 ","SYP.PROMETHAZINE HCL          ",NULL,NULL
"10209 ","SYP.PROMETHAZINE I.P          ",NULL,NULL
"10210 ","SYP.PRONDEN DROP              ",NULL,NULL
"10211 ","SYP.PROPITUSS PLUS            ",NULL,NULL
"10212 ","SYP.PROTFIT PLUS              ",NULL,NULL
"10213 ","SYP.PROTI-PARK                ",NULL,NULL
"10214 ","SYP.PROTIFRENCH               ",NULL,NULL
"10215 ","SYP.PROTILITE                 ",NULL,NULL
"10216 ","SYP.PROTIUS                   ",NULL,NULL
"10217 ","SYP.PROTIUS.                  ",NULL,NULL
"10218 ","SYP.PUREDOX-DS DRY            ",NULL,NULL
"10219 ","SYP.PYRAMEF                   ",NULL,NULL
"10220 ","SYP.PYRAMEF DS                ",NULL,NULL
"10221 ","SYP.PYRAMOL FORTE             ",PFLS-2012,2024-07-30 00:00:00.000
"10222 ","SYP.PYRICOOL DROPS            ",NULL,NULL
"10223 ","SYP.PYRICOOL+                 ",NULL,NULL
"10224 ","SYP.QUINROSS                  ",NULL,NULL
"10225 ","SYP.RAXIM-O                   ",NULL,NULL
"10226 ","SYP.RBC CARE                  ",NULL,NULL
"10227 ","SYP.RBC CARE                  ",ERC-020,2024-11-30 00:00:00.000
"10228 ","SYP.RBC EXTRA                 ",NULL,NULL
"10229 ","SYP.RBC RED                   ",NULL,NULL
"10230 ","SYP.RBC RED SUPER ACIVE       ",NULL,NULL
"10231 ","SYP.RECALMIN-D3 NANO SHAOT    ",NULL,NULL
"10232 ","SYP.RECODEX                   ",NULL,NULL
"10233 ","SYP.RECODEX                   ",NULL,NULL
"10234 ","SYP.REDCOR L                  ",NULL,NULL
"10235 ","SYP.REDCOR L 200ML            ",NULL,NULL
"10236 ","SYP.RELIKAST-LC KID           ",NULL,NULL
"10237 ","SYP.RESCUFF-DX                ",NULL,NULL
"10238 ","SYP.RESKOP DX                 ",NULL,NULL
"10239 ","SYP.RESPCAE DX 100ML          ",NULL,NULL
"10240 ","SYP.RESPITREE-6X              ",G-L520,2024-09-30 00:00:00.000
"10241 ","SYP.REXTAS COUGH              ",NULL,NULL
"10242 ","SYP.RIDMOL-DS                 ",NULL,NULL
"10243 ","SYP.RINLACT Z DRY             ",NULL,NULL
"10244 ","SYP.ROSCUIN(CHLOROQUINE)      ",NULL,NULL
"10245 ","SYP.ROSE                      ",NULL,NULL
"10246 ","SYP.ROSE                      ",NULL,NULL
"10247 ","SYP.ROSE                      ",VPL179,2025-11-30 00:00:00.000
"10248 ","SYP.ROSE                      ",NULL,NULL
"10249 ","SYP.ROSE(12%)                 ",VPL-199,2026-02-28 00:00:00.000
"10249 ","SYP.ROSE(12%)                 ",VPL004,2026-02-28 00:00:00.000
"10249 ","SYP.ROSE(12%)                 ",VPL179,2025-11-30 00:00:00.000
"10249 ","SYP.ROSE(12%)                 ",VPL31,2026-06-30 00:00:00.000
"10249 ","SYP.ROSE(12%)                 ",VPL42,2026-04-30 00:00:00.000
"10249 ","SYP.ROSE(12%)                 ",VPL61,2026-05-31 00:00:00.000
"10250 ","SYP.ROXITHROMYCIN ORAL        ",NULL,NULL
"10251 ","SYP.ROZIFOL LBZ               ",NULL,NULL
"10252 ","SYP.RYDRYL                    ",NULL,NULL
"10253 ","SYP.S-BEX DROPS               ",NULL,NULL
"10254 ","SYP.SALBRO                    ",NULL,NULL
"10255 ","SYP.SALBRO                    ",NULL,NULL
"10256 ","SYP.SALBUREST                 ",NULL,NULL
"10257 ","SYP.SALBUREST                 ",NULL,NULL
"10258 ","SYP.SALBUTAMOL                ",23261,2025-08-30 00:00:00.000
"10258 ","SYP.SALBUTAMOL                ",24030,2025-12-31 00:00:00.000
"10259 ","SYP.SALBUTAMOL                ",225,2025-06-30 00:00:00.000
"10260 ","SYP.SALBUTAMOL                ",23118,2025-03-31 00:00:00.000
"10261 ","SYP.SALBUTAMOL                ",NULL,NULL
"10262 ","SYP.SALBUTAMOL                ",NULL,NULL
"10263 ","SYP.SALBUTAMOL                ",230,2025-10-30 00:00:00.000
"10264 ","SYP.SALBUTAMOL 4.5LTR         ",NULL,NULL
"10265 ","SYP.SALBUTAMOL 4500ML         ",NULL,NULL
"10266 ","SYP.SALBUWOX                  ",NULL,NULL
"10267 ","SYP.SECOLD                    ",NULL,NULL
"10268 ","SYP.SEFBACTUM 50MG DRY        ",NULL,NULL
"10269 ","SYP.SETRIDE GOLD              ",NULL,NULL
"10270 ","SYP.SETRIDE(CETIRIZINE)       ",WXL23003,2025-11-30 00:00:00.000
"10271 ","SYP.SHELLORN                  ",NULL,NULL
"10272 ","SYP.SHERACID MPS              ",NULL,NULL
"10273 ","SYP.SILENT                    ",NULL,NULL
"10274 ","SYP.SIOBAN                    ",DA23107,2025-06-30 00:00:00.000
"10275 ","SYP.SIOBAN PLUS               ",DA23125,2025-07-30 00:00:00.000
"10276 ","SYP.SIOFLOX 30ML              ",NULL,NULL
"10277 ","SYP.SIOFLOX 60ML              ",NULL,NULL
"10278 ","SYP.SIPZYME                   ",NULL,NULL
"10279 ","SYP.SNEEZA                    ",NULL,NULL
"10280 ","SYP.SNEEZA                    ",NULL,NULL
"10281 ","SYP.SNEEZA-P                  ",NULL,NULL
"10282 ","SYP.SNEEZA-P                  ",NULL,NULL
"10283 ","SYP.SNEEZA-P                  ",NULL,NULL
"10284 ","SYP.SNEEZBYE COLD             ",NULL,NULL
"10285 ","SYP.SNEEZBYE PLUS DROPS       ",NULL,NULL
"10286 ","SYP.SNEEZE GO DS              ",NULL,NULL
"10287 ","SYP.SNEH SUDHA                ",NULL,NULL
"10288 ","SYP.SNEH SUDHA                ",NULL,NULL
"10289 ","SYP.SNIZVEL                   ",NULL,NULL
"10290 ","SYP.SNIZVEL                   ",NULL,NULL
"10291 ","SYP.SNIZVEL DROPS             ",NULL,NULL
"10292 ","SYP.SOLVICOLD DS              ",SPS-23E01,2025-04-30 00:00:00.000
"10293 ","SYP.SOLVICOLD DS FORTE        ",SPS-23K02,2025-10-30 00:00:00.000
"10294 ","SYP.SOLVICOLD NF              ",SPS-23C04,2025-02-28 00:00:00.000
"10295 ","SYP.SOMAGO 10ML               ",NULL,NULL
"10296 ","SYP.SPAMINDON DROP            ",NULL,NULL
"10297 ","SYP.SPARATMIN                 ",NULL,NULL
"10298 ","SYP.SPASMOKAY                 ",NULL,NULL
"10299 ","SYP.SPASMONIL DROP            ",NULL,NULL
"10300 ","SYP.SPASMONORM DROPS          ",L4D086,2026-03-31 00:00:00.000
"10301 ","SYP.SPASMOPAR(M+P)            ",LTM-22430,2024-07-30 00:00:00.000
"10302 ","SYP.SPASREX DROPS             ",SPLS-2008,2024-06-30 00:00:00.000
"10303 ","SYP.SPECTORANT                ",23266,2025-09-30 00:00:00.000
"10304 ","SYP.SPECTORANT                ",EL-240301,2026-05-31 00:00:00.000
"10304 ","SYP.SPECTORANT                ",EL-240401,2026-03-31 00:00:00.000
"10304 ","SYP.SPECTORANT                ",EL240201,2026-01-30 00:00:00.000
"10304 ","SYP.SPECTORANT                ",EL240401,2026-03-31 00:00:00.000
"10305 ","SYP.STADGEL MPS MINT          ",NULL,NULL
"10306 ","SYP.STADPLEX-L(B.C)           ",NULL,NULL
"10307 ","SYP.STARMOL                   ",NULL,NULL
"10308 ","SYP.STONOKEM                  ",NULL,NULL
"10309 ","SYP.STOPWORM                  ",2AWL004,2024-10-30 00:00:00.000
"10310 ","SYP.STOPWORM PLUS             ",NULL,NULL
"10311 ","SYP.SUCRACARE O 200ML         ",NULL,NULL
"10312 ","SYP.SUCROVA-O                 ",NULL,NULL
"10313 ","SYP.SUGAR(ROSE)               ",NULL,NULL
"10314 ","SYP.SULPRIM                   ",NULL,NULL
"10315 ","SYP.SULPRIM                   ",NULL,NULL
"10316 ","SYP.SUPERGYL-P                ",NULL,NULL
"10317 ","SYP.SVIZCODIN                 ",NULL,NULL
"10318 ","SYP.SWIGYL                    ",NULL,NULL
"10319 ","SYP.SYREGO PLUS DRY           ",NULL,NULL
"10320 ","SYP.T.M.P+SUL                 ",NULL,NULL
"10321 ","SYP.T.M.P+SULPHA*             ",NULL,NULL
"10322 ","SYP.TADWORM                   ",NULL,NULL
"10323 ","SYP.TADWORM                   ",NULL,NULL
"10324 ","SYP.TAG-KUF                   ",NULL,NULL
"10325 ","SYP.TCHMOX DOUS DS            ",NULL,NULL
"10326 ","SYP.TEMPER                    ",NULL,NULL
"10327 ","SYP.TEMPER(ACETAPAR)          ",NULL,NULL
"10328 ","SYP.THEMIGYL(NORFLOX+METRO)   ",NULL,NULL
"10329 ","SYP.THERMOCOLD DS             ",NULL,NULL
"10330 ","SYP.TISCODRYL-TR              ",NULL,NULL
"10331 ","SYP.TRICOLD PLUS              ",2200983L00,2024-08-30 00:00:00.000
"10332 ","SYP.TRICOLD PLUS              ",2316261L00,2025-10-30 00:00:00.000
"10332 ","SYP.TRICOLD PLUS              ",2316263L05,2025-10-30 00:00:00.000
"10332 ","SYP.TRICOLD PLUS              ",2316264L03,2025-08-30 00:00:00.000
"10333 ","SYP.TRIDYS                    ",NULL,NULL
"10334 ","SYP.TRIPHALA PLUS             ",NULL,NULL
"10335 ","SYP.TROYPOD DRY (CEFPODOXIME) ",NULL,NULL
"10336 ","SYP.TROYQUIN                  ",NULL,NULL
"10337 ","SYP.TRUGLY P                  ",TLP-013,2024-07-30 00:00:00.000
"10338 ","SYP.TRULAX PLUS               ",NULL,NULL
"10339 ","SYP.TUFFEX-AP                 ",NULL,NULL
"10340 ","SYP.TUSPEN                    ",NULL,NULL
"10341 ","SYP.ULTIVIT                   ",NULL,NULL
"10342 ","SYP.UNILAX ORAL               ",TAUAL23004,2025-08-30 00:00:00.000
"10343 ","SYP.UVACEF CV DS              ",TPFD24001,2025-10-30 00:00:00.000
"10344 ","SYP.VANACID(MINT)             ",NULL,NULL
"10345 ","SYP.VASAN NENOPEP DROPS       ",NULL,NULL
"10346 ","SYP.VEECOLD DS                ",NULL,NULL
"10347 ","SYP.VEMOX CLAV DS             ",NULL,NULL
"10348 ","SYP.VEVOPOD 50DS              ",NULL,NULL
"10349 ","SYP.VICODEX-BR                ",NULL,NULL
"10350 ","SYP.VITABEX                   ",NULL,NULL
"10351 ","SYP.VITABEX                   ",NULL,NULL
"10352 ","SYP.VITASIN DROP              ",NULL,NULL
"10353 ","SYP.VITRON                    ",NULL,NULL
"10354 ","SYP.VOMIDONE                  ",NULL,NULL
"10355 ","SYP.VOMIFRENCH DROP           ",NULL,NULL
"10356 ","SYP.VOMIGARD (DOM)            ",NULL,NULL
"10357 ","SYP.VOMIGUARD-1               ",23259,2025-08-30 00:00:00.000
"10357 ","SYP.VOMIGUARD-1               ",24135,2026-04-30 00:00:00.000
"10358 ","SYP.VOMIKILL DROPS            ",NULL,NULL
"10359 ","SYP.VOMINO                    ",2401204L00,2026-02-28 00:00:00.000
"10360 ","SYP.VOMIROS DROPS             ",NULL,NULL
"10361 ","SYP.VOMIS                     ",23263,2025-03-31 00:00:00.000
"10362 ","SYP.VOMIS                     ",NULL,NULL
"10363 ","SYP.VOMITEK                   ",G-L124,2025-09-30 00:00:00.000
"10364 ","SYP.WARCETIZ-L                ",L3F137,2025-05-30 00:00:00.000
"10365 ","SYP.WELPLEX                   ",NULL,NULL
"10366 ","SYP.WILDREX                   ",NULL,NULL
"10367 ","SYP.WILDREX 400ML             ",NULL,NULL
"10368 ","SYP.WILDREX-MR                ",NULL,NULL
"10369 ","SYP.WILGEL MPS                ",NULL,NULL
"10370 ","SYP.WILHIST EXPT.             ",NULL,NULL
"10371 ","SYP.WILHIST-MR                ",NULL,NULL
"10372 ","SYP.WILSOGYL-100              ",NULL,NULL
"10373 ","SYP.WIN-ALKALINE              ",NULL,NULL
"10374 ","SYP.WIN-LAX                   ",NULL,NULL
"10375 ","SYP.WINBEX-FORTE              ",NULL,NULL
"10376 ","SYP.WINCOPENE                 ",NULL,NULL
"10377 ","SYP.WINCOPENE 200ML           ",NULL,NULL
"10378 ","SYP.WINCUF-D                  ",NULL,NULL
"10379 ","SYP.WINDEX-BR                 ",NULL,NULL
"10380 ","SYP.WINDEX-BR                 ",ANE3001DA,2025-01-31 00:00:00.000
"10380 ","SYP.WINDEX-BR                 ",ANE3002DA,2025-08-30 00:00:00.000
"10381 ","SYP.WINDEX-GR                 ",ATD3001CO,2025-01-31 00:00:00.000
"10381 ","SYP.WINDEX-GR                 ",ATD3001CQ,2025-01-31 00:00:00.000
"10382 ","SYP.WINKOFF-AMB               ",NULL,NULL
"10383 ","SYP.WINODYL                   ",NULL,NULL
"10384 ","SYP.WINTIL                    ",NULL,NULL
"10385 ","SYP.WINTIL                    ",NULL,NULL
"10386 ","SYP.WINZYME                   ",NULL,NULL
"10387 ","SYP.WOCOF 60ML                ",NULL,NULL
"10388 ","SYP.WOFLOX                    ",NULL,NULL
"10389 ","SYP.WOFLOX                    ",NULL,NULL
"10390 ","SYP.WOFLOX OZ                 ",NULL,NULL
"10391 ","SYP.WOFLOX OZ                 ",NULL,NULL
"10392 ","SYP.WOGENE-MPS                ",NULL,NULL
"10393 ","SYP.WOLKAZER                  ",NULL,NULL
"10394 ","SYP.WORMAL                    ",2AQL005,2024-04-30 00:00:00.000
"10395 ","SYP.WRILAX 170ML              ",NULL,NULL
"10396 ","SYP.X-KOFF-T                  ",NULL,NULL
"10397 ","SYP.XAHIST                    ",4P03000A,2026-01-31 00:00:00.000
"10398 ","SYP.XAHIST                    ",NULL,NULL
"10399 ","SYP.XERONORM                  ",NULL,NULL
"10400 ","SYP.XINEE                     ",NULL,NULL
"10401 ","SYP.XKOFF-D                   ",NULL,NULL
"10402 ","SYP.XOBRIN ORAL               ",2L03011,2024-09-30 00:00:00.000
"10402 ","SYP.XOBRIN ORAL               ",3L03011,2024-09-30 00:00:00.000
"10403 ","SYP.XTPARA-250                ",O81022UN1,2024-09-30 00:00:00.000
"10404 ","SYP.XZYME DROP                ",NULL,NULL
"10405 ","SYP.Z-GYL                     ",NULL,NULL
"10406 ","SYP.Z-MOL DS                  ",NULL,NULL
"10407 ","SYP.ZANOPAR(OFLOX)            ",NULL,NULL
"10408 ","SYP.ZANOPAR-M(OFLOX+METRO)    ",NULL,NULL
"10409 ","SYP.ZEBRODEX JUNIOR           ",NULL,NULL
"10410 ","SYP.ZEBRODEX-AM               ",NULL,NULL
"10411 ","SYP.ZEEBEND                   ",NULL,NULL
"10412 ","SYP.ZEFIKAY O                 ",NULL,NULL
"10413 ","SYP.ZENCAL                    ",NULL,NULL
"10414 ","SYP.ZENCET                    ",L3L040,2025-11-30 00:00:00.000
"10415 ","SYP.ZENCET-COLD FORTE         ",NULL,NULL
"10416 ","SYP.ZENCOLD DROP              ",ZDD010,2024-06-30 00:00:00.000
"10417 ","SYP.ZENDRIL                   ",NULL,NULL
"10418 ","SYP.ZENLACTIN DROPS           ",NULL,NULL
"10419 ","SYP.ZENOBEX DROPS             ",NULL,NULL
"10420 ","SYP.ZENOTAS                   ",NULL,NULL
"10421 ","SYP.ZENOTAS MZ                ",NULL,NULL
"10422 ","SYP.ZENOTAS OZ                ",NULL,NULL
"10423 ","SYP.ZENTUSS-LS                ",NULL,NULL
"10424 ","SYP.ZENVIT                    ",NULL,NULL
"10425 ","SYP.ZEROCOF AT                ",SP233902,2025-03-31 00:00:00.000
"10426 ","SYP.ZEROCOF LS                ",NULL,NULL
"10427 ","SYP.ZEROKOLD DROP             ",NULL,NULL
"10428 ","SYP.ZEROM                     ",NULL,NULL
"10429 ","SYP.ZERRINORM 400ML           ",NULL,NULL
"10430 ","SYP.ZETOSPAS                  ",NULL,NULL
"10431 ","SYP.ZEX 100ML                 ",NULL,NULL
"10432 ","SYP.ZEX 60ML                  ",NULL,NULL
"10433 ","SYP.ZIB DRY                   ",NULL,NULL
"10434 ","SYP.ZIB DRY                   ",NULL,NULL
"10435 ","SYP.ZIB DRY                   ",NULL,NULL
"10436 ","SYP.ZINCALVIT                 ",NULL,NULL
"10437 ","SYP.ZINCARE 300ML             ",NULL,NULL
"10438 ","SYP.ZINCO-EX                  ",NULL,NULL
"10439 ","SYP.ZINCOCELL                 ",NULL,NULL
"10440 ","SYP.ZINCOHEX                  ",dl-040,2025-08-30 00:00:00.000
"10441 ","SYP.ZINCOMOON                 ",NULL,NULL
"10442 ","SYP.ZINCOMOON DROP            ",NULL,NULL
"10443 ","SYP.ZINCOPRIT DROP            ",NULL,NULL
"10444 ","SYP.ZINCOTOP                  ",NULL,NULL
"10445 ","SYP.ZINCOTOP DROP             ",NULL,NULL
"10446 ","SYP.ZINCOTOP RED              ",NULL,NULL
"10447 ","SYP.ZINKOMIN                  ",NULL,NULL
"10448 ","SYP.ZITHRODOL 200             ",NULL,NULL
"10449 ","SYP.ZOFDIM DRY                ",NULL,NULL
"10450 ","SYP.ZOLBEND PLUS              ",NULL,NULL
"10451 ","SYP.ZOOMOL PLUS               ",NULL,NULL
"10452 ","SYP.ZOYCALVIT                 ",1873,2025-09-30 00:00:00.000
"10453 ","SYP.ZUKA COLD PCF             ",NULL,NULL
"10454 ","SYP.ZUKA-MINIC                ",NULL,NULL
"10455 ","SYP.ZUKACOLD DS               ",ZKDS22019S,2024-11-30 00:00:00.000
"10456 ","SYP.ZYBEND                    ",NULL,NULL
"10457 ","SYP.ZYDRYL TAG                ",NULL,NULL
"10458 ","SYP.ZYKOF JUNIOR              ",NULL,NULL
"10459 ","SYP.ZYKOF-DM                  ",NULL,NULL
"10460 ","SYP.ZYLOMOX CV                ",NULL,NULL
"10461 ","SYP.ZYLOMOX CV 457 DS         ",NULL,NULL
"10462 ","SYP.ZYMCARE                   ",NULL,NULL
"10463 ","SYP.ZYMINESS DROPS            ",NULL,NULL
"10464 ","SYP.ZYMOX 125                 ",NULL,NULL
"10465 ","SYP.ZYMOX CV                  ",NULL,NULL
"10466 ","SYP.ZYMOX-CV WITH WATER       ",NULL,NULL
"10467 ","SYP.ZYNOL MPS                 ",NULL,NULL
"10468 ","SYP.ZYRAX MINT                ",MGMS-005,2024-10-30 00:00:00.000
"10469 ","SYP.ZYRAX-MINT 100ML          ",NGMS-003,2025-03-31 00:00:00.000
"10470 ","SYP.ZYSET DROPS               ",NULL,NULL
"10471 ","T-DOL TAB(TRAMA+PARA)         ",NULL,NULL
"10472 ","T-DOX CAP                     ",NULL,NULL
"10473 ","T.M.P.(DS) TAB                ",NULL,NULL
"10474 ","TAAZA TEA CONTINER            ",NULL,NULL
"10475 ","TABLET CUTTER                 ",.,NULL
"10476 ","TAC-150 MG (30) TAB           ",55-645,2026-01-31 00:00:00.000
"10477 ","TAC-150 TAB                   ",55-541,2025-05-31 00:00:00.000
"10477 ","TAC-150 TAB                   ",55-641,2025-05-30 00:00:00.000
"10477 ","TAC-150 TAB                   ",55-645,2025-11-30 00:00:00.000
"10478 ","TAC-D PLUS TAB                ",NULL,NULL
"10479 ","TAC-D PLUS TAB                ",NULL,NULL
"10480 ","TAC-D TAB                     ",NULL,NULL
"10481 ","TACROLIUS OINT                ",NULL,NULL
"10482 ","TADUDERM CREAM                ",NULL,NULL
"10483 ","TADWORM-400 TAB(ALBEN)        ",NULL,NULL
"10484 ","TAKET-E-JISM POWDER           ",NULL,NULL
"10485 ","TANU-O(NISE)(O) TAB           ",NULL,NULL
"10486 ","TANU-P-(NISE) (O) TAB         ",NULL,NULL
"10487 ","TARIFLOX TAB                  ",NULL,NULL
"10488 ","TEFADROX 125                  ",NULL,NULL
"10489 ","TEFADROX TAB 500MG            ",NULL,NULL
"10490 ","TEFADROX(CEFADROX)250MG TAB   ",NULL,NULL
"10491 ","TEGLIP 20MG TAB               ",NULL,NULL
"10492 ","TELATTACK 40 TAB              ",NULL,NULL
"10493 ","TELATTACK AM TAB              ",NULL,NULL
"10494 ","TELEKAST PLUS                 ",NULL,NULL
"10495 ","TELETOP-40MG TAB              ",NULL,NULL
"10496 ","TELISTAR-AM                   ",NULL,NULL
"10497 ","TELKONOL-40 TAB               ",NULL,NULL
"10498 ","TELMA H TAB                   ",NULL,NULL
"10499 ","TELMAON-H TAB                 ",WTMN322001,2024-10-30 00:00:00.000
"10500 ","TELMAVAC 40                   ",2309122,2025-08-30 00:00:00.000
"10501 ","TELMAVAC AM TAB               ",VDT-23601,2025-06-30 00:00:00.000
"10502 ","TELMAVAC H TAB                ",NULL,NULL
"10503 ","TELMEROS-H TAB                ",NULL,NULL
"10504 ","TELMIAN-40 TAB                ",NULL,NULL
"10505 ","TELMIFRENCH 40MG TAB          ",NULL,NULL
"10506 ","TELMIPHAR-H TAB               ",NULL,NULL
"10507 ","TELMISAFE 40 TAB              ",NULL,NULL
"10508 ","TELMISAFE H TAB               ",549-002,2024-05-31 00:00:00.000
"10509 ","TELMISIGN 40MG TAB            ",86-013,2025-03-31 00:00:00.000
"10510 ","TELMISIGN AM TAB              ",512-005,2024-08-30 00:00:00.000
"10511 ","TELMISIGN-H TAB               ",549-005,2026-08-30 00:00:00.000
"10512 ","TELMIWOCK AM TAB              ",NULL,NULL
"10513 ","TELMIZEN-H40 TAB              ",NULL,NULL
"10514 ","TEMBLOC 40MG TAB              ",NULL,NULL
"10515 ","TEMFIX (PARA)500TAB           ",NULL,NULL
"10516 ","TEMFIX K PLUS TAB             ",NULL,NULL
"10517 ","TEMFIX TR TAB(TRAMA+PARA)     ",NULL,NULL
"10518 ","TEMPER (PARA)500MG.TAB        ",NULL,NULL
"10519 ","TENACID-MF TAB                ",NULL,NULL
"10520 ","TENEVAG M 500 TAB             ",T222739,2025-01-31 00:00:00.000
"10521 ","TENLIPAAM-M 500ER TAB         ",NULL,NULL
"10522 ","TENSULIDE TAB                 ",NULL,NULL
"10523 ","TENSULIDE-P TAB               ",NULL,NULL
"10524 ","TERBI CREAM                   ",NULL,NULL
"10525 ","TERBIBLESS 250 TAB            ",NULL,NULL
"10526 ","TERBICAD OINTMENT             ",NULL,NULL
"10527 ","TERBICAD POWDER               ",NULL,NULL
"10528 ","TERBICARE POWDER              ",NULL,NULL
"10529 ","TERBICELL CREAM               ",NULL,NULL
"10530 ","TERBIFIN POWDER               ",NULL,NULL
"10531 ","TERBIFORD-250 TAB             ",DLT-9665,2025-09-30 00:00:00.000
"10532 ","TERBIFORD-500MG TAB           ",NULL,NULL
"10533 ","TERBIFORT 250 TAB             ",NULL,NULL
"10534 ","TERBINETRA-250                ",NULL,NULL
"10535 ","TERBIRON CREAM                ",NULL,NULL
"10536 ","TERBIRON TAB                  ",NULL,NULL
"10537 ","TERBISURE CREAM               ",NULL,NULL
"10538 ","TERBIWOK 250TAB               ",NULL,NULL
"10539 ","TERBOSIL 250MG TAB            ",NULL,NULL
"10540 ","TERBOSIL CREAM                ",NULL,NULL
"10541 ","TERBOVAG 250                  ",NULL,NULL
"10542 ","TERBOVAG CREAM                ",PH-2302,2025-08-30 00:00:00.000
"10543 ","TERBOVATE CREAM               ",NULL,NULL
"10544 ","TERBRIFRENCH 250 TAB          ",NULL,NULL
"10545 ","TETOMOCLIDE SOAP              ",NULL,NULL
"10546 ","TETRA 250MG CAP               ",NULL,NULL
"10547 ","TETRA.CAP                     ",180,2025-10-30 00:00:00.000
"10547 ","TETRA.CAP                     ",181,2025-12-31 00:00:00.000
"10547 ","TETRA.CAP                     ",184,2026-02-28 00:00:00.000
"10548 ","TETRACYCLINE 250MG CAP        ",NULL,NULL
"10549 ","TETRACYCLINE 250MG.CAP        ",NULL,NULL
"10550 ","TETRACYCLINE CAP              ",NULL,NULL
"10551 ","TETRACYCLINE CAP              ",NULL,NULL
"10552 ","TETRACYCLINE CAP              ",NULL,NULL
"10553 ","TETRACYCLINE CAP              ",NULL,NULL
"10554 ","TETRACYCLINE HYD,.CAP.250MG   ",NULL,NULL
"10555 ","TETRACYCLINE(LB)250MG.CAP     ",NULL,NULL
"10556 ","TETRACYCLINE(PK)250MG.CAP     ",NULL,NULL
"10557 ","TETRACYLINE 250MG CAP         ",NULL,NULL
"10558 ","TETRASUR 250CAP               ",NULL,NULL
"10559 ","THARMOMETER LARGE SAFTY       ",NULL,NULL
"10560 ","THEOMEF-1 TAB                 ",NULL,NULL
"10561 ","THEORAB DSR CAP               ",NULL,NULL
"10562 ","THERMOMETER DIGITAL           ",NULL,NULL
"10563 ","THERMOMETER DIGITAL           ",NULL,NULL
"10564 ","THERMOMETER DIGITAL           ",NULL,NULL
"10565 ","THERMOMETER DIGITAL HICKS     ",NULL,NULL
"10566 ","THERMOMETER FLAT              ",NULL,NULL
"10567 ","THERMOMETER HICKS OVAL        ",NULL,NULL
"10568 ","THERMOMETER MY MIST           ",,NULL
"10569 ","THERMOMETER ROUND             ",NULL,NULL
"10570 ","THERMOMETER ROUND             ",NULL,NULL
"10571 ","THERMOMETER ROUND MCP         ",NULL,NULL
"10572 ","THIOFORD                      ",NULL,NULL
"10573 ","THIOROX-AP                    ",NULL,NULL
"10574 ","THIROK TAB                    ",7193001,2025-02-28 00:00:00.000
"10575 ","THREE DERM PLUS CREAM         ",NULL,NULL
"10576 ","THRONEX 250 TAB               ",GT22013,2024-04-30 00:00:00.000
"10577 ","THRONEX 500 TAB               ",NULL,NULL
"10578 ","THROX (ROXITHRO)150MG TAB     ",NULL,NULL
"10579 ","TINCTURE BENZOIN COMPOUND     ",TB-00,2025-11-30 00:00:00.000
"10579 ","TINCTURE BENZOIN COMPOUND     ",TB-11,2025-11-30 00:00:00.000
"10580 ","TINCTURE IODINE I.P           ",NULL,NULL
"10581 ","TINIDA TAB                    ",NULL,NULL
"10582 ","TINIDAZOLE TAB                ",NULL,NULL
"10583 ","TINIDAZOLE TAB                ",NULL,NULL
"10584 ","TINIDAZOLE TAB                ",NULL,NULL
"10585 ","TINIDAZOLE TAB                ",NULL,NULL
"10586 ","TINIDAZOLE TAB                ",NULL,NULL
"10587 ","TINIDAZOLE TAB                ",NULL,NULL
"10588 ","TINIDAZOLE TAB 300MG          ",TD-118,2026-06-30 00:00:00.000
"10589 ","TINIDAZOLE TAB I.P            ",NULL,NULL
"10590 ","TINOR TAB(NOR+TINI)           ",NULL,NULL
"10591 ","TINTURE IODINE .I.P           ",NULL,NULL
"10592 ","TIQUIN TAB                    ",NULL,NULL
"10593 ","TIROSERA 10MG TAB             ",NULL,NULL
"10594 ","TIZOLA TAB                    ",NULL,NULL
"10595 ","TLS 40 TAB                    ",NULL,NULL
"10596 ","TMP & SALPHA(SEPTRAN)TAB      ",136,2026-01-31 00:00:00.000
"10597 ","TMP & SULPHA (D.S)TAB         ",NULL,NULL
"10598 ","TMP & SULPHA I.P.TAB (DS)     ",NULL,NULL
"10599 ","TMP & SULPHA TAB              ",NULL,NULL
"10600 ","TMP & SULPHA TAB              ",NULL,NULL
"10601 ","TMP & SULPHA TAB              ",NULL,NULL
"10602 ","TMP & SULPHA TAB(SS)          ",NULL,NULL
"10603 ","TMP & SULPHA TAB(SS)          ",NULL,NULL
"10604 ","TOBRA DROPS                   ",HTBO-14,2025-09-30 00:00:00.000
"10605 ","TOCIN LB TAB                  ",NULL,NULL
"10606 ","TOCODERM PLUS CREAM           ",NULL,NULL
"10607 ","TONIKEM GOLD                  ",NULL,NULL
"10608 ","TOP L.P.NEEDLE NO.23          ",NULL,NULL
"10609 ","TOP.L.P.NEEDLE NO.25          ",NULL,NULL
"10610 ","TOPGROW 2%                    ",NULL,NULL
"10611 ","TOPGROW 5%                    ",NULL,NULL
"10612 ","TOPGROW HAIR OIL              ",NULL,NULL
"10613 ","TOPME-XL 25 TAB               ",NULL,NULL
"10614 ","TOPME-XL 50                   ",NULL,NULL
"10615 ","TORBACT OINT                  ",23540,2025-10-30 00:00:00.000
"10616 ","TORLUCON CREAM                ",NULL,NULL
"10617 ","TORMOXIN 125MG KID TAB        ",NULL,NULL
"10618 ","TORMOXIN 500MG CAP            ",NULL,NULL
"10619 ","TORVAFORD GOLD TAB            ",ABCPA013,2026-01-31 00:00:00.000
"10620 ","TORVAFORD-F TAB               ",BRNBTF5078,2025-02-28 00:00:00.000
"10620 ","TORVAFORD-F TAB               ",BRNBTFS078,2025-02-28 00:00:00.000
"10621 ","TOSTY                         ",NULL,NULL
"10622 ","TOUCH NEEDLE NO.24            ",NULL,NULL
"10623 ","TOUNG DIPRESSER               ",NULL,NULL
"10624 ","TOUNICATE BAND                ",NULL,NULL
"10625 ","TOUNIKET BELT                 ",.,NULL
"10626 ","TOURCH                        ",NULL,NULL
"10627 ","TOURNICATE BAND               ",NULL,NULL
"10628 ","TOURNICATE BAND*2             ",.,NULL
"10629 ","TRALAM PLUS TAB               ",NULL,NULL
"10630 ","TRAMADOL HCL TAB              ",NULL,NULL
"10631 ","TRAMAK TAB                    ",NULL,NULL
"10632 ","TRAMEF P TAB                  ",NULL,NULL
"10633 ","TRANAX-1(ALPRA)TAB            ",NULL,NULL
"10634 ","TRANEXAVAG 500 A/A            ",NULL,NULL
"10635 ","TRANZAT PLUS TAB              ",NULL,NULL
"10636 ","TRANZEX PLUS TAB              ",NULL,NULL
"10637 ","TRAVEL TAB (DOM)              ",35-36,2026-10-30 00:00:00.000
"10637 ","TRAVEL TAB (DOM)              ",35-56,2026-10-30 00:00:00.000
"10637 ","TRAVEL TAB (DOM)              ",35-57,2027-01-31 00:00:00.000
"10638 ","TRAVEL TAB(DOM)               ",NULL,NULL
"10639 ","TRESIDINE-20MG TAB            ",NULL,NULL
"10640 ","TRESSFRUITS SPRAY             ",NULL,NULL
"10641 ","TREY 8*3                      ",NULL,NULL
"10642 ","TREY SS 10*8                  ",NULL,NULL
"10643 ","TREY STEEL 8*12""              ",NULL,NULL
"10644 ","TREY STEEL 8*6                ",NULL,NULL
"10645 ","TRIBET-2MG TAB                ",NULL,NULL
"10646 ","TRIFLOX TAB                   ",NULL,NULL
"10647 ","TRIM & SULPH TAB SS-O         ",NULL,NULL
"10648 ","TRIM & SULPHA TAB             ",NULL,NULL
"10649 ","TRIM & SULPHA TAB(D.S)        ",NULL,NULL
"10650 ","TRIM & SULPHA TAB.            ",NULL,NULL
"10651 ","TRIMETHOPRIM & SULPHA TAB     ",130,2025-09-30 00:00:00.000
"10652 ",TRIMETHOPRIM SULPHAMETHOXAZOLE,NULL,NULL
"10653 ","TRINEX TAB                    ",738-15,2026-05-31 00:00:00.000
"10654 ","TRIODERM-P LOTION             ",NULL,NULL
"10655 ","TRIPEN TAB                    ",PP/,2025-12-31 00:00:00.000
"10655 ","TRIPEN TAB                    ",PP/550,2025-10-30 00:00:00.000
"10656 ","TROMOXIN 125MG KID TAB        ",HACC0011,2024-07-30 00:00:00.000
"10657 ","TROSPAS MF TAB                ",NULL,NULL
"10658 ","TROYCON 100 CAP               ",NULL,NULL
"10659 ","TROYDINE 250GM OINT           ",NULL,NULL
"10660 ","TROYDINE 500ML                ",NULL,NULL
"10661 ","TROYDINE CREAM                ",NULL,NULL
"10662 ","TROYDROX 250MG(CEFADROXIL)TAB ",NULL,NULL
"10663 ","TROYPOD*200 TAB(CEFPODOXIME)  ",NULL,NULL
"10664 ","TROYQUIN 250MG TAB            ",NULL,NULL
"10665 ","TRUGUT SN 2-0 4241 76CM       ",A230426,2028-05-31 00:00:00.000
"10665 ","TRUGUT SN 2-0 4241 76CM       ",A230951,2028-05-31 00:00:00.000
"10665 ","TRUGUT SN 2-0 4241 76CM       ",A230961,2028-05-31 00:00:00.000
"10666 ","TRUVEDIC ASWAGANDHA CAP       ",NULL,NULL
"10667 ","TRUVEDIC MUSLI KING CAPS      ",NULL,NULL
"10668 ","TRYODINE 250GM OINT           ",NULL,NULL
"10669 ","TRYPLINE 10                   ",NULL,NULL
"10670 ","TRYPLINE 25                   ",NULL,NULL
"10671 ","TUMCEF 250MG CAP              ",NULL,NULL
"10672 ","TUNING FORK 128HZ,512HZ       ",NULL,NULL
"10673 ","TURBO (NISE+PARA)TAB          ",NULL,NULL
"10674 ","TURDODERM CREAM               ",NULL,NULL
"10675 ","TURPENTINE LENIMENT B.P.      ",NULL,NULL
"10676 ","TURPENTINE LINIMENT           ",NULL,NULL
"10677 ","TURPENTINE LINIMENT B.P       ",NULL,NULL
"10678 ","TUSFORMIN 1MG TAB             ",NULL,NULL
"10679 ","TUSFORMIN 2MG TAB             ",NULL,NULL
"10680 ","TUSFORMIN PLUS TAB            ",NULL,NULL
"10681 ","TWISTED STITCH THREAD 3/0     ",NULL,NULL
"10682 ","U SMILE MOUTH GEL             ",NULL,NULL
"10683 ","U-CARE CU 250                 ",NULL,NULL
"10684 ","U-KARE SLEEK CU 375           ",NULL,NULL
"10685 ","U-MOX 500 CAPS                ",BC-230803-,2025-07-30 00:00:00.000
"10686 ","UBIK Q 10 CAP                 ",NULL,NULL
"10687 ","UBIK Q10 GRANULES             ",UQK01,2024-06-30 00:00:00.000
"10688 ","UKAY B-PLEX S/C TAB           ",NULL,NULL
"10689 ","UKAY-B-PLEX TAB               ",NULL,NULL
"10690 ","ULCERID GEL OINT              ",NULL,NULL
"10691 ","ULCERID TAB                   ",ULD-1015,2025-08-30 00:00:00.000
"10692 ","ULCICARE TAB                  ",NULL,NULL
"10693 ","ULCILONE(MOUTH ULCER)CREAM    ",NULL,NULL
"10694 ","ULCIPRA FORTE CAP             ",240307,2027-02-28 00:00:00.000
"10694 ","ULCIPRA FORTE CAP             ",240557,2026-09-30 00:00:00.000
"10694 ","ULCIPRA FORTE CAP             ",240561,2026-09-30 00:00:00.000
"10694 ","ULCIPRA FORTE CAP             ",OM24001V,2027-01-31 00:00:00.000
"10694 ","ULCIPRA FORTE CAP             ",OM24002V,2027-01-31 00:00:00.000
"10694 ","ULCIPRA FORTE CAP             ",OM24004V,2026-12-31 00:00:00.000
"10694 ","ULCIPRA FORTE CAP             ",OM24005V,2026-12-31 00:00:00.000
"10694 ","ULCIPRA FORTE CAP             ",OM24007V,2027-02-28 00:00:00.000
"10694 ","ULCIPRA FORTE CAP             ",OM24008V,2027-02-28 00:00:00.000
"10694 ","ULCIPRA FORTE CAP             ",OM24012V,2027-04-30 00:00:00.000
"10694 ","ULCIPRA FORTE CAP             ",OM24013V,2027-04-30 00:00:00.000
"10694 ","ULCIPRA FORTE CAP             ",OM24014V,2027-04-30 00:00:00.000
"10694 ","ULCIPRA FORTE CAP             ",OM24015V,2027-04-30 00:00:00.000
"10694 ","ULCIPRA FORTE CAP             ",OM24016V,2027-04-30 00:00:00.000
"10694 ","ULCIPRA FORTE CAP             ",OM24017V,2027-04-30 00:00:00.000
"10695 ","ULCIWOK 10GM                  ",NULL,NULL
"10696 ","ULDOM CAP                     ",240113,2026-04-30 00:00:00.000
"10696 ","ULDOM CAP                     ",2402226,2026-12-31 00:00:00.000
"10696 ","ULDOM CAP                     ",240226,2026-12-31 00:00:00.000
"10697 ","ULDOM TAB                     ",NULL,NULL
"10698 ","ULSMYL GEL                    ",OE2022A,2024-04-30 00:00:00.000
"10699 ","ULTIMO VAPORISER              ",RIYAN,NULL
"10700 ","ULTIMOX 625 DUO TAB           ",NULL,NULL
"10701 ","ULTIQ 20 CAP                  ",NULL,NULL
"10702 ","ULTISENG PLUS CAP             ",NULL,NULL
"10703 ","ULTIVIT CAP                   ",NULL,NULL
"10704 ","ULTRA SOUND GEL               ",NULL,NULL
"10705 ","ULTRACLEAN (CHARCOAL)         ",NULL,NULL
"10706 ","ULTRACLEAN FACE WASH          ",NULL,NULL
"10707 ","ULTRACLEAN HT CREAM           ",NULL,NULL
"10708 ","ULTRASPORT TAB                ",NULL,NULL
"10709 ","UMBRELLA INTAS                ",NULL,NULL
"10710 ","UNDERPAD 4-EVER               ",NULL,NULL
"10711 ","UNDIP TABLETS                 ",NULL,NULL
"10712 ","UNICLOBET GM                  ",NULL,NULL
"10713 ","UNICLOLD-C TAB                ",NULL,NULL
"10714 ","UNICOLD TAB                   ",NULL,NULL
"10715 ","UNICOLD-C TAB                 ",NULL,NULL
"10716 ","UNIDERM-RM CREAM              ",NULL,NULL
"10717 ","UNIDINE OINTMENT              ",NULL,NULL
"10718 ","UNIDINE OINTMENT              ",UTO07,2024-11-30 00:00:00.000
"10719 ","UNIDINE SOLUTION              ",TUL002,2024-07-30 00:00:00.000
"10719 ","UNIDINE SOLUTION              ",TUL030,2024-12-31 00:00:00.000
"10720 ","UNIDINE SOLUTON (S)           ",NULL,NULL
"10721 ","UNIFLOX-200 MG TAB            ",NULL,NULL
"10722 ","UNIGEST(MIFEPRISTONE) TAB     ",NULL,NULL
"10723 ","UNIMEZOL 400MG.TAB            ",NULL,NULL
"10724 ","UNIMOL-C TAB                  ",NULL,NULL
"10725 ","UNIPAR-650 TAB                ",NULL,NULL
"10726 ","UNIPSEUDO TAB                 ",NULL,NULL
"10727 ","UNISPAM(DICY+PARA)            ",NULL,NULL
"10728 ","UNOCEF TAB                    ",UCP23016ES,2025-05-31 00:00:00.000
"10729 ","UNOLOK SYRINGE 3ML            ",NULL,NULL
"10730 ","URIN BAG                      ",NULL,NULL
"10731 ","URIN BAG                      ",NULL,NULL
"10732 ","URIN POT M/T                  ",NULL,NULL
"10733 ","URINE BAG                     ",NULL,NULL
"10734 ","URINE BAG                     ",NULL,NULL
"10735 ","URINE BAG DELUX               ",NULL,NULL
"10736 ","URINE BAG DELUXE              ",NULL,NULL
"10737 ","URINE DRAINAGE BAG            ",NULL,NULL
"10738 ",URO-FLEX (ALL SILICONE FOLEY C,NULL,NULL
"10739 ","UROBAG                        ",NULL,NULL
"10740 ","UROSAC BAG                    ",NULL,NULL
"10741 ","UTTIMO VAPORISER              ",LORDS,NULL
"10742 ","V FEM 20 MG B/B TAB           ",NULL,NULL
"10743 ","V-CEE TAB                     ",NULL,NULL
"10744 ","V-COF TAB                     ",NULL,NULL
"10745 ","V-COF TAB(CAT COF)*           ",NULL,NULL
"10746 ","V-DEXA TAB                    ",NULL,NULL
"10747 ","V-DOX(ANTICOLD)               ",NULL,NULL
"10748 ","V-KARE CAP                    ",NULL,NULL
"10749 ","V-PAX TAB                     ",NULL,NULL
"10750 ","V-STOP MD TAB                 ",NULL,NULL
"10751 ","V-TAC-150 TAB                 ",NULL,NULL
"10752 ","V-ZYME TAB                    ",NULL,NULL
"10753 ","V5 ENERGY POWDER              ",NULL,NULL
"10754 ","VACCUM CLEANER(NOVAKEM)       ",2258U00006,NULL
"10755 ","VACFOL 5MG TAB                ",NULL,NULL
"10756 ","VACFOL TAB (FOLIC ACID)       ",NULL,NULL
"10757 ","VALFEN PLUS GEL               ",NULL,NULL
"10758 ","VANSET TAB                    ",NULL,NULL
"10759 ","VANTAZOLE-DM TAB              ",NULL,NULL
"10760 ","VANTOZOLE-40MG TAB            ",NULL,NULL
"10761 ","VAS-20                        ",NULL,NULL
"10762 ","VEETA-E 400MG SOFTGEL CAP     ",NULL,NULL
"10763 ","VEGLEE 0.2MG TAB              ",NULL,NULL
"10764 ","VEKPREX-0.25(ALPRA)TAB        ",NULL,NULL
"10765 ","VELPAR FORTE TAB              ",NULL,NULL
"10766 ","VEMOX 250MG TAB               ",NULL,NULL
"10767 ","VEMOX-250MG CAP               ",NULL,NULL
"10768 ","VEMOXY-250MG CAP              ",NULL,NULL
"10769 ","VENTRA 250MG TAB              ",NULL,NULL
"10770 ","VENTRA 500MG TAB              ",NULL,NULL
"10771 ","VERONAC PLUS DL               ",NULL,NULL
"10772 ","VERTIFLY-16 TAB               ",VRL301L,2025-11-30 00:00:00.000
"10773 ","VERTIFYL-8                    ",NULL,NULL
"10774 ","VERTIHIST-16 TAB              ",NULL,NULL
"10775 ","VERTIKAM-16 TAB               ",ABTBA047,2025-12-31 00:00:00.000
"10776 ","VERTIKAM-8 TAB                ",DLT-8723,2024-12-31 00:00:00.000
"10776 ","VERTIKAM-8 TAB                ",DLT-9214,2025-05-31 00:00:00.000
"10777 ","VERTIPHAR-16                  ",NULL,NULL
"10778 ","VERTIPHAR-8 TAB               ",NULL,NULL
"10779 ","VERTIPRIDE-16 TAB             ",NULL,NULL
"10780 ","VERTIPRIDE-8 TAB              ",NULL,NULL
"10781 ","VERTIZEN-16                   ",NULL,NULL
"10782 ","VERTIZEN-8                    ",NULL,NULL
"10783 ","VETSENG CAP                   ",NULL,NULL
"10784 ","VEVOPOD 200 DT TR             ",NULL,NULL
"10785 ","VIADOXYM (CEFODROXIME)TAB     ",C2242001,2024-07-30 00:00:00.000
"10786 ","VIBECOR CAP                   ",NULL,NULL
"10787 ","VIBUCIN FORTE TAB             ",NULL,NULL
"10788 ","VIBUCIN KID TAB(IBU+PARA)     ",NULL,NULL
"10789 ","VICRYL 3-0 NW 2328            ",NULL,NULL
"10790 ","VICRYL NO.1 NW 2421           ",NULL,NULL
"10791 ","VICTUS WITH SCOOP SPL         ",NULL,NULL
"10792 ","VIGLIPTIN 50 TAB              ",2301138,2024-12-31 00:00:00.000
"10793 ","VIGORA CONDOM                 ",NULL,NULL
"10794 ","VIGORA SPRAY                  ",NULL,NULL
"10795 ","VIGORA-100MG TAB              ",NULL,NULL
"10796 ","VIGORA-50TAB                  ",NULL,NULL
"10797 ","VIGOXXX 100MG TAB             ",NULL,NULL
"10798 ","VIMOL-650 TAB                 ",3393,2025-06-30 00:00:00.000
"10799 ","VIMPRO POWDER                 ",NULL,NULL
"10800 ","VINARAL Z POWDER              ",NULL,NULL
"10801 ","VINIMOL(PARA KID)TAB          ",NULL,NULL
"10802 ","VINRAL Z NF LIQUID            ",VZ013/23,2024-03-31 00:00:00.000
"10803 ","VINRAL Z TAB                  ",01V-Z24,2025-06-30 00:00:00.000
"10804 ","VINRAL-Z POWDER               ",529,2024-04-30 00:00:00.000
"10805 ","VINTAC TAB                    ",NULL,NULL
"10806 ","VIPALGAN TAB                  ",NULL,NULL
"10807 ","VIRORA 50MG.TAB               ",NULL,NULL
"10808 ","VIS ANKLE BINDER (M)          ",NULL,NULL
"10809 ","VIS ANKLE BINDER(L)           ",NULL,NULL
"10810 ","VIS HEAT PAD(REG)-ROYALE      ",NULL,NULL
"10811 ","VIS KNEE CAP (M)              ",NULL,NULL
"10812 ","VIS L S BELT(L)*              ",NULL,NULL
"10813 ","VIS L S BELT(M)*              ",NULL,NULL
"10814 ","VISCO HEATING PAD             ",NULL,NULL
"10815 ","VISCOZ-PLUS TAB               ",VPD-253,2025-11-30 00:00:00.000
"10816 ","VISN FACE MASK DIP            ",NULL,NULL
"10817 ","VISS COLLAR REG (L)           ",NULL,NULL
"10818 ","VISSCO ABDOMINAL BELT         ",NULL,NULL
"10819 ","VISSCO ANKLATES S/M/L         ",NULL,NULL
"10820 ","VISSCO CERVICAL COLLAR SOFT   ",NULL,NULL
"10821 ","VISSCO CERVICAL COLLER REG    ",NULL,NULL
"10822 ","VISSCO CLAVICLE BRACE(ADULT)  ",NULL,NULL
"10823 ","VISSCO L.S.BELT -70           ",NULL,NULL
"10824 ","VISSCO L.S.BELT S/M/L         ",NULL,NULL
"10825 ","VISSCO L.S.BELT XL-XXL        ",NULL,NULL
"10826 ",VISSCO ORTHO ELEC.HEAT PAD.(R),NULL,NULL
"10827 ",VISSCO ORTHO.HEATING PAD-ROYAL,NULL,NULL
"10828 ","VISSCO THUMB SPICA SPLINT     ",NULL,NULL
"10829 ","VISSCO WALKING STIKC ""L""      ",NULL,NULL
"10830 ","VISSCO WRIST BAND             ",NULL,NULL
"10831 ",VISSCO.ORTHO.ELE.HEAT PAD.V400,.,NULL
"10832 ","VISSCOR KNEE CAP XL           ",NULL,NULL
"10833 ","VISTADROX 250 TAB             ",NULL,NULL
"10834 ","VISTADROX 500(CEFADROXIL)     ",DQ24001,2026-01-31 00:00:00.000
"10835 ","VISULITE PLUS(NISE+PARA)      ",NULL,NULL
"10836 ","VIT-N-VITAL CAP               ",NULL,NULL
"10837 ","VITACHEW-CZ CHEWABLE TAB      ",NULL,NULL
"10838 ","VITACLIDE GOLD CAP            ",NULL,NULL
"10839 ","VITACLIDE SILVER CAP          ",NULL,NULL
"10840 ","VITAL-EX MALT                 ",NULL,NULL
"10841 ","VITAMIN A & D CAP             ",ADB23005,2025-01-31 00:00:00.000
"10842 ","VITAMIN A & D CAPS            ",NULL,NULL
"10843 ","VITAMIN A&D CAP               ",NULL,NULL
"10844 ","VITAMIN B COMPLEX CAP         ",NULL,NULL
"10845 ","VITAMIN B COMPLEX S/C TAB     ",NULL,NULL
"10846 ","VITAMIN B COMPLEX TAB         ",NULL,NULL
"10847 ","VITAMIN B COMPLEX TAB(SQ)     ",NULL,NULL
"10848 ","VITAMIN B-COMPLEX             ",NULL,NULL
"10849 ","VITAMIN B-COMPLEX GR          ",NULL,NULL
"10850 ","VITAMIN B-COMPLEX TAB         ",NULL,NULL
"10851 ","VITAMIN C 50MG TAB            ",ABD23005,2025-01-30 00:00:00.000
"10852 ","VITAMIN C 50MG TAB            ",NULL,NULL
"10853 ","VITAMIN C 50MG TAB            ",NULL,NULL
"10854 ","VITAMIN-C 100MG TAB           ",NULL,NULL
"10855 ","VITAMIN-C TAB 100MG           ",NULL,NULL
"10856 ","VITAMINE C 50MG TAB           ",NULL,NULL
"10857 ","VITAMINE C 50MG TAB           ",NULL,NULL
"10858 ","VITAMINS A & D CAP            ",NULL,NULL
"10859 ","VITAMINS A&D CAP              ",NULL,NULL
"10860 ","VITAMINS A&D CAP(SIP-A-D VIT) ",NULL,NULL
"10861 ","VITAMOON-Z POWDER             ",NULL,NULL
"10862 ","VITANIR-Z POWDER              ",NULL,NULL
"10863 ","VITAPAR (B.C)CAP              ",NULL,NULL
"10864 ","VITAROJ CAP                   ",NULL,NULL
"10865 ","VITAZEN ACTIVE-13G CAP        ",OF24-001,2025-06-30 00:00:00.000
"10866 ","VITAZEN-ACTIVE -5G            ",OF21-003,2025-09-30 00:00:00.000
"10867 ","VITCUS WITH SPOOL(PROPB-PR)   ",BAT,2028-05-31 00:00:00.000
"10868 ","VITROZINE PLUS TAB            ",NULL,NULL
"10869 ","VITROZINE TAB(CETRAZINE 10M)* ",NULL,NULL
"10870 ","VITROZINE(CETRI)10MG TAB      ",NULL,NULL
"10871 ","VITSENG CAP                   ",NULL,NULL
"10872 ","VITUS Z SCOOP                 ",.,2025-05-31 00:00:00.000
"10873 ","VIVEGO TAB                    ",NULL,NULL
"10874 ","VIZAPROT-DHA POWDER           ",NULL,NULL
"10875 ","VIZAPROT-SF (CH)POWDER        ",NULL,NULL
"10876 ","VOFENAC-100MG TAB             ",NULL,NULL
"10877 ","VOFENAC-PR TAB                ",VAP-144,2025-07-30 00:00:00.000
"10878 ","VOGLAN M 0.2 TAB              ",NULL,NULL
"10879 ","VOGLEE 0.2MD TAB              ",NULL,NULL
"10880 ","VOGLEE 0.3 TAB                ",NULL,NULL
"10881 ","VOGLI-M 0.3                   ",NULL,NULL
"10882 ","VOGLIAN 0.3MG TAB             ",NULL,NULL
"10883 ","VOGLIAN GM2 TAB               ",NULL,NULL
"10884 ","VOGLIBOSE 0.3MG TAB           ",NULL,NULL
"10885 ","VOGLIBOSS 0.3 TAB             ",NULL,NULL
"10886 ","VOGLIBOZ-03                   ",NULL,NULL
"10887 ","VOGLIOS-GM 0.2 TAB            ",NULL,NULL
"10888 ","VOGLIQ 0.3 TAB                ",NULL,NULL
"10889 ","VOGLIZ 0.2TAB                 ",NULL,NULL
"10890 ","VOGLIZEN 0.3 MG TAB           ",NULL,NULL
"10891 ","VOKEM 0.3MG TAB               ",NULL,NULL
"10892 ","VOLGLICOR 0.3 TAB             ",NULL,NULL
"10893 ","VOLGLIZEN 0.3G TAB            ",NULL,NULL
"10894 ","VOLIBOSE 0.3MG TAB            ",NULL,NULL
"10895 ","VOLICAD HOT GEL               ",NULL,NULL
"10896 ","VOLICARE 30GM                 ",OQ-23072,2025-10-30 00:00:00.000
"10896 ","VOLICARE 30GM                 ",QO-23072,2025-10-30 00:00:00.000
"10896 ","VOLICARE 30GM                 ",QO-23089,2025-11-30 00:00:00.000
"10897 ","VOLICOR GEL                   ",NULL,NULL
"10898 ","VOLICOR SPRAY                 ",NULL,NULL
"10899 ","VOLIGESIC PLUS GEL            ",NULL,NULL
"10900 ","VOLIGESIC PLUS GEL            ",NULL,NULL
"10901 ","VOLIGESIC SP TAB              ",NULL,NULL
"10902 ","VOLIGESIC SPRAY               ",NULL,NULL
"10903 ","VOLIGESIC-MR TAB              ",NULL,NULL
"10904 ","VOLPHA MD 0.2MG TAB           ",NULL,NULL
"10905 ","VOLWIN GEL                    ",NULL,NULL
"10906 ","VOLY GEL ACTIVE               ",MIE135,2024-08-30 00:00:00.000
"10907 ","VOMICARE TAB 10`              ",NULL,NULL
"10908 ","VOMIDEX-MD 4                  ",NULL,NULL
"10909 ","VOMIOVER MD 4 TAB             ",NULL,NULL
"10910 ","VOMISENSE MD TAB              ",TDP-240240,2025-12-31 00:00:00.000
"10911 ","VOMISHIELD-4 MD TAB           ",NULL,NULL
"10912 ","VOMITIL-5                     ",NULL,NULL
"10913 ","VOMSIS MD TAB                 ",NULL,NULL
"10914 ","VOVILUP GEL                   ",NULL,NULL
"10915 ","VOVILUP GEL                   ",NULL,NULL
"10916 ","VOXAFLO 250(LEOFLOX)          ",NULL,NULL
"10917 ","VSDA WEIGHT SCALE WEIGH       ",NULL,NULL
"10918 ","VYGEX-100                     ",NULL,NULL
"10919 ","VYNCET-L                      ",NULL,NULL
"10920 ","VYROXX CAP                    ",NULL,NULL
"10921 ","VZ PLUS 105GM                 ",NULL,NULL
"10922 ","VZ PLUS 105GM                 ",NULL,NULL
"10923 ","VZ PLUS POWDER                ",NULL,NULL
"10924 ","VZ PLUS POWDER                ",NULL,NULL
"10925 ","W/0 2ML SYRINGE               ",NULL,NULL
"10926 ","W/0 NEEDLE SYRINGE 3ML        ",NULL,NULL
"10927 ","W/O NEEDLE SYRING 3ML         ",NULL,NULL
"10928 ","W/O NEEDLE SYRINGE            ",NULL,NULL
"10929 ","W/O NEEDLE SYRINGE            ",NULL,NULL
"10930 ","W/O NEEDLE SYRINGE 3ML        ",NULL,NULL
"10931 ","W/O NEEDLE SYRINGE SAFTI      ",NULL,NULL
"10932 ","W/O PARAS SYRINGE             ",NULL,NULL
"10933 ","W/O SYRINGE 5ML               ",NULL,NULL
"10934 ","W/O SYRINGE DISCARDIT 5ML     ",NULL,NULL
"10935 ","W/O SYRINGE SAFEWAY           ",NULL,NULL
"10936 ","WARNER AID ELECTRIC HOT WATER ",2022,2025-09-30 00:00:00.000
"10937 ","WARNER AID TRANSPARENT TAPE   ",2110602,2024-05-31 00:00:00.000
"10938 ","WEIGH CHECK-NATIONAL          ",NULL,NULL
"10939 ","WEIGH SCALE-SHARK             ",NULL,NULL
"10940 ","WEIGHT GAINER*STRAWBERY       ",NULL,NULL
"10941 ","WEIGHT SCALE                  ",NULL,NULL
"10942 ","WELMOX CV 625 TAB             ",NULL,NULL
"10943 ","WELMOX-250MG CAP              ",NULL,NULL
"10944 ","WHEAT GRASS JUICE             ",NULL,NULL
"10945 ","WHITE PETROLEUM JELLY         ",NULL,NULL
"10946 ","WHITE PETROLEUM JELLY I.      ",NULL,NULL
"10947 ","WHITE PETROLEUM JELLY I.P     ",NULL,NULL
"10948 ","WHITE PETROLEUM JELLY I.P     ",NULL,NULL
"10949 ","WIDOM(DOM)TAB                 ",NULL,NULL
"10950 ","WILSODINE 250(POVIDINE025)    ",NULL,NULL
"10951 ","WILSODINE 5% LIQ              ",NULL,NULL
"10952 ","WIN ITRACONAZOLE 100          ",NULL,NULL
"10953 ","WIN-PVDINE                    ",NULL,NULL
"10954 ","WIN-SOFRA OINT                ",NULL,NULL
"10955 ","WINAGRA-50(RED)TAB            ",NULL,NULL
"10956 ","WINCID CAP                    ",NULL,NULL
"10957 ","WINCOPENE CAP 10              ",NULL,NULL
"10958 ","WINCOPENE PLUS                ",NULL,NULL
"10959 ","WINDEX-Q TAB                  ",NULL,NULL
"10960 ","WINFILIN TAB                  ",NULL,NULL
"10961 ","WINFILIN(ETO+THEO)            ",NULL,NULL
"10962 ","WINFILLIN TAB                 ",3AW3006B,2026-09-30 00:00:00.000
"10963 ","WINFILLIN TAB                 ",NULL,NULL
"10964 ","WINGRA 100MG TAB              ",NULL,NULL
"10965 ","WINLYTE ORS                   ",NULL,NULL
"10966 ","WINLYTE ORS POWDER            ",NULL,NULL
"10967 ","WINLYTE(ORS)                  ",AD3028,2026-02-28 00:00:00.000
"10968 ","WINODERM 10 10GM              ",AWA2001,2024-10-30 00:00:00.000
"10969 ","WINODERM 10GM                 ",NULL,NULL
"10970 ","WINODERM 10GM                 ",NULL,NULL
"10971 ","WINODERM 5 5GM                ",NULL,NULL
"10972 ","WINODERM 5GM                  ",NULL,NULL
"10973 ","WINODINE (POVIDONE)OINTMENT   ",NULL,NULL
"10974 ","WINODINE OINTMENT             ",NULL,NULL
"10975 ","WINODINE OINTMENT             ",NULL,NULL
"10976 ","WINODINE OINTMENT             ",NULL,NULL
"10977 ","WINODINE OINTMENT 15GM        ",NULL,NULL
"10978 ","WINODINE OINTMENT*            ",NULL,NULL
"10979 ","WINPLUG TAB                   ",NULL,NULL
"10980 ","WINTIL-400MG.TAB              ",NULL,NULL
"10981 ","WINZIP 250MG TAB              ",NULL,NULL
"10982 ","WINZIP 500 TAB                ",NULL,NULL
"10983 ","WINZIP 500MG TAB              ",NULL,NULL
"10984 ","WINZOX TABLETS                ",NULL,NULL
"10985 ","WIPAAR TAB                    ",NULL,NULL
"10986 ","WO SPIRIT (100ML)             ",NULL,NULL
"10987 ","WO-SPIRT                      ",0590424,2026-03-31 00:00:00.000
"10987 ","WO-SPIRT                      ",2270923,2025-08-30 00:00:00.000
"10988 ","WOAZICIN 250 TAB              ",NULL,NULL
"10989 ","WOAZICIN 500 TAB              ",NULL,NULL
"10990 ","WOCAINE 2% 30MG.OINT.         ",NULL,NULL
"10991 ","WOCIPFLO 500MG TAB            ",NULL,NULL
"10992 ","WOCIPFLO-250                  ",NULL,NULL
"10993 ","WOCLOX D CAP                  ",NULL,NULL
"10994 ","WOCLOX D CAP                  ",NULL,NULL
"10995 ","WOCLOX-D(AMOX+DICLOXA) CAP    ",NULL,NULL
"10996 ","WOFER XT TAB                  ",NULL,NULL
"10997 ","WOFLOX 200 TAB                ",NULL,NULL
"10998 ","WOFLOX 200MG TAB              ",NULL,NULL
"10999 ","WOFLOX 200MG TAB              ",NULL,NULL
"11000 ","WOFLOX 200MG TAB              ",NULL,NULL
"11001 ","WOFLOX 200MG TAB              ",NULL,NULL
"11002 ","WOFLOX OZ TAB                 ",WPE23014,2025-01-31 00:00:00.000
"11003 ","WOFLOX OZ TAB                 ",NULL,NULL
"11004 ","WOFOL-Z CAP                   ",NULL,NULL
"11005 ","WOFOLIC 10 TAB                ",NULL,NULL
"11006 ","WOGEN GEL                     ",NULL,NULL
"11007 ","WOLON LIQUID                  ",NULL,NULL
"11008 ","WOLON LIQUID                  ",NULL,NULL
"11009 ","WOMOX 250DT TAB               ",NULL,NULL
"11010 ","WOMOX 500MG CAP               ",NULL,NULL
"11011 ","WOMOXY D CAP                  ",NULL,NULL
"11012 ","WOODEN TOUNGE DEPRESSOR       ",NULL,NULL
"11013 ","WOODN BOX                     ",NULL,NULL
"11014 ","WORMDON PLUS TAB              ",NULL,NULL
"11015 ","WORMSTOP PLUS TAN             ",NULL,NULL
"11016 ","WOVEN FAB.OF COTTON 2""        ",NULL,NULL
"11017 ","WOVEN FAB.OF COTTON 3""        ",NULL,NULL
"11018 ","WOVEN FAB.OF COTTON 4""        ",NULL,NULL
"11019 ","WOZOLE TAB                    ",NULL,NULL
"11020 ","WWF BODYGROW POWDER           ",NULL,NULL
"11021 ","X LON LIQUID                  ",NULL,NULL
"11022 ","X-FRESH MOUTH WASH            ",NULL,NULL
"11023 ","X-RAY VIEW BOX (SINGLE TUBE)  ",NULL,NULL
"11024 ","X-VITAL CAP                   ",NULL,NULL
"11025 ","X-WORM PLUS TAB               ",NULL,NULL
"11026 ","X-WORM TAB                    ",NULL,NULL
"11027 ","XEROMOL 200 SR TAB            ",NULL,NULL
"11028 ","XEROWORM TAB(ALBENDAZOLE)     ",NULL,NULL
"11029 ","XIMECEFF-O 200 TAB            ",NULL,NULL
"11030 ","XINOCLAV 625 TAB              ",NULL,NULL
"11031 ","XONEZ-200 TAB                 ",PZL2307402,2025-06-30 00:00:00.000
"11031 ","XONEZ-200 TAB                 ",PZL231027,2025-09-30 00:00:00.000
"11032 ","XTER-G TAB                    ",NULL,NULL
"11033 ","XTRAPLEX TAB                  ",NULL,NULL
"11034 ","XYLOCARE NASAL SPRAY          ",NULL,NULL
"11035 ","XYLOFRENCH 2% JELLY(GN OINT)  ",NULL,NULL
"11036 ","XYTROVAC SPRAY                ",NULL,NULL
"11037 ","XZOLIN NASAL DROPS            ",NULL,NULL
"11038 ","XZOLIN NASAL SPRAY            ",NULL,NULL
"11039 ","Y SALBRO TAB                  ",NULL,NULL
"11040 ","Y-BRUMOL (I+P)                ",NULL,NULL
"11041 ","Y-CET                         ",NULL,NULL
"11042 ","Y-CYPRO                       ",NULL,NULL
"11043 ","Y-FAM 20MG TAB                ",NULL,NULL
"11044 ","Y-FAM 40MG TAB                ",NULL,NULL
"11045 ","Y-FLOX 200MG TAB              ",NULL,NULL
"11046 ","Y-FURADAONE TAB               ",NULL,NULL
"11047 ","Y-LOPRA TAB                   ",NULL,NULL
"11048 ","Y-NIMESULIDE TAB              ",NULL,NULL
"11049 ","Y-PLEX CAP(G)                 ",NULL,NULL
"11050 ","Y-PREDNI TAB                  ",NULL,NULL
"11051 ","Y-SOLIDE(NIMU)TAB             ",NULL,NULL
"11052 ","Y-TETRA 250MG CAP             ",NULL,NULL
"11053 ","Z BEX SG CAP                  ",NULL,NULL
"11054 ","Z-BACT (MUPIROCIN)OINTMENT    ",NULL,NULL
"11055 ","Z-NOX ORD TAB                 ",PZL-230734,2025-06-30 00:00:00.000
"11056 ","ZAMZAM (PVC BOOTTLE)          ",NULL,NULL
"11057 ","ZAMZAM (PVC BOTTAL)25ML       ",NULL,NULL
"11058 ","ZANOTAB-200 TAB               ",NULL,NULL
"11059 ","ZARBOSE 0.2                   ",NULL,NULL
"11060 ","ZARBOSE-M 0.2 TAB             ",NULL,NULL
"11061 ","ZARBOSE-M 0.3 TAB             ",NULL,NULL
"11062 ","ZAWAHI TAB                    ",NULL,NULL
"11063 ","ZEB FIT SMRT FIT BRAND        ",**,NULL
"11064 ","ZECET (CETRIZINE)TAB          ",AT-23290,2025-08-30 00:00:00.000
"11064 ","ZECET (CETRIZINE)TAB          ",AT-24010,2025-12-31 00:00:00.000
"11064 ","ZECET (CETRIZINE)TAB          ",AT-2410,2025-12-31 00:00:00.000
"11065 ","ZEEBEE-400(ALBENDAZOLE)       ",NULL,NULL
"11066 ","ZEFIKAY 200MG TAB             ",NULL,NULL
"11067 ","ZEFIKAY-CV 200MG TAB          ",NULL,NULL
"11068 ","ZEFIX 200LB TAB               ",NULL,NULL
"11069 ","ZELON LIQ                     ",NULL,NULL
"11070 ","ZELON LIQ.                    ",NULL,NULL
"11071 ","ZELON LIQUID                  ",NULL,NULL
"11072 ","ZEN`S A&D CAP                 ",NULL,NULL
"11073 ","ZENCIT TAB                    ",NULL,NULL
"11074 ","ZENDINE CREAM                 ",NULL,NULL
"11075 ","ZENDINE-M CREAM               ",NULL,NULL
"11076 ","ZENLET-150 TAB                ",NULL,NULL
"11077 ","ZENMOX-250DT TAB              ",PZL230132,2024-12-31 00:00:00.000
"11078 ","ZENORICH                      ",NULL,NULL
"11079 ","ZENOSPORIN OINT               ",NULL,NULL
"11080 ","ZENOTAC 150MG TAB             ",NULL,NULL
"11081 ","ZENOTAS TAB                   ",NULL,NULL
"11082 ","ZENOVIT                       ",NULL,NULL
"11083 ","ZENOVIT CAP                   ",NULL,NULL
"11084 ","ZENRIL TAB(APC)               ",NULL,NULL
"11085 ","ZENRIL TAB(LVP)               ",NULL,NULL
"11086 ","ZENSOLIN D3 60K CAP           ",NULL,NULL
"11087 ","ZENTHRIN LOTION               ",NULL,NULL
"11088 ","ZENTHRIN SOAP                 ",NULL,NULL
"11089 ","ZEROFEN P TAB                 ",NULL,NULL
"11090 ","ZEROM TAB                     ",NULL,NULL
"11091 ","ZEST VIT 9G CAP               ",CPN2401130,2025-12-31 00:00:00.000
"11092 ","ZETUM 250MG TAB               ",NULL,NULL
"11093 ","ZEVITEX(B.C)CAP               ",NULL,NULL
"11094 ","ZIB 100MG TAB                 ",NULL,NULL
"11095 ","ZIB-100 TAB                   ",NULL,NULL
"11096 ","ZIB-100MG.TAB                 ",NULL,NULL
"11097 ","ZIB-200 TAB                   ",AQQ3008CN,2025-11-30 00:00:00.000
"11098 ","ZIB-200(CEFIXIME TAB)         ",NULL,NULL
"11099 ","ZIB-200MG TAB                 ",NULL,NULL
"11100 ","ZIB-CLV TAB                   ",NULL,NULL
"11101 ","ZIB-OFLO TAB                  ",NULL,NULL
"11102 ","ZIB-OFLO TAB                  ",NULL,NULL
"11103 ","ZIBU-200MG.TAB                ",NULL,NULL
"11104 ","ZIFINOVA-100MG TAB            ",NULL,NULL
"11105 ","ZIM 200MG TAB                 ",NULL,NULL
"11106 ","ZINCO POWER                   ",NULL,NULL
"11107 ","ZINCO POWER MALT              ",NULL,NULL
"11108 ","ZINCOMOON TAB                 ",EHR-287,2024-11-30 00:00:00.000
"11109 ","ZINCOTOP TAB                  ",NULL,NULL
"11110 ","ZINCOTOP XT TAB               ",NULL,NULL
"11111 ","ZINCOTOP-NUERO CAP            ",NULL,NULL
"11112 ","ZINDERVIT-I TAB               ",NULL,NULL
"11113 ","ZINETAC TAB 150MG.            ",NULL,NULL
"11114 ","ZINETAC(RANITIDINE)150MG.TAB  ",NULL,NULL
"11115 ","ZINK OXIDE I.P                ",NULL,NULL
"11116 ","ZINZAMINT (SODA)TAB           ",NULL,NULL
"11117 ","ZITEK-250MG (AZI)TAB          ",NULL,NULL
"11118 ","ZITHROKEM 250 TAB             ",NULL,NULL
"11119 ","ZITHROKEM 500 TAB             ",23440239,2025-12-31 00:00:00.000
"11120 ","ZITHROLECT 500 TAB            ",NULL,NULL
"11121 ","ZOFDIM CV TAB                 ",NULL,NULL
"11122 ","ZOFDIM-200                    ",NULL,NULL
"11123 ","ZOLE TAB (FURA)               ",NULL,NULL
"11124 ","ZOLOID 0.25MG TAB             ",NULL,NULL
"11125 ","ZOLOID 0.5MG TAB              ",NULL,NULL
"11126 ","ZONAC PLUS TAB                ",NULL,NULL
"11127 ","ZOP TAB                       ",330-121,2026-11-30 00:00:00.000
"11127 ","ZOP TAB                       ",330-123,2026-09-30 00:00:00.000
"11127 ","ZOP TAB                       ",330-21,2026-11-30 00:00:00.000
"11128 ","ZOP TAB STRIP                 ",330-120,2026-11-30 00:00:00.000
"11128 ","ZOP TAB STRIP                 ",918-63,2026-11-30 00:00:00.000
"11129 ","ZOPISIGN 10MG TAB             ",918-63,2026-11-30 00:00:00.000
"11130 ","ZOPISIGN 10MG TAB             ",161801,2026-12-31 00:00:00.000
"11131 ","ZOVIROX 800MG TABS            ",NULL,NULL
"11132 ","ZOYCALVIT CAP                 ",NULL,NULL
"11133 ","ZULFCARE TAB                  ",NULL,NULL
"11134 ","ZUNESTAR 2MG TAB              ",NULL,NULL
"11135 ","ZURACEF 200 TAB               ",NULL,NULL
"11136 ","ZUVENDINE OZ OINTMENT         ",NULL,NULL
"11137 ","ZYBEND-400 TAB                ",NULL,NULL
"11138 ","ZYDUS OMEGA FATTY ACID CAP    ",NULL,NULL
"11139 ","ZYFOLIC TAB(FOILIC ACID)      ",NULL,NULL
"11140 ","ZYLOMOX 250DT TAB             ",B78-017,2026-01-31 00:00:00.000
"11140 ","ZYLOMOX 250DT TAB             ",B78-817,2026-01-31 00:00:00.000
"11141 ","ZYLOMOX CV 625MG              ",NULL,NULL
"11142 ","ZYLOMOX CV-625 TAB            ",B075051,2026-03-31 00:00:00.000
"11143 ","ZYLOMOX-250 CAP               ",NULL,NULL
"11144 ","ZYLOMOX-250MG CAP             ",NULL,NULL
"11145 ","ZYLOMOX-CV 375 MG TAB         ",B92-009,2025-08-30 00:00:00.000
"11145 ","ZYLOMOX-CV 375 MG TAB         ",B92-10,2026-02-28 00:00:00.000
"11146 ","ZYLOMOX-KID 125MG             ",NULL,NULL
"11147 ","ZYMINT TAB                    ",NULL,NULL
"11148 ","ZYMOX 250                     ",NYXC-007,2025-10-30 00:00:00.000
"11148 ","ZYMOX 250                     ",NZMC 003,2025-02-28 00:00:00.000
"11148 ","ZYMOX 250                     ",NZMC-007,2025-10-30 00:00:00.000
"11148 ","ZYMOX 250                     ",OZMC-001,2026-01-31 00:00:00.000
"11148 ","ZYMOX 250                     ",ZYXC-006,2025-08-30 00:00:00.000
"11149 ","ZYMOX 250  CAP                ",NULL,NULL
"11150 ","ZYMOX CV 625                  ",NULL,NULL
"11151 ","ZYMOX-500 MG CAP              ",NULL,NULL
"11152 ","ZYNOL 150 TAB                 ",ZNLY0269,2024-12-31 00:00:00.000
"11152 ","ZYNOL 150 TAB                 ",ZNLY0270,2025-01-31 00:00:00.000
"11153 ","ZYRAB-LS TAB                  ",NULL,NULL
"11154 ","ZYVOLID 600MG TAB             ",NULL,NULL
